2026-03-09T07:08:12.151582Z  INFO tailwindcss_oxide::scanner: Provided sources:
2026-03-09T07:08:12.152730Z  INFO tailwindcss_oxide::scanner: Source: PublicSourceEntry { base: "C:\\Users\\user1\\Documents\\GitHub\\tcl-1.0", pattern: "**/*", negated: false }
2026-03-09T07:08:12.154743Z  INFO tailwindcss_oxide::scanner: Optimized sources:
2026-03-09T07:08:12.154826Z  INFO tailwindcss_oxide::scanner: Source: Auto { base: "C:\\Users\\user1\\Documents\\GitHub\\tcl-1.0" }
2026-03-09T07:08:12.168813Z  INFO scan_sources: tailwindcss_oxide::scanner: enter
2026-03-09T07:08:12.176557Z  INFO scan_sources: tailwindcss_oxide::scanner: Discovering "C:\\Users\\user1\\Documents\\GitHub\\tcl-1.0\\.github"
2026-03-09T07:08:12.178355Z  INFO scan_sources: tailwindcss_oxide::scanner: Discovering "C:\\Users\\user1\\Documents\\GitHub\\tcl-1.0\\.github\\CODEOWNERS"
2026-03-09T07:08:12.178984Z  INFO scan_sources: tailwindcss_oxide::scanner: Discovering "C:\\Users\\user1\\Documents\\GitHub\\tcl-1.0\\.github\\workflows"
2026-03-09T07:08:12.179657Z  INFO scan_sources: tailwindcss_oxide::scanner: Discovering "C:\\Users\\user1\\Documents\\GitHub\\tcl-1.0\\.github\\workflows\\ci.yml"
2026-03-09T07:08:12.180366Z  INFO scan_sources: tailwindcss_oxide::scanner: Discovering "C:\\Users\\user1\\Documents\\GitHub\\tcl-1.0\\.github\\workflows\\enforce-merge-chain.yml"
2026-03-09T07:08:12.181417Z  INFO scan_sources: tailwindcss_oxide::scanner: Discovering "C:\\Users\\user1\\Documents\\GitHub\\tcl-1.0\\dashboard_log.txt"
2026-03-09T07:08:12.181646Z  INFO scan_sources: tailwindcss_oxide::scanner: Discovering "C:\\Users\\user1\\Documents\\GitHub\\tcl-1.0\\diff.txt"
2026-03-09T07:08:12.182044Z  INFO scan_sources: tailwindcss_oxide::scanner: Discovering "C:\\Users\\user1\\Documents\\GitHub\\tcl-1.0\\drizzle"
2026-03-09T07:08:12.182626Z  INFO scan_sources: tailwindcss_oxide::scanner: Discovering "C:\\Users\\user1\\Documents\\GitHub\\tcl-1.0\\drizzle\\0000_fine_kang.sql"
2026-03-09T07:08:12.183090Z  INFO scan_sources: tailwindcss_oxide::scanner: Discovering "C:\\Users\\user1\\Documents\\GitHub\\tcl-1.0\\drizzle\\meta"
2026-03-09T07:08:12.183751Z  INFO scan_sources: tailwindcss_oxide::scanner: Discovering "C:\\Users\\user1\\Documents\\GitHub\\tcl-1.0\\drizzle\\meta\\0000_snapshot.json"
2026-03-09T07:08:12.184135Z  INFO scan_sources: tailwindcss_oxide::scanner: Discovering "C:\\Users\\user1\\Documents\\GitHub\\tcl-1.0\\drizzle\\meta\\_journal.json"
2026-03-09T07:08:12.184647Z  INFO scan_sources: tailwindcss_oxide::scanner: Discovering "C:\\Users\\user1\\Documents\\GitHub\\tcl-1.0\\drizzle.config.ts"
2026-03-09T07:08:12.184868Z  INFO scan_sources: tailwindcss_oxide::scanner: Discovering "C:\\Users\\user1\\Documents\\GitHub\\tcl-1.0\\drop_tables.js"
2026-03-09T07:08:12.185095Z  INFO scan_sources: tailwindcss_oxide::scanner: Discovering "C:\\Users\\user1\\Documents\\GitHub\\tcl-1.0\\Employer-dashboard-application.pen"
2026-03-09T07:08:12.185352Z  INFO scan_sources: tailwindcss_oxide::scanner: Discovering "C:\\Users\\user1\\Documents\\GitHub\\tcl-1.0\\eslint.config.mjs"
2026-03-09T07:08:12.185563Z  INFO scan_sources: tailwindcss_oxide::scanner: Discovering "C:\\Users\\user1\\Documents\\GitHub\\tcl-1.0\\fix-db-profile.ts"
2026-03-09T07:08:12.185780Z  INFO scan_sources: tailwindcss_oxide::scanner: Discovering "C:\\Users\\user1\\Documents\\GitHub\\tcl-1.0\\fix-db.ts"
2026-03-09T07:08:12.186111Z  INFO scan_sources: tailwindcss_oxide::scanner: Discovering "C:\\Users\\user1\\Documents\\GitHub\\tcl-1.0\\next.config.ts"
2026-03-09T07:08:12.186957Z  INFO scan_sources: tailwindcss_oxide::scanner: Discovering "C:\\Users\\user1\\Documents\\GitHub\\tcl-1.0\\package.json"
2026-03-09T07:08:12.187223Z  INFO scan_sources: tailwindcss_oxide::scanner: Discovering "C:\\Users\\user1\\Documents\\GitHub\\tcl-1.0\\postcss.config.mjs"
2026-03-09T07:08:12.187609Z  INFO scan_sources: tailwindcss_oxide::scanner: Discovering "C:\\Users\\user1\\Documents\\GitHub\\tcl-1.0\\public"
2026-03-09T07:08:12.188252Z  INFO scan_sources: tailwindcss_oxide::scanner: Discovering "C:\\Users\\user1\\Documents\\GitHub\\tcl-1.0\\public\\favicon.svg"
2026-03-09T07:08:12.188992Z  INFO scan_sources: tailwindcss_oxide::scanner: Discovering "C:\\Users\\user1\\Documents\\GitHub\\tcl-1.0\\public\\file.svg"
2026-03-09T07:08:12.189252Z  INFO scan_sources: tailwindcss_oxide::scanner: Discovering "C:\\Users\\user1\\Documents\\GitHub\\tcl-1.0\\public\\globe.svg"
2026-03-09T07:08:12.189703Z  INFO scan_sources: tailwindcss_oxide::scanner: Discovering "C:\\Users\\user1\\Documents\\GitHub\\tcl-1.0\\public\\home_trusted_Logo"
2026-03-09T07:08:12.190753Z  INFO scan_sources: tailwindcss_oxide::scanner: Discovering "C:\\Users\\user1\\Documents\\GitHub\\tcl-1.0\\public\\images"
2026-03-09T07:08:12.195215Z  INFO scan_sources: tailwindcss_oxide::scanner: Discovering "C:\\Users\\user1\\Documents\\GitHub\\tcl-1.0\\public\\images\\employers"
2026-03-09T07:08:12.196855Z  INFO scan_sources: tailwindcss_oxide::scanner: Discovering "C:\\Users\\user1\\Documents\\GitHub\\tcl-1.0\\public\\images\\employers\\tools"
2026-03-09T07:08:12.197641Z  INFO scan_sources: tailwindcss_oxide::scanner: Discovering "C:\\Users\\user1\\Documents\\GitHub\\tcl-1.0\\public\\next.svg"
2026-03-09T07:08:12.199498Z  INFO scan_sources: tailwindcss_oxide::scanner: Discovering "C:\\Users\\user1\\Documents\\GitHub\\tcl-1.0\\public\\vercel.svg"
2026-03-09T07:08:12.201135Z  INFO scan_sources: tailwindcss_oxide::scanner: Discovering "C:\\Users\\user1\\Documents\\GitHub\\tcl-1.0\\public\\window.svg"
2026-03-09T07:08:12.201649Z  INFO scan_sources: tailwindcss_oxide::scanner: Discovering "C:\\Users\\user1\\Documents\\GitHub\\tcl-1.0\\README.md"
2026-03-09T07:08:12.202051Z  INFO scan_sources: tailwindcss_oxide::scanner: Discovering "C:\\Users\\user1\\Documents\\GitHub\\tcl-1.0\\src"
2026-03-09T07:08:12.202796Z  INFO scan_sources: tailwindcss_oxide::scanner: Discovering "C:\\Users\\user1\\Documents\\GitHub\\tcl-1.0\\src\\actions"
2026-03-09T07:08:12.203363Z  INFO scan_sources: tailwindcss_oxide::scanner: Discovering "C:\\Users\\user1\\Documents\\GitHub\\tcl-1.0\\src\\actions\\auth.actions.ts"
2026-03-09T07:08:12.203563Z  INFO scan_sources: tailwindcss_oxide::scanner: Discovering "C:\\Users\\user1\\Documents\\GitHub\\tcl-1.0\\src\\actions\\employer.actions.ts"
2026-03-09T07:08:12.203796Z  INFO scan_sources: tailwindcss_oxide::scanner: Discovering "C:\\Users\\user1\\Documents\\GitHub\\tcl-1.0\\src\\actions\\job.actions.ts"
2026-03-09T07:08:12.204163Z  INFO scan_sources: tailwindcss_oxide::scanner: Discovering "C:\\Users\\user1\\Documents\\GitHub\\tcl-1.0\\src\\actions\\onboarding.actions.ts"
2026-03-09T07:08:12.204931Z  INFO scan_sources: tailwindcss_oxide::scanner: Discovering "C:\\Users\\user1\\Documents\\GitHub\\tcl-1.0\\src\\app"
2026-03-09T07:08:12.206410Z  INFO scan_sources: tailwindcss_oxide::scanner: Discovering "C:\\Users\\user1\\Documents\\GitHub\\tcl-1.0\\src\\app\\(employer-dashboard)"
2026-03-09T07:08:12.207317Z  INFO scan_sources: tailwindcss_oxide::scanner: Discovering "C:\\Users\\user1\\Documents\\GitHub\\tcl-1.0\\src\\app\\(employer-dashboard)\\employer-applications"
2026-03-09T07:08:12.210098Z  INFO scan_sources: tailwindcss_oxide::scanner: Discovering "C:\\Users\\user1\\Documents\\GitHub\\tcl-1.0\\src\\app\\(employer-dashboard)\\employer-applications\\page.tsx"
2026-03-09T07:08:12.211044Z  INFO scan_sources: tailwindcss_oxide::scanner: Discovering "C:\\Users\\user1\\Documents\\GitHub\\tcl-1.0\\src\\app\\(employer-dashboard)\\employer-dashboard"
2026-03-09T07:08:12.211557Z  INFO scan_sources: tailwindcss_oxide::scanner: Discovering "C:\\Users\\user1\\Documents\\GitHub\\tcl-1.0\\src\\app\\(employer-dashboard)\\employer-dashboard\\page.tsx"
2026-03-09T07:08:12.211992Z  INFO scan_sources: tailwindcss_oxide::scanner: Discovering "C:\\Users\\user1\\Documents\\GitHub\\tcl-1.0\\src\\app\\(employer-dashboard)\\employer-dashboard\\post-job"
2026-03-09T07:08:12.212577Z  INFO scan_sources: tailwindcss_oxide::scanner: Discovering "C:\\Users\\user1\\Documents\\GitHub\\tcl-1.0\\src\\app\\(employer-dashboard)\\employer-dashboard\\post-job\\page.tsx"
2026-03-09T07:08:12.213124Z  INFO scan_sources: tailwindcss_oxide::scanner: Discovering "C:\\Users\\user1\\Documents\\GitHub\\tcl-1.0\\src\\app\\(employer-dashboard)\\job-postings"
2026-03-09T07:08:12.213668Z  INFO scan_sources: tailwindcss_oxide::scanner: Discovering "C:\\Users\\user1\\Documents\\GitHub\\tcl-1.0\\src\\app\\(employer-dashboard)\\job-postings\\page.tsx"
2026-03-09T07:08:12.214723Z  INFO scan_sources: tailwindcss_oxide::scanner: Discovering "C:\\Users\\user1\\Documents\\GitHub\\tcl-1.0\\src\\app\\(employer-dashboard)\\layout.tsx"
2026-03-09T07:08:12.215459Z  INFO scan_sources: tailwindcss_oxide::scanner: Discovering "C:\\Users\\user1\\Documents\\GitHub\\tcl-1.0\\src\\app\\api"
2026-03-09T07:08:12.216387Z  INFO scan_sources: tailwindcss_oxide::scanner: Discovering "C:\\Users\\user1\\Documents\\GitHub\\tcl-1.0\\src\\app\\api\\auth"
2026-03-09T07:08:12.217260Z  INFO scan_sources: tailwindcss_oxide::scanner: Discovering "C:\\Users\\user1\\Documents\\GitHub\\tcl-1.0\\src\\app\\api\\auth\\forgot-password"
2026-03-09T07:08:12.217746Z  INFO scan_sources: tailwindcss_oxide::scanner: Discovering "C:\\Users\\user1\\Documents\\GitHub\\tcl-1.0\\src\\app\\api\\auth\\forgot-password\\route.ts"
2026-03-09T07:08:12.218247Z  INFO scan_sources: tailwindcss_oxide::scanner: Discovering "C:\\Users\\user1\\Documents\\GitHub\\tcl-1.0\\src\\app\\api\\auth\\reset-password"
2026-03-09T07:08:12.218775Z  INFO scan_sources: tailwindcss_oxide::scanner: Discovering "C:\\Users\\user1\\Documents\\GitHub\\tcl-1.0\\src\\app\\api\\auth\\reset-password\\route.ts"
2026-03-09T07:08:12.219283Z  INFO scan_sources: tailwindcss_oxide::scanner: Discovering "C:\\Users\\user1\\Documents\\GitHub\\tcl-1.0\\src\\app\\api\\auth\\[...nextauth]"
2026-03-09T07:08:12.219803Z  INFO scan_sources: tailwindcss_oxide::scanner: Discovering "C:\\Users\\user1\\Documents\\GitHub\\tcl-1.0\\src\\app\\api\\auth\\[...nextauth]\\route.ts"
2026-03-09T07:08:12.220367Z  INFO scan_sources: tailwindcss_oxide::scanner: Discovering "C:\\Users\\user1\\Documents\\GitHub\\tcl-1.0\\src\\app\\api\\profile"
2026-03-09T07:08:12.221023Z  INFO scan_sources: tailwindcss_oxide::scanner: Discovering "C:\\Users\\user1\\Documents\\GitHub\\tcl-1.0\\src\\app\\api\\profile\\achievements"
2026-03-09T07:08:12.221667Z  INFO scan_sources: tailwindcss_oxide::scanner: Discovering "C:\\Users\\user1\\Documents\\GitHub\\tcl-1.0\\src\\app\\api\\profile\\achievements\\route.ts"
2026-03-09T07:08:12.222230Z  INFO scan_sources: tailwindcss_oxide::scanner: Discovering "C:\\Users\\user1\\Documents\\GitHub\\tcl-1.0\\src\\app\\api\\profile\\education"
2026-03-09T07:08:12.222809Z  INFO scan_sources: tailwindcss_oxide::scanner: Discovering "C:\\Users\\user1\\Documents\\GitHub\\tcl-1.0\\src\\app\\api\\profile\\education\\route.ts"
2026-03-09T07:08:12.223291Z  INFO scan_sources: tailwindcss_oxide::scanner: Discovering "C:\\Users\\user1\\Documents\\GitHub\\tcl-1.0\\src\\app\\api\\profile\\experience"
2026-03-09T07:08:12.223978Z  INFO scan_sources: tailwindcss_oxide::scanner: Discovering "C:\\Users\\user1\\Documents\\GitHub\\tcl-1.0\\src\\app\\api\\profile\\experience\\route.ts"
2026-03-09T07:08:12.224583Z  INFO scan_sources: tailwindcss_oxide::scanner: Discovering "C:\\Users\\user1\\Documents\\GitHub\\tcl-1.0\\src\\app\\api\\profile\\languages"
2026-03-09T07:08:12.225106Z  INFO scan_sources: tailwindcss_oxide::scanner: Discovering "C:\\Users\\user1\\Documents\\GitHub\\tcl-1.0\\src\\app\\api\\profile\\languages\\route.ts"
2026-03-09T07:08:12.225638Z  INFO scan_sources: tailwindcss_oxide::scanner: Discovering "C:\\Users\\user1\\Documents\\GitHub\\tcl-1.0\\src\\app\\api\\profile\\projects"
2026-03-09T07:08:12.226494Z  INFO scan_sources: tailwindcss_oxide::scanner: Discovering "C:\\Users\\user1\\Documents\\GitHub\\tcl-1.0\\src\\app\\api\\profile\\projects\\route.ts"
2026-03-09T07:08:12.226846Z  INFO scan_sources: tailwindcss_oxide::scanner: Discovering "C:\\Users\\user1\\Documents\\GitHub\\tcl-1.0\\src\\app\\api\\profile\\route.ts"
2026-03-09T07:08:12.227246Z  INFO scan_sources: tailwindcss_oxide::scanner: Discovering "C:\\Users\\user1\\Documents\\GitHub\\tcl-1.0\\src\\app\\api\\profile\\skills"
2026-03-09T07:08:12.227772Z  INFO scan_sources: tailwindcss_oxide::scanner: Discovering "C:\\Users\\user1\\Documents\\GitHub\\tcl-1.0\\src\\app\\api\\profile\\skills\\route.ts"
2026-03-09T07:08:12.228489Z  INFO scan_sources: tailwindcss_oxide::scanner: Discovering "C:\\Users\\user1\\Documents\\GitHub\\tcl-1.0\\src\\app\\basic-profile"
2026-03-09T07:08:12.228982Z  INFO scan_sources: tailwindcss_oxide::scanner: Discovering "C:\\Users\\user1\\Documents\\GitHub\\tcl-1.0\\src\\app\\basic-profile\\page.tsx"
2026-03-09T07:08:12.229344Z  INFO scan_sources: tailwindcss_oxide::scanner: Discovering "C:\\Users\\user1\\Documents\\GitHub\\tcl-1.0\\src\\app\\company"
2026-03-09T07:08:12.229824Z  INFO scan_sources: tailwindcss_oxide::scanner: Discovering "C:\\Users\\user1\\Documents\\GitHub\\tcl-1.0\\src\\app\\company\\[id]"
2026-03-09T07:08:12.230273Z  INFO scan_sources: tailwindcss_oxide::scanner: Discovering "C:\\Users\\user1\\Documents\\GitHub\\tcl-1.0\\src\\app\\company\\[id]\\page.tsx"
2026-03-09T07:08:12.230704Z  INFO scan_sources: tailwindcss_oxide::scanner: Discovering "C:\\Users\\user1\\Documents\\GitHub\\tcl-1.0\\src\\app\\detailed-seeker-profile"
2026-03-09T07:08:12.231108Z  INFO scan_sources: tailwindcss_oxide::scanner: Discovering "C:\\Users\\user1\\Documents\\GitHub\\tcl-1.0\\src\\app\\detailed-seeker-profile\\page.tsx"
2026-03-09T07:08:12.231468Z  INFO scan_sources: tailwindcss_oxide::scanner: Discovering "C:\\Users\\user1\\Documents\\GitHub\\tcl-1.0\\src\\app\\employers"
2026-03-09T07:08:12.232190Z  INFO scan_sources: tailwindcss_oxide::scanner: Discovering "C:\\Users\\user1\\Documents\\GitHub\\tcl-1.0\\src\\app\\employers\\client-registration"
2026-03-09T07:08:12.232937Z  INFO scan_sources: tailwindcss_oxide::scanner: Discovering "C:\\Users\\user1\\Documents\\GitHub\\tcl-1.0\\src\\app\\employers\\client-registration\\page.tsx"
2026-03-09T07:08:12.233289Z  INFO scan_sources: tailwindcss_oxide::scanner: Discovering "C:\\Users\\user1\\Documents\\GitHub\\tcl-1.0\\src\\app\\employers\\page.tsx"
2026-03-09T07:08:12.233791Z  INFO scan_sources: tailwindcss_oxide::scanner: Discovering "C:\\Users\\user1\\Documents\\GitHub\\tcl-1.0\\src\\app\\forgot-password"
2026-03-09T07:08:12.234336Z  INFO scan_sources: tailwindcss_oxide::scanner: Discovering "C:\\Users\\user1\\Documents\\GitHub\\tcl-1.0\\src\\app\\forgot-password\\page.tsx"
2026-03-09T07:08:12.234675Z  INFO scan_sources: tailwindcss_oxide::scanner: Discovering "C:\\Users\\user1\\Documents\\GitHub\\tcl-1.0\\src\\app\\globals.css"
2026-03-09T07:08:12.234859Z  INFO scan_sources: tailwindcss_oxide::scanner: Discovering "C:\\Users\\user1\\Documents\\GitHub\\tcl-1.0\\src\\app\\icon.svg"
2026-03-09T07:08:12.235149Z  INFO scan_sources: tailwindcss_oxide::scanner: Discovering "C:\\Users\\user1\\Documents\\GitHub\\tcl-1.0\\src\\app\\job"
2026-03-09T07:08:12.235640Z  INFO scan_sources: tailwindcss_oxide::scanner: Discovering "C:\\Users\\user1\\Documents\\GitHub\\tcl-1.0\\src\\app\\job\\[id]"
2026-03-09T07:08:12.236453Z  INFO scan_sources: tailwindcss_oxide::scanner: Discovering "C:\\Users\\user1\\Documents\\GitHub\\tcl-1.0\\src\\app\\job\\[id]\\page.tsx"
2026-03-09T07:08:12.237014Z  INFO scan_sources: tailwindcss_oxide::scanner: Discovering "C:\\Users\\user1\\Documents\\GitHub\\tcl-1.0\\src\\app\\layout.tsx"
2026-03-09T07:08:12.237433Z  INFO scan_sources: tailwindcss_oxide::scanner: Discovering "C:\\Users\\user1\\Documents\\GitHub\\tcl-1.0\\src\\app\\login"
2026-03-09T07:08:12.237961Z  INFO scan_sources: tailwindcss_oxide::scanner: Discovering "C:\\Users\\user1\\Documents\\GitHub\\tcl-1.0\\src\\app\\login\\page.tsx"
2026-03-09T07:08:12.238420Z  INFO scan_sources: tailwindcss_oxide::scanner: Discovering "C:\\Users\\user1\\Documents\\GitHub\\tcl-1.0\\src\\app\\onboarding"
2026-03-09T07:08:12.239154Z  INFO scan_sources: tailwindcss_oxide::scanner: Discovering "C:\\Users\\user1\\Documents\\GitHub\\tcl-1.0\\src\\app\\onboarding\\education"
2026-03-09T07:08:12.239751Z  INFO scan_sources: tailwindcss_oxide::scanner: Discovering "C:\\Users\\user1\\Documents\\GitHub\\tcl-1.0\\src\\app\\onboarding\\education\\page.tsx"
2026-03-09T07:08:12.240372Z  INFO scan_sources: tailwindcss_oxide::scanner: Discovering "C:\\Users\\user1\\Documents\\GitHub\\tcl-1.0\\src\\app\\onboarding\\employment"
2026-03-09T07:08:12.241208Z  INFO scan_sources: tailwindcss_oxide::scanner: Discovering "C:\\Users\\user1\\Documents\\GitHub\\tcl-1.0\\src\\app\\onboarding\\employment\\page.tsx"
2026-03-09T07:08:12.241650Z  INFO scan_sources: tailwindcss_oxide::scanner: Discovering "C:\\Users\\user1\\Documents\\GitHub\\tcl-1.0\\src\\app\\onboarding\\layout.tsx"
2026-03-09T07:08:12.242683Z  INFO scan_sources: tailwindcss_oxide::scanner: Discovering "C:\\Users\\user1\\Documents\\GitHub\\tcl-1.0\\src\\app\\onboarding\\page.tsx"
2026-03-09T07:08:12.243739Z  INFO scan_sources: tailwindcss_oxide::scanner: Discovering "C:\\Users\\user1\\Documents\\GitHub\\tcl-1.0\\src\\app\\onboarding\\preferences"
2026-03-09T07:08:12.245038Z  INFO scan_sources: tailwindcss_oxide::scanner: Discovering "C:\\Users\\user1\\Documents\\GitHub\\tcl-1.0\\src\\app\\onboarding\\preferences\\page.tsx"
2026-03-09T07:08:12.245750Z  INFO scan_sources: tailwindcss_oxide::scanner: Discovering "C:\\Users\\user1\\Documents\\GitHub\\tcl-1.0\\src\\app\\page.tsx"
2026-03-09T07:08:12.246551Z  INFO scan_sources: tailwindcss_oxide::scanner: Discovering "C:\\Users\\user1\\Documents\\GitHub\\tcl-1.0\\src\\app\\register"
2026-03-09T07:08:12.247404Z  INFO scan_sources: tailwindcss_oxide::scanner: Discovering "C:\\Users\\user1\\Documents\\GitHub\\tcl-1.0\\src\\app\\register\\page.tsx"
2026-03-09T07:08:12.247981Z  INFO scan_sources: tailwindcss_oxide::scanner: Discovering "C:\\Users\\user1\\Documents\\GitHub\\tcl-1.0\\src\\app\\reset-password"
2026-03-09T07:08:12.248760Z  INFO scan_sources: tailwindcss_oxide::scanner: Discovering "C:\\Users\\user1\\Documents\\GitHub\\tcl-1.0\\src\\app\\reset-password\\[token]"
2026-03-09T07:08:12.249371Z  INFO scan_sources: tailwindcss_oxide::scanner: Discovering "C:\\Users\\user1\\Documents\\GitHub\\tcl-1.0\\src\\app\\reset-password\\[token]\\page.tsx"
2026-03-09T07:08:12.249963Z  INFO scan_sources: tailwindcss_oxide::scanner: Discovering "C:\\Users\\user1\\Documents\\GitHub\\tcl-1.0\\src\\app\\search"
2026-03-09T07:08:12.250491Z  INFO scan_sources: tailwindcss_oxide::scanner: Discovering "C:\\Users\\user1\\Documents\\GitHub\\tcl-1.0\\src\\app\\search\\page.tsx"
2026-03-09T07:08:12.251015Z  INFO scan_sources: tailwindcss_oxide::scanner: Discovering "C:\\Users\\user1\\Documents\\GitHub\\tcl-1.0\\src\\app\\seeker"
2026-03-09T07:08:12.251683Z  INFO scan_sources: tailwindcss_oxide::scanner: Discovering "C:\\Users\\user1\\Documents\\GitHub\\tcl-1.0\\src\\app\\seeker\\dashboard"
2026-03-09T07:08:12.252206Z  INFO scan_sources: tailwindcss_oxide::scanner: Discovering "C:\\Users\\user1\\Documents\\GitHub\\tcl-1.0\\src\\app\\seeker\\dashboard\\page.tsx"
2026-03-09T07:08:12.252430Z  INFO scan_sources: tailwindcss_oxide::scanner: Discovering "C:\\Users\\user1\\Documents\\GitHub\\tcl-1.0\\src\\app\\seeker\\dashboard\\UserDashboardClient.tsx"
2026-03-09T07:08:12.252947Z  INFO scan_sources: tailwindcss_oxide::scanner: Discovering "C:\\Users\\user1\\Documents\\GitHub\\tcl-1.0\\src\\app\\seeker\\profile"
2026-03-09T07:08:12.253631Z  INFO scan_sources: tailwindcss_oxide::scanner: Discovering "C:\\Users\\user1\\Documents\\GitHub\\tcl-1.0\\src\\app\\seeker\\profile\\page.tsx"
2026-03-09T07:08:12.254238Z  INFO scan_sources: tailwindcss_oxide::scanner: Discovering "C:\\Users\\user1\\Documents\\GitHub\\tcl-1.0\\src\\app\\user-applications"
2026-03-09T07:08:12.254894Z  INFO scan_sources: tailwindcss_oxide::scanner: Discovering "C:\\Users\\user1\\Documents\\GitHub\\tcl-1.0\\src\\app\\user-applications\\page.tsx"
2026-03-09T07:08:12.255315Z  INFO scan_sources: tailwindcss_oxide::scanner: Discovering "C:\\Users\\user1\\Documents\\GitHub\\tcl-1.0\\src\\auth.ts"
2026-03-09T07:08:12.255702Z  INFO scan_sources: tailwindcss_oxide::scanner: Discovering "C:\\Users\\user1\\Documents\\GitHub\\tcl-1.0\\src\\components"
2026-03-09T07:08:12.256544Z  INFO scan_sources: tailwindcss_oxide::scanner: Discovering "C:\\Users\\user1\\Documents\\GitHub\\tcl-1.0\\src\\components\\auth"
2026-03-09T07:08:12.257351Z  INFO scan_sources: tailwindcss_oxide::scanner: Discovering "C:\\Users\\user1\\Documents\\GitHub\\tcl-1.0\\src\\components\\auth\\AuthCard.tsx"
2026-03-09T07:08:12.257640Z  INFO scan_sources: tailwindcss_oxide::scanner: Discovering "C:\\Users\\user1\\Documents\\GitHub\\tcl-1.0\\src\\components\\auth\\AuthModal.tsx"
2026-03-09T07:08:12.258197Z  INFO scan_sources: tailwindcss_oxide::scanner: Discovering "C:\\Users\\user1\\Documents\\GitHub\\tcl-1.0\\src\\components\\auth\\EmployerAuthModal.tsx"
2026-03-09T07:08:12.258471Z  INFO scan_sources: tailwindcss_oxide::scanner: Discovering "C:\\Users\\user1\\Documents\\GitHub\\tcl-1.0\\src\\components\\auth\\ForgotPasswordForm.tsx"
2026-03-09T07:08:12.258733Z  INFO scan_sources: tailwindcss_oxide::scanner: Discovering "C:\\Users\\user1\\Documents\\GitHub\\tcl-1.0\\src\\components\\auth\\LoginForm.tsx"
2026-03-09T07:08:12.258990Z  INFO scan_sources: tailwindcss_oxide::scanner: Discovering "C:\\Users\\user1\\Documents\\GitHub\\tcl-1.0\\src\\components\\auth\\RegisterForm.tsx"
2026-03-09T07:08:12.259697Z  INFO scan_sources: tailwindcss_oxide::scanner: Discovering "C:\\Users\\user1\\Documents\\GitHub\\tcl-1.0\\src\\components\\auth\\RegistrationJourneyIllustration.tsx"
2026-03-09T07:08:12.259916Z  INFO scan_sources: tailwindcss_oxide::scanner: Discovering "C:\\Users\\user1\\Documents\\GitHub\\tcl-1.0\\src\\components\\auth\\ResetPasswordForm.tsx"
2026-03-09T07:08:12.260557Z  INFO scan_sources: tailwindcss_oxide::scanner: Discovering "C:\\Users\\user1\\Documents\\GitHub\\tcl-1.0\\src\\components\\auth\\SeekerRegisterForm.tsx"
2026-03-09T07:08:12.260955Z  INFO scan_sources: tailwindcss_oxide::scanner: Discovering "C:\\Users\\user1\\Documents\\GitHub\\tcl-1.0\\src\\components\\auth\\SessionProvider.tsx"
2026-03-09T07:08:12.261512Z  INFO scan_sources: tailwindcss_oxide::scanner: Discovering "C:\\Users\\user1\\Documents\\GitHub\\tcl-1.0\\src\\components\\company"
2026-03-09T07:08:12.262318Z  INFO scan_sources: tailwindcss_oxide::scanner: Discovering "C:\\Users\\user1\\Documents\\GitHub\\tcl-1.0\\src\\components\\company\\AboutSection.tsx"
2026-03-09T07:08:12.262567Z  INFO scan_sources: tailwindcss_oxide::scanner: Discovering "C:\\Users\\user1\\Documents\\GitHub\\tcl-1.0\\src\\components\\company\\CompanyHero.tsx"
2026-03-09T07:08:12.263048Z  INFO scan_sources: tailwindcss_oxide::scanner: Discovering "C:\\Users\\user1\\Documents\\GitHub\\tcl-1.0\\src\\components\\company\\CompanySidebar.tsx"
2026-03-09T07:08:12.264019Z  INFO scan_sources: tailwindcss_oxide::scanner: Discovering "C:\\Users\\user1\\Documents\\GitHub\\tcl-1.0\\src\\components\\company\\CultureGrid.tsx"
2026-03-09T07:08:12.264281Z  INFO scan_sources: tailwindcss_oxide::scanner: Discovering "C:\\Users\\user1\\Documents\\GitHub\\tcl-1.0\\src\\components\\company\\LocationSection.tsx"
2026-03-09T07:08:12.264484Z  INFO scan_sources: tailwindcss_oxide::scanner: Discovering "C:\\Users\\user1\\Documents\\GitHub\\tcl-1.0\\src\\components\\company\\OpenRolesList.tsx"
2026-03-09T07:08:12.264724Z  INFO scan_sources: tailwindcss_oxide::scanner: Discovering "C:\\Users\\user1\\Documents\\GitHub\\tcl-1.0\\src\\components\\company\\PerksSection.tsx"
2026-03-09T07:08:12.265738Z  INFO scan_sources: tailwindcss_oxide::scanner: Discovering "C:\\Users\\user1\\Documents\\GitHub\\tcl-1.0\\src\\components\\company\\StatsSection.tsx"
2026-03-09T07:08:12.266961Z  INFO scan_sources: tailwindcss_oxide::scanner: Discovering "C:\\Users\\user1\\Documents\\GitHub\\tcl-1.0\\src\\components\\dashboard"
2026-03-09T07:08:12.267578Z  INFO scan_sources: tailwindcss_oxide::scanner: Discovering "C:\\Users\\user1\\Documents\\GitHub\\tcl-1.0\\src\\components\\dashboard\\DashboardBlogSection.tsx"
2026-03-09T07:08:12.267824Z  INFO scan_sources: tailwindcss_oxide::scanner: Discovering "C:\\Users\\user1\\Documents\\GitHub\\tcl-1.0\\src\\components\\dashboard\\DashboardJobCard.tsx"
2026-03-09T07:08:12.268037Z  INFO scan_sources: tailwindcss_oxide::scanner: Discovering "C:\\Users\\user1\\Documents\\GitHub\\tcl-1.0\\src\\components\\dashboard\\MobileComponents.tsx"
2026-03-09T07:08:12.268243Z  INFO scan_sources: tailwindcss_oxide::scanner: Discovering "C:\\Users\\user1\\Documents\\GitHub\\tcl-1.0\\src\\components\\dashboard\\ProfileSidebar.tsx"
2026-03-09T07:08:12.268454Z  INFO scan_sources: tailwindcss_oxide::scanner: Discovering "C:\\Users\\user1\\Documents\\GitHub\\tcl-1.0\\src\\components\\dashboard\\RightSidebar.tsx"
2026-03-09T07:08:12.268656Z  INFO scan_sources: tailwindcss_oxide::scanner: Discovering "C:\\Users\\user1\\Documents\\GitHub\\tcl-1.0\\src\\components\\dashboard\\SidebarNav.tsx"
2026-03-09T07:08:12.268898Z  INFO scan_sources: tailwindcss_oxide::scanner: Discovering "C:\\Users\\user1\\Documents\\GitHub\\tcl-1.0\\src\\components\\dashboard\\StatsWidget.tsx"
2026-03-09T07:08:12.269108Z  INFO scan_sources: tailwindcss_oxide::scanner: Discovering "C:\\Users\\user1\\Documents\\GitHub\\tcl-1.0\\src\\components\\dashboard\\UpgradeBanner.tsx"
2026-03-09T07:08:12.269620Z  INFO scan_sources: tailwindcss_oxide::scanner: Discovering "C:\\Users\\user1\\Documents\\GitHub\\tcl-1.0\\src\\components\\employer"
2026-03-09T07:08:12.270259Z  INFO scan_sources: tailwindcss_oxide::scanner: Discovering "C:\\Users\\user1\\Documents\\GitHub\\tcl-1.0\\src\\components\\employer\\EmployerFooter.tsx"
2026-03-09T07:08:12.270489Z  INFO scan_sources: tailwindcss_oxide::scanner: Discovering "C:\\Users\\user1\\Documents\\GitHub\\tcl-1.0\\src\\components\\employer\\EmployerNavbar.tsx"
2026-03-09T07:08:12.270983Z  INFO scan_sources: tailwindcss_oxide::scanner: Discovering "C:\\Users\\user1\\Documents\\GitHub\\tcl-1.0\\src\\components\\employer-application"
2026-03-09T07:08:12.271576Z  INFO scan_sources: tailwindcss_oxide::scanner: Discovering "C:\\Users\\user1\\Documents\\GitHub\\tcl-1.0\\src\\components\\employer-application\\ActiveJobsStrip.tsx"
2026-03-09T07:08:12.271811Z  INFO scan_sources: tailwindcss_oxide::scanner: Discovering "C:\\Users\\user1\\Documents\\GitHub\\tcl-1.0\\src\\components\\employer-application\\applicantsData.ts"
2026-03-09T07:08:12.272013Z  INFO scan_sources: tailwindcss_oxide::scanner: Discovering "C:\\Users\\user1\\Documents\\GitHub\\tcl-1.0\\src\\components\\employer-application\\ApplicantsTable.tsx"
2026-03-09T07:08:12.272210Z  INFO scan_sources: tailwindcss_oxide::scanner: Discovering "C:\\Users\\user1\\Documents\\GitHub\\tcl-1.0\\src\\components\\employer-application\\ApplicationsContent.tsx"
2026-03-09T07:08:12.273060Z  INFO scan_sources: tailwindcss_oxide::scanner: Discovering "C:\\Users\\user1\\Documents\\GitHub\\tcl-1.0\\src\\components\\employer-application\\ApplicationsMobileHeader.tsx"
2026-03-09T07:08:12.273547Z  INFO scan_sources: tailwindcss_oxide::scanner: Discovering "C:\\Users\\user1\\Documents\\GitHub\\tcl-1.0\\src\\components\\employer-application\\ApplicationsPagination.tsx"
2026-03-09T07:08:12.273787Z  INFO scan_sources: tailwindcss_oxide::scanner: Discovering "C:\\Users\\user1\\Documents\\GitHub\\tcl-1.0\\src\\components\\employer-application\\ApplicationsTopBar.tsx"
2026-03-09T07:08:12.274011Z  INFO scan_sources: tailwindcss_oxide::scanner: Discovering "C:\\Users\\user1\\Documents\\GitHub\\tcl-1.0\\src\\components\\employer-application\\FilterPanel.tsx"
2026-03-09T07:08:12.274222Z  INFO scan_sources: tailwindcss_oxide::scanner: Discovering "C:\\Users\\user1\\Documents\\GitHub\\tcl-1.0\\src\\components\\employer-application\\StatusFilterTabs.tsx"
2026-03-09T07:08:12.274809Z  INFO scan_sources: tailwindcss_oxide::scanner: Discovering "C:\\Users\\user1\\Documents\\GitHub\\tcl-1.0\\src\\components\\employer-dashboard"
2026-03-09T07:08:12.275552Z  INFO scan_sources: tailwindcss_oxide::scanner: Discovering "C:\\Users\\user1\\Documents\\GitHub\\tcl-1.0\\src\\components\\employer-dashboard\\DashboardSidebar.tsx"
2026-03-09T07:08:12.277026Z  INFO scan_sources: tailwindcss_oxide::scanner: Discovering "C:\\Users\\user1\\Documents\\GitHub\\tcl-1.0\\src\\components\\employer-dashboard\\DashboardTopBar.tsx"
2026-03-09T07:08:12.277345Z  INFO scan_sources: tailwindcss_oxide::scanner: Discovering "C:\\Users\\user1\\Documents\\GitHub\\tcl-1.0\\src\\components\\employer-dashboard\\MetricsRow.tsx"
2026-03-09T07:08:12.277550Z  INFO scan_sources: tailwindcss_oxide::scanner: Discovering "C:\\Users\\user1\\Documents\\GitHub\\tcl-1.0\\src\\components\\employer-dashboard\\MobileBottomNav.tsx"
2026-03-09T07:08:12.277742Z  INFO scan_sources: tailwindcss_oxide::scanner: Discovering "C:\\Users\\user1\\Documents\\GitHub\\tcl-1.0\\src\\components\\employer-dashboard\\QuickActionsPanel.tsx"
2026-03-09T07:08:12.277900Z  INFO scan_sources: tailwindcss_oxide::scanner: Discovering "C:\\Users\\user1\\Documents\\GitHub\\tcl-1.0\\src\\components\\employer-dashboard\\RecentApplicationsTable.tsx"
2026-03-09T07:08:12.278052Z  INFO scan_sources: tailwindcss_oxide::scanner: Discovering "C:\\Users\\user1\\Documents\\GitHub\\tcl-1.0\\src\\components\\employer-dashboard\\TabletNavStrip.tsx"
2026-03-09T07:08:12.278261Z  INFO scan_sources: tailwindcss_oxide::scanner: Discovering "C:\\Users\\user1\\Documents\\GitHub\\tcl-1.0\\src\\components\\employer-dashboard\\UpcomingInterviewsCard.tsx"
2026-03-09T07:08:12.278669Z  INFO scan_sources: tailwindcss_oxide::scanner: Discovering "C:\\Users\\user1\\Documents\\GitHub\\tcl-1.0\\src\\components\\employers"
2026-03-09T07:08:12.279310Z  INFO scan_sources: tailwindcss_oxide::scanner: Discovering "C:\\Users\\user1\\Documents\\GitHub\\tcl-1.0\\src\\components\\employers\\BuiltForEveryEmployerSection.tsx"
2026-03-09T07:08:12.279625Z  INFO scan_sources: tailwindcss_oxide::scanner: Discovering "C:\\Users\\user1\\Documents\\GitHub\\tcl-1.0\\src\\components\\employers\\CTASection.tsx"
2026-03-09T07:08:12.279925Z  INFO scan_sources: tailwindcss_oxide::scanner: Discovering "C:\\Users\\user1\\Documents\\GitHub\\tcl-1.0\\src\\components\\employers\\FAQSection.tsx"
2026-03-09T07:08:12.280148Z  INFO scan_sources: tailwindcss_oxide::scanner: Discovering "C:\\Users\\user1\\Documents\\GitHub\\tcl-1.0\\src\\components\\employers\\HeroSection.tsx"
2026-03-09T07:08:12.280327Z  INFO scan_sources: tailwindcss_oxide::scanner: Discovering "C:\\Users\\user1\\Documents\\GitHub\\tcl-1.0\\src\\components\\employers\\HiringProcessSection.tsx"
2026-03-09T07:08:12.280492Z  INFO scan_sources: tailwindcss_oxide::scanner: Discovering "C:\\Users\\user1\\Documents\\GitHub\\tcl-1.0\\src\\components\\employers\\PowerfulToolsSection.tsx"
2026-03-09T07:08:12.280958Z  INFO scan_sources: tailwindcss_oxide::scanner: Discovering "C:\\Users\\user1\\Documents\\GitHub\\tcl-1.0\\src\\components\\home"
2026-03-09T07:08:12.281514Z  INFO scan_sources: tailwindcss_oxide::scanner: Discovering "C:\\Users\\user1\\Documents\\GitHub\\tcl-1.0\\src\\components\\home\\CategorySection.tsx"
2026-03-09T07:08:12.281724Z  INFO scan_sources: tailwindcss_oxide::scanner: Discovering "C:\\Users\\user1\\Documents\\GitHub\\tcl-1.0\\src\\components\\home\\HeroSection.tsx"
2026-03-09T07:08:12.281898Z  INFO scan_sources: tailwindcss_oxide::scanner: Discovering "C:\\Users\\user1\\Documents\\GitHub\\tcl-1.0\\src\\components\\home\\JobCard.tsx"
2026-03-09T07:08:12.282068Z  INFO scan_sources: tailwindcss_oxide::scanner: Discovering "C:\\Users\\user1\\Documents\\GitHub\\tcl-1.0\\src\\components\\home\\JobOpeningsSection.tsx"
2026-03-09T07:08:12.282240Z  INFO scan_sources: tailwindcss_oxide::scanner: Discovering "C:\\Users\\user1\\Documents\\GitHub\\tcl-1.0\\src\\components\\home\\RecruiterCTA.tsx"
2026-03-09T07:08:12.282459Z  INFO scan_sources: tailwindcss_oxide::scanner: Discovering "C:\\Users\\user1\\Documents\\GitHub\\tcl-1.0\\src\\components\\home\\TrustedCompanies.tsx"
2026-03-09T07:08:12.283033Z  INFO scan_sources: tailwindcss_oxide::scanner: Discovering "C:\\Users\\user1\\Documents\\GitHub\\tcl-1.0\\src\\components\\job-posting"
2026-03-09T07:08:12.283626Z  INFO scan_sources: tailwindcss_oxide::scanner: Discovering "C:\\Users\\user1\\Documents\\GitHub\\tcl-1.0\\src\\components\\job-posting\\JobCard.tsx"
2026-03-09T07:08:12.283879Z  INFO scan_sources: tailwindcss_oxide::scanner: Discovering "C:\\Users\\user1\\Documents\\GitHub\\tcl-1.0\\src\\components\\job-posting\\JobPostingsContent.tsx"
2026-03-09T07:08:12.284094Z  INFO scan_sources: tailwindcss_oxide::scanner: Discovering "C:\\Users\\user1\\Documents\\GitHub\\tcl-1.0\\src\\components\\job-posting\\JobPostingsHeader.tsx"
2026-03-09T07:08:12.284316Z  INFO scan_sources: tailwindcss_oxide::scanner: Discovering "C:\\Users\\user1\\Documents\\GitHub\\tcl-1.0\\src\\components\\job-posting\\JobPostsList.tsx"
2026-03-09T07:08:12.284512Z  INFO scan_sources: tailwindcss_oxide::scanner: Discovering "C:\\Users\\user1\\Documents\\GitHub\\tcl-1.0\\src\\components\\job-posting\\StatusFilterStrip.tsx"
2026-03-09T07:08:12.285051Z  INFO scan_sources: tailwindcss_oxide::scanner: Discovering "C:\\Users\\user1\\Documents\\GitHub\\tcl-1.0\\src\\components\\layout"
2026-03-09T07:08:12.286476Z  INFO scan_sources: tailwindcss_oxide::scanner: Discovering "C:\\Users\\user1\\Documents\\GitHub\\tcl-1.0\\src\\components\\layout\\EmployerNavbar.tsx"
2026-03-09T07:08:12.286760Z  INFO scan_sources: tailwindcss_oxide::scanner: Discovering "C:\\Users\\user1\\Documents\\GitHub\\tcl-1.0\\src\\components\\layout\\Footer.tsx"
2026-03-09T07:08:12.287004Z  INFO scan_sources: tailwindcss_oxide::scanner: Discovering "C:\\Users\\user1\\Documents\\GitHub\\tcl-1.0\\src\\components\\layout\\LayoutWrapper.tsx"
2026-03-09T07:08:12.287217Z  INFO scan_sources: tailwindcss_oxide::scanner: Discovering "C:\\Users\\user1\\Documents\\GitHub\\tcl-1.0\\src\\components\\layout\\LoggedInNavbar.tsx"
2026-03-09T07:08:12.287621Z  INFO scan_sources: tailwindcss_oxide::scanner: Discovering "C:\\Users\\user1\\Documents\\GitHub\\tcl-1.0\\src\\components\\layout\\MobileBottomNav.tsx"
2026-03-09T07:08:12.287846Z  INFO scan_sources: tailwindcss_oxide::scanner: Discovering "C:\\Users\\user1\\Documents\\GitHub\\tcl-1.0\\src\\components\\layout\\Navbar.tsx"
2026-03-09T07:08:12.288005Z  INFO scan_sources: tailwindcss_oxide::scanner: Discovering "C:\\Users\\user1\\Documents\\GitHub\\tcl-1.0\\src\\components\\layout\\NavbarClient.tsx"
2026-03-09T07:08:12.288211Z  INFO scan_sources: tailwindcss_oxide::scanner: Discovering "C:\\Users\\user1\\Documents\\GitHub\\tcl-1.0\\src\\components\\layout\\NotificationPopup.tsx"
2026-03-09T07:08:12.288737Z  INFO scan_sources: tailwindcss_oxide::scanner: Discovering "C:\\Users\\user1\\Documents\\GitHub\\tcl-1.0\\src\\components\\onboarding"
2026-03-09T07:08:12.289307Z  INFO scan_sources: tailwindcss_oxide::scanner: Discovering "C:\\Users\\user1\\Documents\\GitHub\\tcl-1.0\\src\\components\\onboarding\\OnboardingSidebar.tsx"
2026-03-09T07:08:12.289562Z  INFO scan_sources: tailwindcss_oxide::scanner: Discovering "C:\\Users\\user1\\Documents\\GitHub\\tcl-1.0\\src\\components\\onboarding\\OnboardingStepper.tsx"
2026-03-09T07:08:12.290052Z  INFO scan_sources: tailwindcss_oxide::scanner: Discovering "C:\\Users\\user1\\Documents\\GitHub\\tcl-1.0\\src\\components\\profile"
2026-03-09T07:08:12.290627Z  INFO scan_sources: tailwindcss_oxide::scanner: Discovering "C:\\Users\\user1\\Documents\\GitHub\\tcl-1.0\\src\\components\\profile\\DatePicker.tsx"
2026-03-09T07:08:12.290884Z  INFO scan_sources: tailwindcss_oxide::scanner: Discovering "C:\\Users\\user1\\Documents\\GitHub\\tcl-1.0\\src\\components\\profile\\FileUpload.tsx"
2026-03-09T07:08:12.291074Z  INFO scan_sources: tailwindcss_oxide::scanner: Discovering "C:\\Users\\user1\\Documents\\GitHub\\tcl-1.0\\src\\components\\profile\\FormInput.tsx"
2026-03-09T07:08:12.291265Z  INFO scan_sources: tailwindcss_oxide::scanner: Discovering "C:\\Users\\user1\\Documents\\GitHub\\tcl-1.0\\src\\components\\profile\\FormSelect.tsx"
2026-03-09T07:08:12.291467Z  INFO scan_sources: tailwindcss_oxide::scanner: Discovering "C:\\Users\\user1\\Documents\\GitHub\\tcl-1.0\\src\\components\\profile\\ProgressBar.tsx"
2026-03-09T07:08:12.291738Z  INFO scan_sources: tailwindcss_oxide::scanner: Discovering "C:\\Users\\user1\\Documents\\GitHub\\tcl-1.0\\src\\components\\profile\\RangeSlider.tsx"
2026-03-09T07:08:12.291953Z  INFO scan_sources: tailwindcss_oxide::scanner: Discovering "C:\\Users\\user1\\Documents\\GitHub\\tcl-1.0\\src\\components\\profile\\SectionCard.tsx"
2026-03-09T07:08:12.292399Z  INFO scan_sources: tailwindcss_oxide::scanner: Discovering "C:\\Users\\user1\\Documents\\GitHub\\tcl-1.0\\src\\components\\profile\\sections"
2026-03-09T07:08:12.292995Z  INFO scan_sources: tailwindcss_oxide::scanner: Discovering "C:\\Users\\user1\\Documents\\GitHub\\tcl-1.0\\src\\components\\profile\\sections\\AchievementsSection.tsx"
2026-03-09T07:08:12.293230Z  INFO scan_sources: tailwindcss_oxide::scanner: Discovering "C:\\Users\\user1\\Documents\\GitHub\\tcl-1.0\\src\\components\\profile\\sections\\BasicAccountSection.tsx"
2026-03-09T07:08:12.293455Z  INFO scan_sources: tailwindcss_oxide::scanner: Discovering "C:\\Users\\user1\\Documents\\GitHub\\tcl-1.0\\src\\components\\profile\\sections\\EducationSection.tsx"
2026-03-09T07:08:12.294283Z  INFO scan_sources: tailwindcss_oxide::scanner: Discovering "C:\\Users\\user1\\Documents\\GitHub\\tcl-1.0\\src\\components\\profile\\sections\\PersonalDetailsSection.tsx"
2026-03-09T07:08:12.294828Z  INFO scan_sources: tailwindcss_oxide::scanner: Discovering "C:\\Users\\user1\\Documents\\GitHub\\tcl-1.0\\src\\components\\profile\\sections\\PreferencesSection.tsx"
2026-03-09T07:08:12.295064Z  INFO scan_sources: tailwindcss_oxide::scanner: Discovering "C:\\Users\\user1\\Documents\\GitHub\\tcl-1.0\\src\\components\\profile\\sections\\ProfessionalStatusSection.tsx"
2026-03-09T07:08:12.295282Z  INFO scan_sources: tailwindcss_oxide::scanner: Discovering "C:\\Users\\user1\\Documents\\GitHub\\tcl-1.0\\src\\components\\profile\\sections\\ProfileSummarySection.tsx"
2026-03-09T07:08:12.295501Z  INFO scan_sources: tailwindcss_oxide::scanner: Discovering "C:\\Users\\user1\\Documents\\GitHub\\tcl-1.0\\src\\components\\profile\\sections\\ProjectsSection.tsx"
2026-03-09T07:08:12.295736Z  INFO scan_sources: tailwindcss_oxide::scanner: Discovering "C:\\Users\\user1\\Documents\\GitHub\\tcl-1.0\\src\\components\\profile\\sections\\ResumeLinksSection.tsx"
2026-03-09T07:08:12.295987Z  INFO scan_sources: tailwindcss_oxide::scanner: Discovering "C:\\Users\\user1\\Documents\\GitHub\\tcl-1.0\\src\\components\\profile\\sections\\SkillsSection.tsx"
2026-03-09T07:08:12.296217Z  INFO scan_sources: tailwindcss_oxide::scanner: Discovering "C:\\Users\\user1\\Documents\\GitHub\\tcl-1.0\\src\\components\\profile\\sections\\VerificationSection.tsx"
2026-03-09T07:08:12.296424Z  INFO scan_sources: tailwindcss_oxide::scanner: Discovering "C:\\Users\\user1\\Documents\\GitHub\\tcl-1.0\\src\\components\\profile\\sections\\WorkExperienceSection.tsx"
2026-03-09T07:08:12.296769Z  INFO scan_sources: tailwindcss_oxide::scanner: Discovering "C:\\Users\\user1\\Documents\\GitHub\\tcl-1.0\\src\\components\\profile\\SegmentedControl.tsx"
2026-03-09T07:08:12.296988Z  INFO scan_sources: tailwindcss_oxide::scanner: Discovering "C:\\Users\\user1\\Documents\\GitHub\\tcl-1.0\\src\\components\\profile\\SkillBadge.tsx"
2026-03-09T07:08:12.297327Z  INFO scan_sources: tailwindcss_oxide::scanner: Discovering "C:\\Users\\user1\\Documents\\GitHub\\tcl-1.0\\src\\components\\profile\\smart"
2026-03-09T07:08:12.297887Z  INFO scan_sources: tailwindcss_oxide::scanner: Discovering "C:\\Users\\user1\\Documents\\GitHub\\tcl-1.0\\src\\components\\profile\\smart\\SmartSuggest.tsx"
2026-03-09T07:08:12.298278Z  INFO scan_sources: tailwindcss_oxide::scanner: Discovering "C:\\Users\\user1\\Documents\\GitHub\\tcl-1.0\\src\\components\\profile\\TagInput.tsx"
2026-03-09T07:08:12.298529Z  INFO scan_sources: tailwindcss_oxide::scanner: Discovering "C:\\Users\\user1\\Documents\\GitHub\\tcl-1.0\\src\\components\\profile\\Timeline.tsx"
2026-03-09T07:08:12.298969Z  INFO scan_sources: tailwindcss_oxide::scanner: Discovering "C:\\Users\\user1\\Documents\\GitHub\\tcl-1.0\\src\\components\\profile\\wizard"
2026-03-09T07:08:12.299598Z  INFO scan_sources: tailwindcss_oxide::scanner: Discovering "C:\\Users\\user1\\Documents\\GitHub\\tcl-1.0\\src\\components\\profile\\wizard\\ProfileWizard.tsx"
2026-03-09T07:08:12.299865Z  INFO scan_sources: tailwindcss_oxide::scanner: Discovering "C:\\Users\\user1\\Documents\\GitHub\\tcl-1.0\\src\\components\\profile\\wizard\\StepProgress.tsx"
2026-03-09T07:08:12.300318Z  INFO scan_sources: tailwindcss_oxide::scanner: Discovering "C:\\Users\\user1\\Documents\\GitHub\\tcl-1.0\\src\\components\\profile\\wizard\\steps"
2026-03-09T07:08:12.300879Z  INFO scan_sources: tailwindcss_oxide::scanner: Discovering "C:\\Users\\user1\\Documents\\GitHub\\tcl-1.0\\src\\components\\profile\\wizard\\steps\\index.ts"
2026-03-09T07:08:12.301104Z  INFO scan_sources: tailwindcss_oxide::scanner: Discovering "C:\\Users\\user1\\Documents\\GitHub\\tcl-1.0\\src\\components\\profile\\wizard\\steps\\Step1Account.tsx"
2026-03-09T07:08:12.301280Z  INFO scan_sources: tailwindcss_oxide::scanner: Discovering "C:\\Users\\user1\\Documents\\GitHub\\tcl-1.0\\src\\components\\profile\\wizard\\steps\\Step2Personal.tsx"
2026-03-09T07:08:12.301449Z  INFO scan_sources: tailwindcss_oxide::scanner: Discovering "C:\\Users\\user1\\Documents\\GitHub\\tcl-1.0\\src\\components\\profile\\wizard\\steps\\Step3Professional.tsx"
2026-03-09T07:08:12.301613Z  INFO scan_sources: tailwindcss_oxide::scanner: Discovering "C:\\Users\\user1\\Documents\\GitHub\\tcl-1.0\\src\\components\\profile\\wizard\\steps\\Step5Skills.tsx"
2026-03-09T07:08:12.301910Z  INFO scan_sources: tailwindcss_oxide::scanner: Discovering "C:\\Users\\user1\\Documents\\GitHub\\tcl-1.0\\src\\components\\profile\\wizard\\StepTransition.tsx"
2026-03-09T07:08:12.302102Z  INFO scan_sources: tailwindcss_oxide::scanner: Discovering "C:\\Users\\user1\\Documents\\GitHub\\tcl-1.0\\src\\components\\profile\\wizard\\WizardNavigation.tsx"
2026-03-09T07:08:12.302658Z  INFO scan_sources: tailwindcss_oxide::scanner: Discovering "C:\\Users\\user1\\Documents\\GitHub\\tcl-1.0\\src\\components\\search"
2026-03-09T07:08:12.303856Z  INFO scan_sources: tailwindcss_oxide::scanner: Discovering "C:\\Users\\user1\\Documents\\GitHub\\tcl-1.0\\src\\components\\search\\SearchJobCard.tsx"
2026-03-09T07:08:12.304341Z  INFO scan_sources: tailwindcss_oxide::scanner: Discovering "C:\\Users\\user1\\Documents\\GitHub\\tcl-1.0\\src\\components\\seeker"
2026-03-09T07:08:12.304929Z  INFO scan_sources: tailwindcss_oxide::scanner: Discovering "C:\\Users\\user1\\Documents\\GitHub\\tcl-1.0\\src\\components\\seeker\\profile"
2026-03-09T07:08:12.305449Z  INFO scan_sources: tailwindcss_oxide::scanner: Discovering "C:\\Users\\user1\\Documents\\GitHub\\tcl-1.0\\src\\components\\seeker\\profile\\EmptyState.tsx"
2026-03-09T07:08:12.305829Z  INFO scan_sources: tailwindcss_oxide::scanner: Discovering "C:\\Users\\user1\\Documents\\GitHub\\tcl-1.0\\src\\components\\seeker\\profile\\modals"
2026-03-09T07:08:12.306606Z  INFO scan_sources: tailwindcss_oxide::scanner: Discovering "C:\\Users\\user1\\Documents\\GitHub\\tcl-1.0\\src\\components\\seeker\\profile\\modals\\EditAcademicAchievementsModal.tsx"
2026-03-09T07:08:12.306834Z  INFO scan_sources: tailwindcss_oxide::scanner: Discovering "C:\\Users\\user1\\Documents\\GitHub\\tcl-1.0\\src\\components\\seeker\\profile\\modals\\EditAwardModal.tsx"
2026-03-09T07:08:12.307051Z  INFO scan_sources: tailwindcss_oxide::scanner: Discovering "C:\\Users\\user1\\Documents\\GitHub\\tcl-1.0\\src\\components\\seeker\\profile\\modals\\EditBasicDetailsModal.tsx"
2026-03-09T07:08:12.307244Z  INFO scan_sources: tailwindcss_oxide::scanner: Discovering "C:\\Users\\user1\\Documents\\GitHub\\tcl-1.0\\src\\components\\seeker\\profile\\modals\\EditCertificationModal.tsx"
2026-03-09T07:08:12.307423Z  INFO scan_sources: tailwindcss_oxide::scanner: Discovering "C:\\Users\\user1\\Documents\\GitHub\\tcl-1.0\\src\\components\\seeker\\profile\\modals\\EditClubModal.tsx"
2026-03-09T07:08:12.307615Z  INFO scan_sources: tailwindcss_oxide::scanner: Discovering "C:\\Users\\user1\\Documents\\GitHub\\tcl-1.0\\src\\components\\seeker\\profile\\modals\\EditCompetitiveExamModal.tsx"
2026-03-09T07:08:12.307936Z  INFO scan_sources: tailwindcss_oxide::scanner: Discovering "C:\\Users\\user1\\Documents\\GitHub\\tcl-1.0\\src\\components\\seeker\\profile\\modals\\EditEducationModal.tsx"
2026-03-09T07:08:12.308197Z  INFO scan_sources: tailwindcss_oxide::scanner: Discovering "C:\\Users\\user1\\Documents\\GitHub\\tcl-1.0\\src\\components\\seeker\\profile\\modals\\EditEmploymentModal.tsx"
2026-03-09T07:08:12.308461Z  INFO scan_sources: tailwindcss_oxide::scanner: Discovering "C:\\Users\\user1\\Documents\\GitHub\\tcl-1.0\\src\\components\\seeker\\profile\\modals\\EditInternshipModal.tsx"
2026-03-09T07:08:12.308680Z  INFO scan_sources: tailwindcss_oxide::scanner: Discovering "C:\\Users\\user1\\Documents\\GitHub\\tcl-1.0\\src\\components\\seeker\\profile\\modals\\EditLanguagesModal.tsx"
2026-03-09T07:08:12.308915Z  INFO scan_sources: tailwindcss_oxide::scanner: Discovering "C:\\Users\\user1\\Documents\\GitHub\\tcl-1.0\\src\\components\\seeker\\profile\\modals\\EditPreferencesModal.tsx"
2026-03-09T07:08:12.309154Z  INFO scan_sources: tailwindcss_oxide::scanner: Discovering "C:\\Users\\user1\\Documents\\GitHub\\tcl-1.0\\src\\components\\seeker\\profile\\modals\\EditProfileSummaryModal.tsx"
2026-03-09T07:08:12.309386Z  INFO scan_sources: tailwindcss_oxide::scanner: Discovering "C:\\Users\\user1\\Documents\\GitHub\\tcl-1.0\\src\\components\\seeker\\profile\\modals\\EditProjectModal.tsx"
2026-03-09T07:08:12.309595Z  INFO scan_sources: tailwindcss_oxide::scanner: Discovering "C:\\Users\\user1\\Documents\\GitHub\\tcl-1.0\\src\\components\\seeker\\profile\\modals\\EditResumeModal.tsx"
2026-03-09T07:08:12.309791Z  INFO scan_sources: tailwindcss_oxide::scanner: Discovering "C:\\Users\\user1\\Documents\\GitHub\\tcl-1.0\\src\\components\\seeker\\profile\\modals\\EditSkillsModal.tsx"
2026-03-09T07:08:12.310148Z  INFO scan_sources: tailwindcss_oxide::scanner: Discovering "C:\\Users\\user1\\Documents\\GitHub\\tcl-1.0\\src\\components\\seeker\\profile\\ProfileHeader.tsx"
2026-03-09T07:08:12.310410Z  INFO scan_sources: tailwindcss_oxide::scanner: Discovering "C:\\Users\\user1\\Documents\\GitHub\\tcl-1.0\\src\\components\\seeker\\profile\\SectionContainer.tsx"
2026-03-09T07:08:12.310864Z  INFO scan_sources: tailwindcss_oxide::scanner: Discovering "C:\\Users\\user1\\Documents\\GitHub\\tcl-1.0\\src\\components\\seeker\\profile\\sections"
2026-03-09T07:08:12.311367Z  INFO scan_sources: tailwindcss_oxide::scanner: Discovering "C:\\Users\\user1\\Documents\\GitHub\\tcl-1.0\\src\\components\\seeker\\profile\\sections\\AcademicAchievements.tsx"
2026-03-09T07:08:12.311601Z  INFO scan_sources: tailwindcss_oxide::scanner: Discovering "C:\\Users\\user1\\Documents\\GitHub\\tcl-1.0\\src\\components\\seeker\\profile\\sections\\Accomplishments.tsx"
2026-03-09T07:08:12.311803Z  INFO scan_sources: tailwindcss_oxide::scanner: Discovering "C:\\Users\\user1\\Documents\\GitHub\\tcl-1.0\\src\\components\\seeker\\profile\\sections\\BasicDetails.tsx"
2026-03-09T07:08:12.312021Z  INFO scan_sources: tailwindcss_oxide::scanner: Discovering "C:\\Users\\user1\\Documents\\GitHub\\tcl-1.0\\src\\components\\seeker\\profile\\sections\\CareerPreferences.tsx"
2026-03-09T07:08:12.312230Z  INFO scan_sources: tailwindcss_oxide::scanner: Discovering "C:\\Users\\user1\\Documents\\GitHub\\tcl-1.0\\src\\components\\seeker\\profile\\sections\\CompetitiveExams.tsx"
2026-03-09T07:08:12.312426Z  INFO scan_sources: tailwindcss_oxide::scanner: Discovering "C:\\Users\\user1\\Documents\\GitHub\\tcl-1.0\\src\\components\\seeker\\profile\\sections\\Education.tsx"
2026-03-09T07:08:12.312664Z  INFO scan_sources: tailwindcss_oxide::scanner: Discovering "C:\\Users\\user1\\Documents\\GitHub\\tcl-1.0\\src\\components\\seeker\\profile\\sections\\Employment.tsx"
2026-03-09T07:08:12.312912Z  INFO scan_sources: tailwindcss_oxide::scanner: Discovering "C:\\Users\\user1\\Documents\\GitHub\\tcl-1.0\\src\\components\\seeker\\profile\\sections\\Internships.tsx"
2026-03-09T07:08:12.313146Z  INFO scan_sources: tailwindcss_oxide::scanner: Discovering "C:\\Users\\user1\\Documents\\GitHub\\tcl-1.0\\src\\components\\seeker\\profile\\sections\\KeySkills.tsx"
2026-03-09T07:08:12.313382Z  INFO scan_sources: tailwindcss_oxide::scanner: Discovering "C:\\Users\\user1\\Documents\\GitHub\\tcl-1.0\\src\\components\\seeker\\profile\\sections\\Languages.tsx"
2026-03-09T07:08:12.313607Z  INFO scan_sources: tailwindcss_oxide::scanner: Discovering "C:\\Users\\user1\\Documents\\GitHub\\tcl-1.0\\src\\components\\seeker\\profile\\sections\\ProfileSummary.tsx"
2026-03-09T07:08:12.313869Z  INFO scan_sources: tailwindcss_oxide::scanner: Discovering "C:\\Users\\user1\\Documents\\GitHub\\tcl-1.0\\src\\components\\seeker\\profile\\sections\\Projects.tsx"
2026-03-09T07:08:12.314072Z  INFO scan_sources: tailwindcss_oxide::scanner: Discovering "C:\\Users\\user1\\Documents\\GitHub\\tcl-1.0\\src\\components\\seeker\\profile\\sections\\Resume.tsx"
2026-03-09T07:08:12.314366Z  INFO scan_sources: tailwindcss_oxide::scanner: Discovering "C:\\Users\\user1\\Documents\\GitHub\\tcl-1.0\\src\\components\\seeker\\profile\\Sidebar.tsx"
2026-03-09T07:08:12.314575Z  INFO scan_sources: tailwindcss_oxide::scanner: Discovering "C:\\Users\\user1\\Documents\\GitHub\\tcl-1.0\\src\\components\\seeker\\profile\\UserProfileLayout.tsx"
2026-03-09T07:08:12.315152Z  INFO scan_sources: tailwindcss_oxide::scanner: Discovering "C:\\Users\\user1\\Documents\\GitHub\\tcl-1.0\\src\\components\\ui"
2026-03-09T07:08:12.315655Z  INFO scan_sources: tailwindcss_oxide::scanner: Discovering "C:\\Users\\user1\\Documents\\GitHub\\tcl-1.0\\src\\components\\ui\\Button.tsx"
2026-03-09T07:08:12.316131Z  INFO scan_sources: tailwindcss_oxide::scanner: Discovering "C:\\Users\\user1\\Documents\\GitHub\\tcl-1.0\\src\\components\\user-applications"
2026-03-09T07:08:12.316825Z  INFO scan_sources: tailwindcss_oxide::scanner: Discovering "C:\\Users\\user1\\Documents\\GitHub\\tcl-1.0\\src\\components\\user-applications\\ApplicationsContainer.tsx"
2026-03-09T07:08:12.317130Z  INFO scan_sources: tailwindcss_oxide::scanner: Discovering "C:\\Users\\user1\\Documents\\GitHub\\tcl-1.0\\src\\components\\user-applications\\ApplicationSlideOver.tsx"
2026-03-09T07:08:12.317329Z  INFO scan_sources: tailwindcss_oxide::scanner: Discovering "C:\\Users\\user1\\Documents\\GitHub\\tcl-1.0\\src\\components\\user-applications\\ApplicationTable.tsx"
2026-03-09T07:08:12.317525Z  INFO scan_sources: tailwindcss_oxide::scanner: Discovering "C:\\Users\\user1\\Documents\\GitHub\\tcl-1.0\\src\\components\\user-applications\\StatCards.tsx"
2026-03-09T07:08:12.318054Z  INFO scan_sources: tailwindcss_oxide::scanner: Discovering "C:\\Users\\user1\\Documents\\GitHub\\tcl-1.0\\src\\data"
2026-03-09T07:08:12.318565Z  INFO scan_sources: tailwindcss_oxide::scanner: Discovering "C:\\Users\\user1\\Documents\\GitHub\\tcl-1.0\\src\\data\\applications-mock.ts"
2026-03-09T07:08:12.318779Z  INFO scan_sources: tailwindcss_oxide::scanner: Discovering "C:\\Users\\user1\\Documents\\GitHub\\tcl-1.0\\src\\data\\company-mock.ts"
2026-03-09T07:08:12.319004Z  INFO scan_sources: tailwindcss_oxide::scanner: Discovering "C:\\Users\\user1\\Documents\\GitHub\\tcl-1.0\\src\\data\\mock-data.ts"
2026-03-09T07:08:12.319170Z  INFO scan_sources: tailwindcss_oxide::scanner: Discovering "C:\\Users\\user1\\Documents\\GitHub\\tcl-1.0\\src\\data\\search-mock-data.ts"
2026-03-09T07:08:12.319615Z  INFO scan_sources: tailwindcss_oxide::scanner: Discovering "C:\\Users\\user1\\Documents\\GitHub\\tcl-1.0\\src\\hooks"
2026-03-09T07:08:12.320107Z  INFO scan_sources: tailwindcss_oxide::scanner: Discovering "C:\\Users\\user1\\Documents\\GitHub\\tcl-1.0\\src\\hooks\\useFormPersistence.ts"
2026-03-09T07:08:12.320554Z  INFO scan_sources: tailwindcss_oxide::scanner: Discovering "C:\\Users\\user1\\Documents\\GitHub\\tcl-1.0\\src\\lib"
2026-03-09T07:08:12.321267Z  INFO scan_sources: tailwindcss_oxide::scanner: Discovering "C:\\Users\\user1\\Documents\\GitHub\\tcl-1.0\\src\\lib\\db"
2026-03-09T07:08:12.321745Z  INFO scan_sources: tailwindcss_oxide::scanner: Discovering "C:\\Users\\user1\\Documents\\GitHub\\tcl-1.0\\src\\lib\\db\\db.ts"
2026-03-09T07:08:12.321967Z  INFO scan_sources: tailwindcss_oxide::scanner: Discovering "C:\\Users\\user1\\Documents\\GitHub\\tcl-1.0\\src\\lib\\db\\schema.ts"
2026-03-09T07:08:12.322156Z  INFO scan_sources: tailwindcss_oxide::scanner: Discovering "C:\\Users\\user1\\Documents\\GitHub\\tcl-1.0\\src\\lib\\db\\seed.ts"
2026-03-09T07:08:12.322650Z  INFO scan_sources: tailwindcss_oxide::scanner: Discovering "C:\\Users\\user1\\Documents\\GitHub\\tcl-1.0\\src\\lib\\email"
2026-03-09T07:08:12.323189Z  INFO scan_sources: tailwindcss_oxide::scanner: Discovering "C:\\Users\\user1\\Documents\\GitHub\\tcl-1.0\\src\\lib\\email\\mailer.ts"
2026-03-09T07:08:12.323500Z  INFO scan_sources: tailwindcss_oxide::scanner: Discovering "C:\\Users\\user1\\Documents\\GitHub\\tcl-1.0\\src\\lib\\profileCompletion.ts"
2026-03-09T07:08:12.323702Z  INFO scan_sources: tailwindcss_oxide::scanner: Discovering "C:\\Users\\user1\\Documents\\GitHub\\tcl-1.0\\src\\lib\\profileTypes.ts"
2026-03-09T07:08:12.323916Z  INFO scan_sources: tailwindcss_oxide::scanner: Discovering "C:\\Users\\user1\\Documents\\GitHub\\tcl-1.0\\src\\lib\\profileUtils.ts"
2026-03-09T07:08:12.324215Z  INFO scan_sources: tailwindcss_oxide::scanner: Discovering "C:\\Users\\user1\\Documents\\GitHub\\tcl-1.0\\src\\lib\\suggestionData.ts"
2026-03-09T07:08:12.324776Z  INFO scan_sources: tailwindcss_oxide::scanner: Discovering "C:\\Users\\user1\\Documents\\GitHub\\tcl-1.0\\src\\lib\\validation"
2026-03-09T07:08:12.326507Z  INFO scan_sources: tailwindcss_oxide::scanner: Discovering "C:\\Users\\user1\\Documents\\GitHub\\tcl-1.0\\src\\lib\\validation\\auth.ts"
2026-03-09T07:08:12.389495Z  INFO scan_sources: tailwindcss_oxide::scanner: Discovering "C:\\Users\\user1\\Documents\\GitHub\\tcl-1.0\\src\\lib\\wizardConfig.ts"
2026-03-09T07:08:12.390137Z  INFO scan_sources: tailwindcss_oxide::scanner: Discovering "C:\\Users\\user1\\Documents\\GitHub\\tcl-1.0\\src\\proxy.ts"
2026-03-09T07:08:12.390648Z  INFO scan_sources: tailwindcss_oxide::scanner: Discovering "C:\\Users\\user1\\Documents\\GitHub\\tcl-1.0\\src\\types"
2026-03-09T07:08:12.391225Z  INFO scan_sources: tailwindcss_oxide::scanner: Discovering "C:\\Users\\user1\\Documents\\GitHub\\tcl-1.0\\src\\types\\job.ts"
2026-03-09T07:08:12.391455Z  INFO scan_sources: tailwindcss_oxide::scanner: Discovering "C:\\Users\\user1\\Documents\\GitHub\\tcl-1.0\\src\\types\\next-auth.d.ts"
2026-03-09T07:08:12.399740Z  INFO scan_sources: tailwindcss_oxide::scanner: Discovering "C:\\Users\\user1\\Documents\\GitHub\\tcl-1.0\\trace.txt"
2026-03-09T07:08:12.400206Z  INFO scan_sources: tailwindcss_oxide::scanner: Discovering "C:\\Users\\user1\\Documents\\GitHub\\tcl-1.0\\tsconfig.json"
2026-03-09T07:08:12.400668Z  INFO scan_sources: tailwindcss_oxide::scanner: Discovering "C:\\Users\\user1\\Documents\\GitHub\\tcl-1.0\\y.txt"
2026-03-09T07:08:12.402093Z  INFO scan_sources: tailwindcss_oxide::scanner: exit
2026-03-09T07:08:12.402466Z  INFO extract_candidates: tailwindcss_oxide::scanner: enter
2026-03-09T07:08:12.402527Z  INFO extract_candidates:read_all_files: tailwindcss_oxide::scanner: enter
2026-03-09T07:08:12.402546Z  INFO extract_candidates:read_all_files: tailwindcss_oxide::scanner: Reading 232 file(s)
2026-03-09T07:08:12.404551Z  INFO tailwindcss_oxide::scanner: Reading "C:\\Users\\user1\\Documents\\GitHub\\tcl-1.0\\drizzle\\meta\\_journal.json"
2026-03-09T07:08:12.404780Z  INFO tailwindcss_oxide::scanner: Reading "C:\\Users\\user1\\Documents\\GitHub\\tcl-1.0\\src\\components\\seeker\\profile\\modals\\EditAcademicAchievementsModal.tsx"
2026-03-09T07:08:12.404916Z  INFO tailwindcss_oxide::scanner: Reading "C:\\Users\\user1\\Documents\\GitHub\\tcl-1.0\\public\\vercel.svg"
2026-03-09T07:08:12.405001Z  INFO tailwindcss_oxide::scanner: Reading "C:\\Users\\user1\\Documents\\GitHub\\tcl-1.0\\next.config.ts"
2026-03-09T07:08:12.405054Z  INFO tailwindcss_oxide::scanner: Reading "C:\\Users\\user1\\Documents\\GitHub\\tcl-1.0\\drizzle.config.ts"
2026-03-09T07:08:12.405052Z  INFO tailwindcss_oxide::scanner: Reading "C:\\Users\\user1\\Documents\\GitHub\\tcl-1.0\\src\\app\\(employer-dashboard)\\employer-dashboard\\page.tsx"
2026-03-09T07:08:12.404927Z  INFO tailwindcss_oxide::scanner: Reading "C:\\Users\\user1\\Documents\\GitHub\\tcl-1.0\\src\\components\\employers\\HiringProcessSection.tsx"
2026-03-09T07:08:12.405176Z  INFO tailwindcss_oxide::scanner: Reading "C:\\Users\\user1\\Documents\\GitHub\\tcl-1.0\\package.json"
2026-03-09T07:08:12.405181Z  INFO tailwindcss_oxide::scanner: Reading "C:\\Users\\user1\\Documents\\GitHub\\tcl-1.0\\src\\components\\seeker\\profile\\modals\\EditAwardModal.tsx"
2026-03-09T07:08:12.405355Z  INFO tailwindcss_oxide::scanner: Reading "C:\\Users\\user1\\Documents\\GitHub\\tcl-1.0\\src\\app\\(employer-dashboard)\\employer-dashboard\\post-job\\page.tsx"
2026-03-09T07:08:12.405353Z  INFO tailwindcss_oxide::scanner: Reading "C:\\Users\\user1\\Documents\\GitHub\\tcl-1.0\\public\\window.svg"
2026-03-09T07:08:12.405425Z  INFO tailwindcss_oxide::scanner: Reading "C:\\Users\\user1\\Documents\\GitHub\\tcl-1.0\\postcss.config.mjs"
2026-03-09T07:08:12.405493Z  INFO tailwindcss_oxide::scanner: Reading "C:\\Users\\user1\\Documents\\GitHub\\tcl-1.0\\drop_tables.js"
2026-03-09T07:08:12.405576Z  INFO tailwindcss_oxide::scanner: Reading "C:\\Users\\user1\\Documents\\GitHub\\tcl-1.0\\.github\\CODEOWNERS"
2026-03-09T07:08:12.405594Z  INFO tailwindcss_oxide::scanner: Reading "C:\\Users\\user1\\Documents\\GitHub\\tcl-1.0\\src\\components\\employers\\PowerfulToolsSection.tsx"
2026-03-09T07:08:12.405648Z  INFO tailwindcss_oxide::scanner: Reading "C:\\Users\\user1\\Documents\\GitHub\\tcl-1.0\\src\\components\\seeker\\profile\\modals\\EditBasicDetailsModal.tsx"
2026-03-09T07:08:12.405839Z  INFO tailwindcss_oxide::scanner: Reading "C:\\Users\\user1\\Documents\\GitHub\\tcl-1.0\\src\\app\\(employer-dashboard)\\job-postings\\page.tsx"
2026-03-09T07:08:12.405969Z  INFO tailwindcss_oxide::scanner: Reading "C:\\Users\\user1\\Documents\\GitHub\\tcl-1.0\\public\\favicon.svg"
2026-03-09T07:08:12.406138Z  INFO tailwindcss_oxide::scanner: Reading "C:\\Users\\user1\\Documents\\GitHub\\tcl-1.0\\src\\components\\home\\CategorySection.tsx"
2026-03-09T07:08:12.406181Z  INFO tailwindcss_oxide::scanner: Reading "C:\\Users\\user1\\Documents\\GitHub\\tcl-1.0\\.github\\workflows\\ci.yml"
2026-03-09T07:08:12.406278Z  INFO tailwindcss_oxide::scanner: Reading "C:\\Users\\user1\\Documents\\GitHub\\tcl-1.0\\src\\app\\(employer-dashboard)\\layout.tsx"
2026-03-09T07:08:12.406341Z  INFO tailwindcss_oxide::scanner: Reading "C:\\Users\\user1\\Documents\\GitHub\\tcl-1.0\\src\\components\\seeker\\profile\\modals\\EditCertificationModal.tsx"
2026-03-09T07:08:12.406722Z  INFO tailwindcss_oxide::scanner: Reading "C:\\Users\\user1\\Documents\\GitHub\\tcl-1.0\\src\\app\\api\\auth\\forgot-password\\route.ts"
2026-03-09T07:08:12.406740Z  INFO tailwindcss_oxide::scanner: Reading "C:\\Users\\user1\\Documents\\GitHub\\tcl-1.0\\public\\file.svg"
2026-03-09T07:08:12.406701Z  INFO tailwindcss_oxide::scanner: Reading "C:\\Users\\user1\\Documents\\GitHub\\tcl-1.0\\README.md"
2026-03-09T07:08:12.406943Z  INFO tailwindcss_oxide::scanner: Reading "C:\\Users\\user1\\Documents\\GitHub\\tcl-1.0\\.github\\workflows\\enforce-merge-chain.yml"
2026-03-09T07:08:12.407068Z  INFO tailwindcss_oxide::scanner: Reading "C:\\Users\\user1\\Documents\\GitHub\\tcl-1.0\\src\\components\\seeker\\profile\\modals\\EditClubModal.tsx"
2026-03-09T07:08:12.407067Z  INFO tailwindcss_oxide::scanner: Reading "C:\\Users\\user1\\Documents\\GitHub\\tcl-1.0\\src\\components\\home\\HeroSection.tsx"
2026-03-09T07:08:12.407301Z  INFO tailwindcss_oxide::scanner: Reading "C:\\Users\\user1\\Documents\\GitHub\\tcl-1.0\\src\\app\\api\\auth\\reset-password\\route.ts"
2026-03-09T07:08:12.407376Z  INFO tailwindcss_oxide::scanner: Reading "C:\\Users\\user1\\Documents\\GitHub\\tcl-1.0\\public\\globe.svg"
2026-03-09T07:08:12.407399Z  INFO tailwindcss_oxide::scanner: Reading "C:\\Users\\user1\\Documents\\GitHub\\tcl-1.0\\Employer-dashboard-application.pen"
2026-03-09T07:08:12.407416Z  INFO tailwindcss_oxide::scanner: Reading "C:\\Users\\user1\\Documents\\GitHub\\tcl-1.0\\src\\app\\page.tsx"
2026-03-09T07:08:12.407586Z  INFO tailwindcss_oxide::scanner: Reading "C:\\Users\\user1\\Documents\\GitHub\\tcl-1.0\\src\\components\\seeker\\profile\\modals\\EditCompetitiveExamModal.tsx"
2026-03-09T07:08:12.407811Z  INFO tailwindcss_oxide::scanner: Reading "C:\\Users\\user1\\Documents\\GitHub\\tcl-1.0\\src\\actions\\auth.actions.ts"
2026-03-09T07:08:12.408364Z  INFO tailwindcss_oxide::scanner: Reading "C:\\Users\\user1\\Documents\\GitHub\\tcl-1.0\\src\\app\\api\\auth\\[...nextauth]\\route.ts"
2026-03-09T07:08:12.408782Z  INFO tailwindcss_oxide::scanner: Reading "C:\\Users\\user1\\Documents\\GitHub\\tcl-1.0\\public\\next.svg"
2026-03-09T07:08:12.409089Z  INFO tailwindcss_oxide::scanner: Reading "C:\\Users\\user1\\Documents\\GitHub\\tcl-1.0\\src\\components\\seeker\\profile\\modals\\EditEducationModal.tsx"
2026-03-09T07:08:12.409261Z  INFO tailwindcss_oxide::scanner: Reading "C:\\Users\\user1\\Documents\\GitHub\\tcl-1.0\\src\\app\\api\\profile\\achievements\\route.ts"
2026-03-09T07:08:12.409485Z  INFO tailwindcss_oxide::scanner: Reading "C:\\Users\\user1\\Documents\\GitHub\\tcl-1.0\\src\\app\\api\\profile\\education\\route.ts"
2026-03-09T07:08:12.409668Z  INFO tailwindcss_oxide::scanner: Reading "C:\\Users\\user1\\Documents\\GitHub\\tcl-1.0\\src\\app\\api\\profile\\experience\\route.ts"
2026-03-09T07:08:12.409806Z  INFO tailwindcss_oxide::scanner: Reading "C:\\Users\\user1\\Documents\\GitHub\\tcl-1.0\\src\\components\\seeker\\profile\\modals\\EditEmploymentModal.tsx"
2026-03-09T07:08:12.409819Z  INFO tailwindcss_oxide::scanner: Reading "C:\\Users\\user1\\Documents\\GitHub\\tcl-1.0\\src\\app\\basic-profile\\page.tsx"
2026-03-09T07:08:12.410281Z  INFO tailwindcss_oxide::scanner: Reading "C:\\Users\\user1\\Documents\\GitHub\\tcl-1.0\\src\\app\\api\\profile\\languages\\route.ts"
2026-03-09T07:08:12.410317Z  INFO tailwindcss_oxide::scanner: Reading "C:\\Users\\user1\\Documents\\GitHub\\tcl-1.0\\src\\app\\company\\[id]\\page.tsx"
2026-03-09T07:08:12.410295Z  INFO tailwindcss_oxide::scanner: Reading "C:\\Users\\user1\\Documents\\GitHub\\tcl-1.0\\src\\app\\register\\page.tsx"
2026-03-09T07:08:12.410472Z  INFO tailwindcss_oxide::scanner: Reading "C:\\Users\\user1\\Documents\\GitHub\\tcl-1.0\\src\\components\\home\\JobCard.tsx"
2026-03-09T07:08:12.410521Z  INFO tailwindcss_oxide::scanner: Reading "C:\\Users\\user1\\Documents\\GitHub\\tcl-1.0\\src\\app\\api\\profile\\projects\\route.ts"
2026-03-09T07:08:12.410609Z  INFO tailwindcss_oxide::scanner: Reading "C:\\Users\\user1\\Documents\\GitHub\\tcl-1.0\\src\\components\\seeker\\profile\\modals\\EditInternshipModal.tsx"
2026-03-09T07:08:12.410726Z  INFO tailwindcss_oxide::scanner: Reading "C:\\Users\\user1\\Documents\\GitHub\\tcl-1.0\\src\\app\\detailed-seeker-profile\\page.tsx"
2026-03-09T07:08:12.410814Z  INFO tailwindcss_oxide::scanner: Reading "C:\\Users\\user1\\Documents\\GitHub\\tcl-1.0\\dashboard_log.txt"
2026-03-09T07:08:12.411017Z  INFO tailwindcss_oxide::scanner: Reading "C:\\Users\\user1\\Documents\\GitHub\\tcl-1.0\\src\\components\\seeker\\profile\\modals\\EditLanguagesModal.tsx"
2026-03-09T07:08:12.411160Z  INFO tailwindcss_oxide::scanner: Reading "C:\\Users\\user1\\Documents\\GitHub\\tcl-1.0\\src\\app\\api\\profile\\route.ts"
2026-03-09T07:08:12.411266Z  INFO tailwindcss_oxide::scanner: Reading "C:\\Users\\user1\\Documents\\GitHub\\tcl-1.0\\src\\app\\employers\\client-registration\\page.tsx"
2026-03-09T07:08:12.411278Z  INFO tailwindcss_oxide::scanner: Reading "C:\\Users\\user1\\Documents\\GitHub\\tcl-1.0\\src\\app\\reset-password\\[token]\\page.tsx"
2026-03-09T07:08:12.411640Z  INFO tailwindcss_oxide::scanner: Reading "C:\\Users\\user1\\Documents\\GitHub\\tcl-1.0\\src\\app\\api\\profile\\skills\\route.ts"
2026-03-09T07:08:12.411742Z  INFO tailwindcss_oxide::scanner: Reading "C:\\Users\\user1\\Documents\\GitHub\\tcl-1.0\\src\\components\\seeker\\profile\\modals\\EditPreferencesModal.tsx"
2026-03-09T07:08:12.411791Z  INFO tailwindcss_oxide::scanner: Reading "C:\\Users\\user1\\Documents\\GitHub\\tcl-1.0\\eslint.config.mjs"
2026-03-09T07:08:12.411831Z  INFO tailwindcss_oxide::scanner: Reading "C:\\Users\\user1\\Documents\\GitHub\\tcl-1.0\\src\\app\\search\\page.tsx"
2026-03-09T07:08:12.412156Z  INFO tailwindcss_oxide::scanner: Reading "C:\\Users\\user1\\Documents\\GitHub\\tcl-1.0\\src\\components\\seeker\\profile\\modals\\EditProfileSummaryModal.tsx"
2026-03-09T07:08:12.412158Z  INFO tailwindcss_oxide::scanner: Reading "C:\\Users\\user1\\Documents\\GitHub\\tcl-1.0\\src\\app\\job\\[id]\\page.tsx"
2026-03-09T07:08:12.412184Z  INFO tailwindcss_oxide::scanner: Reading "C:\\Users\\user1\\Documents\\GitHub\\tcl-1.0\\src\\app\\employers\\page.tsx"
2026-03-09T07:08:12.412107Z  INFO tailwindcss_oxide::scanner: Reading "C:\\Users\\user1\\Documents\\GitHub\\tcl-1.0\\fix-db-profile.ts"
2026-03-09T07:08:12.412326Z  INFO tailwindcss_oxide::scanner: Reading "C:\\Users\\user1\\Documents\\GitHub\\tcl-1.0\\src\\actions\\employer.actions.ts"
2026-03-09T07:08:12.412363Z  INFO tailwindcss_oxide::scanner: Reading "C:\\Users\\user1\\Documents\\GitHub\\tcl-1.0\\diff.txt"
2026-03-09T07:08:12.412567Z  INFO tailwindcss_oxide::scanner: Reading "C:\\Users\\user1\\Documents\\GitHub\\tcl-1.0\\src\\app\\forgot-password\\page.tsx"
2026-03-09T07:08:12.412666Z  INFO tailwindcss_oxide::scanner: Reading "C:\\Users\\user1\\Documents\\GitHub\\tcl-1.0\\src\\app\\layout.tsx"
2026-03-09T07:08:12.412671Z  INFO tailwindcss_oxide::scanner: Reading "C:\\Users\\user1\\Documents\\GitHub\\tcl-1.0\\drizzle\\0000_fine_kang.sql"
2026-03-09T07:08:12.412754Z  INFO tailwindcss_oxide::scanner: Reading "C:\\Users\\user1\\Documents\\GitHub\\tcl-1.0\\fix-db.ts"
2026-03-09T07:08:12.412901Z  INFO tailwindcss_oxide::scanner: Reading "C:\\Users\\user1\\Documents\\GitHub\\tcl-1.0\\src\\app\\login\\page.tsx"
2026-03-09T07:08:12.412987Z  INFO tailwindcss_oxide::scanner: Reading "C:\\Users\\user1\\Documents\\GitHub\\tcl-1.0\\src\\app\\icon.svg"
2026-03-09T07:08:12.413007Z  INFO tailwindcss_oxide::scanner: Reading "C:\\Users\\user1\\Documents\\GitHub\\tcl-1.0\\src\\actions\\job.actions.ts"
2026-03-09T07:08:12.413177Z  INFO tailwindcss_oxide::scanner: Reading "C:\\Users\\user1\\Documents\\GitHub\\tcl-1.0\\src\\actions\\onboarding.actions.ts"
2026-03-09T07:08:12.413237Z  INFO tailwindcss_oxide::scanner: Reading "C:\\Users\\user1\\Documents\\GitHub\\tcl-1.0\\drizzle\\meta\\0000_snapshot.json"
2026-03-09T07:08:12.413179Z  INFO tailwindcss_oxide::scanner: Reading "C:\\Users\\user1\\Documents\\GitHub\\tcl-1.0\\src\\components\\home\\JobOpeningsSection.tsx"
2026-03-09T07:08:12.413596Z  INFO tailwindcss_oxide::scanner: Reading "C:\\Users\\user1\\Documents\\GitHub\\tcl-1.0\\src\\app\\(employer-dashboard)\\employer-applications\\page.tsx"
2026-03-09T07:08:12.413671Z  INFO tailwindcss_oxide::scanner: Reading "C:\\Users\\user1\\Documents\\GitHub\\tcl-1.0\\src\\components\\seeker\\profile\\sections\\Resume.tsx"
2026-03-09T07:08:12.413698Z  INFO tailwindcss_oxide::scanner: Reading "C:\\Users\\user1\\Documents\\GitHub\\tcl-1.0\\src\\app\\onboarding\\education\\page.tsx"
2026-03-09T07:08:12.413622Z  INFO tailwindcss_oxide::scanner: Reading "C:\\Users\\user1\\Documents\\GitHub\\tcl-1.0\\src\\components\\seeker\\profile\\modals\\EditProjectModal.tsx"
2026-03-09T07:08:12.414292Z  INFO tailwindcss_oxide::scanner: Reading "C:\\Users\\user1\\Documents\\GitHub\\tcl-1.0\\src\\components\\seeker\\profile\\sections\\CompetitiveExams.tsx"
2026-03-09T07:08:12.413870Z  INFO tailwindcss_oxide::scanner: Reading "C:\\Users\\user1\\Documents\\GitHub\\tcl-1.0\\src\\components\\home\\RecruiterCTA.tsx"
2026-03-09T07:08:12.414715Z  INFO tailwindcss_oxide::scanner: Reading "C:\\Users\\user1\\Documents\\GitHub\\tcl-1.0\\src\\components\\seeker\\profile\\Sidebar.tsx"
2026-03-09T07:08:12.414876Z  INFO tailwindcss_oxide::scanner: Reading "C:\\Users\\user1\\Documents\\GitHub\\tcl-1.0\\src\\app\\onboarding\\employment\\page.tsx"
2026-03-09T07:08:12.414489Z  INFO tailwindcss_oxide::scanner: Reading "C:\\Users\\user1\\Documents\\GitHub\\tcl-1.0\\src\\components\\seeker\\profile\\modals\\EditResumeModal.tsx"
2026-03-09T07:08:12.413814Z  INFO tailwindcss_oxide::scanner: Reading "C:\\Users\\user1\\Documents\\GitHub\\tcl-1.0\\src\\components\\seeker\\profile\\modals\\EditSkillsModal.tsx"
2026-03-09T07:08:12.414883Z  INFO tailwindcss_oxide::scanner: Reading "C:\\Users\\user1\\Documents\\GitHub\\tcl-1.0\\src\\components\\seeker\\profile\\sections\\Education.tsx"
2026-03-09T07:08:12.414312Z  INFO tailwindcss_oxide::scanner: Reading "C:\\Users\\user1\\Documents\\GitHub\\tcl-1.0\\src\\components\\dashboard\\MobileComponents.tsx"
2026-03-09T07:08:12.415305Z  INFO tailwindcss_oxide::scanner: Reading "C:\\Users\\user1\\Documents\\GitHub\\tcl-1.0\\src\\app\\onboarding\\layout.tsx"
2026-03-09T07:08:12.415382Z  INFO tailwindcss_oxide::scanner: Reading "C:\\Users\\user1\\Documents\\GitHub\\tcl-1.0\\src\\components\\home\\TrustedCompanies.tsx"
2026-03-09T07:08:12.415381Z  INFO tailwindcss_oxide::scanner: Reading "C:\\Users\\user1\\Documents\\GitHub\\tcl-1.0\\src\\components\\employer-application\\ApplicationsTopBar.tsx"
2026-03-09T07:08:12.415396Z  INFO tailwindcss_oxide::scanner: Reading "C:\\Users\\user1\\Documents\\GitHub\\tcl-1.0\\src\\components\\seeker\\profile\\ProfileHeader.tsx"
2026-03-09T07:08:12.415640Z  INFO tailwindcss_oxide::scanner: Reading "C:\\Users\\user1\\Documents\\GitHub\\tcl-1.0\\src\\app\\onboarding\\page.tsx"
2026-03-09T07:08:12.415665Z  INFO tailwindcss_oxide::scanner: Reading "C:\\Users\\user1\\Documents\\GitHub\\tcl-1.0\\src\\components\\employer-application\\FilterPanel.tsx"
2026-03-09T07:08:12.415678Z  INFO tailwindcss_oxide::scanner: Reading "C:\\Users\\user1\\Documents\\GitHub\\tcl-1.0\\src\\components\\job-posting\\JobCard.tsx"
2026-03-09T07:08:12.415678Z  INFO tailwindcss_oxide::scanner: Reading "C:\\Users\\user1\\Documents\\GitHub\\tcl-1.0\\src\\app\\seeker\\dashboard\\page.tsx"
2026-03-09T07:08:12.415955Z  INFO tailwindcss_oxide::scanner: Reading "C:\\Users\\user1\\Documents\\GitHub\\tcl-1.0\\src\\components\\employer-application\\StatusFilterTabs.tsx"
2026-03-09T07:08:12.416041Z  INFO tailwindcss_oxide::scanner: Reading "C:\\Users\\user1\\Documents\\GitHub\\tcl-1.0\\src\\components\\seeker\\profile\\SectionContainer.tsx"
2026-03-09T07:08:12.416052Z  INFO tailwindcss_oxide::scanner: Reading "C:\\Users\\user1\\Documents\\GitHub\\tcl-1.0\\src\\components\\dashboard\\ProfileSidebar.tsx"
2026-03-09T07:08:12.416291Z  INFO tailwindcss_oxide::scanner: Reading "C:\\Users\\user1\\Documents\\GitHub\\tcl-1.0\\src\\app\\seeker\\dashboard\\UserDashboardClient.tsx"
2026-03-09T07:08:12.416503Z  INFO tailwindcss_oxide::scanner: Reading "C:\\Users\\user1\\Documents\\GitHub\\tcl-1.0\\src\\components\\employer-dashboard\\DashboardSidebar.tsx"
2026-03-09T07:08:12.416542Z  INFO tailwindcss_oxide::scanner: Reading "C:\\Users\\user1\\Documents\\GitHub\\tcl-1.0\\src\\components\\seeker\\profile\\sections\\AcademicAchievements.tsx"
2026-03-09T07:08:12.416953Z  INFO tailwindcss_oxide::scanner: Reading "C:\\Users\\user1\\Documents\\GitHub\\tcl-1.0\\src\\app\\onboarding\\preferences\\page.tsx"
2026-03-09T07:08:12.417221Z  INFO tailwindcss_oxide::scanner: Reading "C:\\Users\\user1\\Documents\\GitHub\\tcl-1.0\\src\\components\\seeker\\profile\\sections\\Accomplishments.tsx"
2026-03-09T07:08:12.417267Z  INFO tailwindcss_oxide::scanner: Reading "C:\\Users\\user1\\Documents\\GitHub\\tcl-1.0\\src\\components\\employer-dashboard\\DashboardTopBar.tsx"
2026-03-09T07:08:12.417322Z  INFO tailwindcss_oxide::scanner: Reading "C:\\Users\\user1\\Documents\\GitHub\\tcl-1.0\\src\\components\\seeker\\profile\\sections\\Employment.tsx"
2026-03-09T07:08:12.417671Z  INFO tailwindcss_oxide::scanner: Reading "C:\\Users\\user1\\Documents\\GitHub\\tcl-1.0\\src\\components\\employer-dashboard\\MetricsRow.tsx"
2026-03-09T07:08:12.417664Z  INFO tailwindcss_oxide::scanner: Reading "C:\\Users\\user1\\Documents\\GitHub\\tcl-1.0\\src\\components\\job-posting\\JobPostingsContent.tsx"
2026-03-09T07:08:12.417736Z  INFO tailwindcss_oxide::scanner: Reading "C:\\Users\\user1\\Documents\\GitHub\\tcl-1.0\\src\\components\\seeker\\profile\\sections\\BasicDetails.tsx"
2026-03-09T07:08:12.417771Z  INFO tailwindcss_oxide::scanner: Reading "C:\\Users\\user1\\Documents\\GitHub\\tcl-1.0\\src\\app\\seeker\\profile\\page.tsx"
2026-03-09T07:08:12.417844Z  INFO tailwindcss_oxide::scanner: Reading "C:\\Users\\user1\\Documents\\GitHub\\tcl-1.0\\src\\components\\dashboard\\RightSidebar.tsx"
2026-03-09T07:08:12.417844Z  INFO tailwindcss_oxide::scanner: Reading "C:\\Users\\user1\\Documents\\GitHub\\tcl-1.0\\src\\components\\seeker\\profile\\sections\\Internships.tsx"
2026-03-09T07:08:12.417621Z  INFO tailwindcss_oxide::scanner: Reading "C:\\Users\\user1\\Documents\\GitHub\\tcl-1.0\\src\\components\\employer\\EmployerNavbar.tsx"
2026-03-09T07:08:12.418036Z  INFO tailwindcss_oxide::scanner: Reading "C:\\Users\\user1\\Documents\\GitHub\\tcl-1.0\\src\\components\\seeker\\profile\\UserProfileLayout.tsx"
2026-03-09T07:08:12.418190Z  INFO tailwindcss_oxide::scanner: Reading "C:\\Users\\user1\\Documents\\GitHub\\tcl-1.0\\src\\components\\seeker\\profile\\sections\\CareerPreferences.tsx"
2026-03-09T07:08:12.418196Z  INFO tailwindcss_oxide::scanner: Reading "C:\\Users\\user1\\Documents\\GitHub\\tcl-1.0\\src\\components\\employer-dashboard\\MobileBottomNav.tsx"
2026-03-09T07:08:12.418214Z  INFO tailwindcss_oxide::scanner: Reading "C:\\Users\\user1\\Documents\\GitHub\\tcl-1.0\\src\\app\\user-applications\\page.tsx"
2026-03-09T07:08:12.418397Z  INFO tailwindcss_oxide::scanner: Reading "C:\\Users\\user1\\Documents\\GitHub\\tcl-1.0\\src\\components\\job-posting\\JobPostingsHeader.tsx"
2026-03-09T07:08:12.418561Z  INFO tailwindcss_oxide::scanner: Reading "C:\\Users\\user1\\Documents\\GitHub\\tcl-1.0\\src\\components\\seeker\\profile\\sections\\ProfileSummary.tsx"
2026-03-09T07:08:12.418591Z  INFO tailwindcss_oxide::scanner: Reading "C:\\Users\\user1\\Documents\\GitHub\\tcl-1.0\\src\\components\\seeker\\profile\\sections\\KeySkills.tsx"
2026-03-09T07:08:12.418607Z  INFO tailwindcss_oxide::scanner: Reading "C:\\Users\\user1\\Documents\\GitHub\\tcl-1.0\\src\\auth.ts"
2026-03-09T07:08:12.418619Z  INFO tailwindcss_oxide::scanner: Reading "C:\\Users\\user1\\Documents\\GitHub\\tcl-1.0\\src\\components\\ui\\Button.tsx"
2026-03-09T07:08:12.418720Z  INFO tailwindcss_oxide::scanner: Reading "C:\\Users\\user1\\Documents\\GitHub\\tcl-1.0\\src\\components\\employer-application\\ActiveJobsStrip.tsx"
2026-03-09T07:08:12.418855Z  INFO tailwindcss_oxide::scanner: Reading "C:\\Users\\user1\\Documents\\GitHub\\tcl-1.0\\src\\components\\dashboard\\SidebarNav.tsx"
2026-03-09T07:08:12.418887Z  INFO tailwindcss_oxide::scanner: Reading "C:\\Users\\user1\\Documents\\GitHub\\tcl-1.0\\src\\components\\employer-application\\applicantsData.ts"
2026-03-09T07:08:12.418984Z  INFO tailwindcss_oxide::scanner: Reading "C:\\Users\\user1\\Documents\\GitHub\\tcl-1.0\\src\\components\\seeker\\profile\\sections\\Languages.tsx"
2026-03-09T07:08:12.419003Z  INFO tailwindcss_oxide::scanner: Reading "C:\\Users\\user1\\Documents\\GitHub\\tcl-1.0\\src\\components\\auth\\AuthCard.tsx"
2026-03-09T07:08:12.419057Z  INFO tailwindcss_oxide::scanner: Reading "C:\\Users\\user1\\Documents\\GitHub\\tcl-1.0\\src\\components\\seeker\\profile\\sections\\Projects.tsx"
2026-03-09T07:08:12.419177Z  INFO tailwindcss_oxide::scanner: Reading "C:\\Users\\user1\\Documents\\GitHub\\tcl-1.0\\src\\components\\user-applications\\ApplicationsContainer.tsx"
2026-03-09T07:08:12.419202Z  INFO tailwindcss_oxide::scanner: Reading "C:\\Users\\user1\\Documents\\GitHub\\tcl-1.0\\src\\components\\profile\\SectionCard.tsx"
2026-03-09T07:08:12.419326Z  INFO tailwindcss_oxide::scanner: Reading "C:\\Users\\user1\\Documents\\GitHub\\tcl-1.0\\src\\components\\employer-dashboard\\QuickActionsPanel.tsx"
2026-03-09T07:08:12.419376Z  INFO tailwindcss_oxide::scanner: Reading "C:\\Users\\user1\\Documents\\GitHub\\tcl-1.0\\src\\components\\employer-application\\ApplicantsTable.tsx"
2026-03-09T07:08:12.419379Z  INFO tailwindcss_oxide::scanner: Reading "C:\\Users\\user1\\Documents\\GitHub\\tcl-1.0\\src\\components\\job-posting\\JobPostsList.tsx"
2026-03-09T07:08:12.419507Z  INFO tailwindcss_oxide::scanner: Reading "C:\\Users\\user1\\Documents\\GitHub\\tcl-1.0\\src\\components\\dashboard\\UpgradeBanner.tsx"
2026-03-09T07:08:12.419689Z  INFO tailwindcss_oxide::scanner: Reading "C:\\Users\\user1\\Documents\\GitHub\\tcl-1.0\\src\\components\\profile\\sections\\AchievementsSection.tsx"
2026-03-09T07:08:12.419751Z  INFO tailwindcss_oxide::scanner: Reading "C:\\Users\\user1\\Documents\\GitHub\\tcl-1.0\\src\\components\\user-applications\\ApplicationSlideOver.tsx"
2026-03-09T07:08:12.419853Z  INFO tailwindcss_oxide::scanner: Reading "C:\\Users\\user1\\Documents\\GitHub\\tcl-1.0\\src\\components\\employer-application\\ApplicationsContent.tsx"
2026-03-09T07:08:12.419804Z  INFO tailwindcss_oxide::scanner: Reading "C:\\Users\\user1\\Documents\\GitHub\\tcl-1.0\\src\\components\\employer-dashboard\\RecentApplicationsTable.tsx"
2026-03-09T07:08:12.419924Z  INFO tailwindcss_oxide::scanner: Reading "C:\\Users\\user1\\Documents\\GitHub\\tcl-1.0\\src\\components\\employer\\EmployerFooter.tsx"
2026-03-09T07:08:12.419961Z  INFO tailwindcss_oxide::scanner: Reading "C:\\Users\\user1\\Documents\\GitHub\\tcl-1.0\\src\\components\\job-posting\\StatusFilterStrip.tsx"
2026-03-09T07:08:12.420189Z  INFO tailwindcss_oxide::scanner: Reading "C:\\Users\\user1\\Documents\\GitHub\\tcl-1.0\\src\\components\\dashboard\\StatsWidget.tsx"
2026-03-09T07:08:12.420243Z  INFO tailwindcss_oxide::scanner: Reading "C:\\Users\\user1\\Documents\\GitHub\\tcl-1.0\\src\\components\\employer-dashboard\\TabletNavStrip.tsx"
2026-03-09T07:08:12.420281Z  INFO tailwindcss_oxide::scanner: Reading "C:\\Users\\user1\\Documents\\GitHub\\tcl-1.0\\src\\components\\employer-application\\ApplicationsPagination.tsx"
2026-03-09T07:08:12.420436Z  INFO tailwindcss_oxide::scanner: Reading "C:\\Users\\user1\\Documents\\GitHub\\tcl-1.0\\src\\components\\employer-application\\ApplicationsMobileHeader.tsx"
2026-03-09T07:08:12.420472Z  INFO tailwindcss_oxide::scanner: Reading "C:\\Users\\user1\\Documents\\GitHub\\tcl-1.0\\src\\components\\profile\\sections\\BasicAccountSection.tsx"
2026-03-09T07:08:12.420461Z  INFO tailwindcss_oxide::scanner: Reading "C:\\Users\\user1\\Documents\\GitHub\\tcl-1.0\\src\\components\\user-applications\\ApplicationTable.tsx"
2026-03-09T07:08:12.420506Z  INFO tailwindcss_oxide::scanner: Reading "C:\\Users\\user1\\Documents\\GitHub\\tcl-1.0\\src\\components\\auth\\AuthModal.tsx"
2026-03-09T07:08:12.420509Z  INFO tailwindcss_oxide::scanner: Reading "C:\\Users\\user1\\Documents\\GitHub\\tcl-1.0\\src\\components\\layout\\EmployerNavbar.tsx"
2026-03-09T07:08:12.420693Z  INFO tailwindcss_oxide::scanner: Reading "C:\\Users\\user1\\Documents\\GitHub\\tcl-1.0\\src\\components\\employer-dashboard\\UpcomingInterviewsCard.tsx"
2026-03-09T07:08:12.420822Z  INFO tailwindcss_oxide::scanner: Reading "C:\\Users\\user1\\Documents\\GitHub\\tcl-1.0\\src\\components\\profile\\sections\\EducationSection.tsx"
2026-03-09T07:08:12.420822Z  INFO tailwindcss_oxide::scanner: Reading "C:\\Users\\user1\\Documents\\GitHub\\tcl-1.0\\src\\components\\layout\\Footer.tsx"
2026-03-09T07:08:12.420922Z  INFO tailwindcss_oxide::scanner: Reading "C:\\Users\\user1\\Documents\\GitHub\\tcl-1.0\\src\\components\\auth\\EmployerAuthModal.tsx"
2026-03-09T07:08:12.420943Z  INFO tailwindcss_oxide::scanner: Reading "C:\\Users\\user1\\Documents\\GitHub\\tcl-1.0\\src\\components\\auth\\RegisterForm.tsx"
2026-03-09T07:08:12.420966Z  INFO tailwindcss_oxide::scanner: Reading "C:\\Users\\user1\\Documents\\GitHub\\tcl-1.0\\src\\components\\profile\\SkillBadge.tsx"
2026-03-09T07:08:12.421163Z  INFO tailwindcss_oxide::scanner: Reading "C:\\Users\\user1\\Documents\\GitHub\\tcl-1.0\\src\\components\\profile\\smart\\SmartSuggest.tsx"
2026-03-09T07:08:12.421171Z  INFO tailwindcss_oxide::scanner: Reading "C:\\Users\\user1\\Documents\\GitHub\\tcl-1.0\\src\\components\\company\\CompanySidebar.tsx"
2026-03-09T07:08:12.421332Z  INFO tailwindcss_oxide::scanner: Reading "C:\\Users\\user1\\Documents\\GitHub\\tcl-1.0\\src\\components\\employers\\BuiltForEveryEmployerSection.tsx"
2026-03-09T07:08:12.421361Z  INFO tailwindcss_oxide::scanner: Reading "C:\\Users\\user1\\Documents\\GitHub\\tcl-1.0\\src\\components\\auth\\ForgotPasswordForm.tsx"
2026-03-09T07:08:12.421368Z  INFO tailwindcss_oxide::scanner: Reading "C:\\Users\\user1\\Documents\\GitHub\\tcl-1.0\\src\\components\\user-applications\\StatCards.tsx"
2026-03-09T07:08:12.421385Z  INFO tailwindcss_oxide::scanner: Reading "C:\\Users\\user1\\Documents\\GitHub\\tcl-1.0\\src\\components\\profile\\TagInput.tsx"
2026-03-09T07:08:12.421403Z  INFO tailwindcss_oxide::scanner: Reading "C:\\Users\\user1\\Documents\\GitHub\\tcl-1.0\\src\\components\\layout\\LayoutWrapper.tsx"
2026-03-09T07:08:12.421630Z  INFO tailwindcss_oxide::scanner: Reading "C:\\Users\\user1\\Documents\\GitHub\\tcl-1.0\\src\\components\\auth\\RegistrationJourneyIllustration.tsx"
2026-03-09T07:08:12.421648Z  INFO tailwindcss_oxide::scanner: Reading "C:\\Users\\user1\\Documents\\GitHub\\tcl-1.0\\src\\components\\profile\\Timeline.tsx"
2026-03-09T07:08:12.421635Z  INFO tailwindcss_oxide::scanner: Reading "C:\\Users\\user1\\Documents\\GitHub\\tcl-1.0\\src\\components\\profile\\sections\\PersonalDetailsSection.tsx"
2026-03-09T07:08:12.421706Z  INFO tailwindcss_oxide::scanner: Reading "C:\\Users\\user1\\Documents\\GitHub\\tcl-1.0\\src\\components\\employers\\CTASection.tsx"
2026-03-09T07:08:12.421639Z  INFO tailwindcss_oxide::scanner: Reading "C:\\Users\\user1\\Documents\\GitHub\\tcl-1.0\\src\\components\\company\\CultureGrid.tsx"
2026-03-09T07:08:12.421817Z  INFO tailwindcss_oxide::scanner: Reading "C:\\Users\\user1\\Documents\\GitHub\\tcl-1.0\\src\\components\\auth\\LoginForm.tsx"
2026-03-09T07:08:12.422082Z  INFO tailwindcss_oxide::scanner: Reading "C:\\Users\\user1\\Documents\\GitHub\\tcl-1.0\\src\\components\\employers\\FAQSection.tsx"
2026-03-09T07:08:12.422099Z  INFO tailwindcss_oxide::scanner: Reading "C:\\Users\\user1\\Documents\\GitHub\\tcl-1.0\\src\\components\\profile\\wizard\\ProfileWizard.tsx"
2026-03-09T07:08:12.422151Z  INFO tailwindcss_oxide::scanner: Reading "C:\\Users\\user1\\Documents\\GitHub\\tcl-1.0\\src\\components\\profile\\sections\\PreferencesSection.tsx"
2026-03-09T07:08:12.422170Z  INFO tailwindcss_oxide::scanner: Reading "C:\\Users\\user1\\Documents\\GitHub\\tcl-1.0\\src\\lib\\db\\schema.ts"
2026-03-09T07:08:12.422341Z  INFO tailwindcss_oxide::scanner: Reading "C:\\Users\\user1\\Documents\\GitHub\\tcl-1.0\\src\\components\\layout\\LoggedInNavbar.tsx"
2026-03-09T07:08:12.422458Z  INFO tailwindcss_oxide::scanner: Reading "C:\\Users\\user1\\Documents\\GitHub\\tcl-1.0\\src\\components\\auth\\ResetPasswordForm.tsx"
2026-03-09T07:08:12.422475Z  INFO tailwindcss_oxide::scanner: Reading "C:\\Users\\user1\\Documents\\GitHub\\tcl-1.0\\src\\components\\profile\\wizard\\StepProgress.tsx"
2026-03-09T07:08:12.422516Z  INFO tailwindcss_oxide::scanner: Reading "C:\\Users\\user1\\Documents\\GitHub\\tcl-1.0\\src\\components\\profile\\sections\\ProfessionalStatusSection.tsx"
2026-03-09T07:08:12.422748Z  INFO tailwindcss_oxide::scanner: Reading "C:\\Users\\user1\\Documents\\GitHub\\tcl-1.0\\src\\components\\company\\LocationSection.tsx"
2026-03-09T07:08:12.422872Z  INFO tailwindcss_oxide::scanner: Reading "C:\\Users\\user1\\Documents\\GitHub\\tcl-1.0\\src\\components\\profile\\wizard\\steps\\index.ts"
2026-03-09T07:08:12.422872Z  INFO tailwindcss_oxide::scanner: Reading "C:\\Users\\user1\\Documents\\GitHub\\tcl-1.0\\src\\components\\profile\\sections\\ProfileSummarySection.tsx"
2026-03-09T07:08:12.422943Z  INFO tailwindcss_oxide::scanner: Reading "C:\\Users\\user1\\Documents\\GitHub\\tcl-1.0\\src\\components\\auth\\SeekerRegisterForm.tsx"
2026-03-09T07:08:12.422835Z  INFO tailwindcss_oxide::scanner: Reading "C:\\Users\\user1\\Documents\\GitHub\\tcl-1.0\\src\\components\\employers\\HeroSection.tsx"
2026-03-09T07:08:12.423114Z  INFO tailwindcss_oxide::scanner: Reading "C:\\Users\\user1\\Documents\\GitHub\\tcl-1.0\\src\\components\\layout\\MobileBottomNav.tsx"
2026-03-09T07:08:12.422876Z  INFO tailwindcss_oxide::scanner: Reading "C:\\Users\\user1\\Documents\\GitHub\\tcl-1.0\\src\\lib\\db\\seed.ts"
2026-03-09T07:08:12.423205Z  INFO tailwindcss_oxide::scanner: Reading "C:\\Users\\user1\\Documents\\GitHub\\tcl-1.0\\src\\components\\auth\\SessionProvider.tsx"
2026-03-09T07:08:12.423296Z  INFO tailwindcss_oxide::scanner: Reading "C:\\Users\\user1\\Documents\\GitHub\\tcl-1.0\\src\\components\\profile\\sections\\ProjectsSection.tsx"
2026-03-09T07:08:12.423446Z  INFO tailwindcss_oxide::scanner: Reading "C:\\Users\\user1\\Documents\\GitHub\\tcl-1.0\\src\\components\\layout\\Navbar.tsx"
2026-03-09T07:08:12.423529Z  INFO tailwindcss_oxide::scanner: Reading "C:\\Users\\user1\\Documents\\GitHub\\tcl-1.0\\src\\components\\profile\\sections\\SkillsSection.tsx"
2026-03-09T07:08:12.423671Z  INFO tailwindcss_oxide::scanner: Reading "C:\\Users\\user1\\Documents\\GitHub\\tcl-1.0\\src\\components\\profile\\sections\\ResumeLinksSection.tsx"
2026-03-09T07:08:12.423715Z  INFO tailwindcss_oxide::scanner: Reading "C:\\Users\\user1\\Documents\\GitHub\\tcl-1.0\\src\\components\\profile\\wizard\\steps\\Step1Account.tsx"
2026-03-09T07:08:12.423938Z  INFO tailwindcss_oxide::scanner: Reading "C:\\Users\\user1\\Documents\\GitHub\\tcl-1.0\\src\\components\\profile\\sections\\VerificationSection.tsx"
2026-03-09T07:08:12.423961Z  INFO tailwindcss_oxide::scanner: Reading "C:\\Users\\user1\\Documents\\GitHub\\tcl-1.0\\src\\data\\applications-mock.ts"
2026-03-09T07:08:12.424248Z  INFO tailwindcss_oxide::scanner: Reading "C:\\Users\\user1\\Documents\\GitHub\\tcl-1.0\\src\\components\\layout\\NavbarClient.tsx"
2026-03-09T07:08:12.424276Z  INFO tailwindcss_oxide::scanner: Reading "C:\\Users\\user1\\Documents\\GitHub\\tcl-1.0\\src\\data\\mock-data.ts"
2026-03-09T07:08:12.424395Z  INFO tailwindcss_oxide::scanner: Reading "C:\\Users\\user1\\Documents\\GitHub\\tcl-1.0\\src\\components\\profile\\sections\\WorkExperienceSection.tsx"
2026-03-09T07:08:12.424511Z  INFO tailwindcss_oxide::scanner: Reading "C:\\Users\\user1\\Documents\\GitHub\\tcl-1.0\\src\\components\\profile\\wizard\\steps\\Step2Personal.tsx"
2026-03-09T07:08:12.424604Z  INFO tailwindcss_oxide::scanner: Reading "C:\\Users\\user1\\Documents\\GitHub\\tcl-1.0\\src\\components\\profile\\SegmentedControl.tsx"
2026-03-09T07:08:12.424757Z  INFO tailwindcss_oxide::scanner: Reading "C:\\Users\\user1\\Documents\\GitHub\\tcl-1.0\\src\\components\\profile\\wizard\\StepTransition.tsx"
2026-03-09T07:08:12.424782Z  INFO tailwindcss_oxide::scanner: Reading "C:\\Users\\user1\\Documents\\GitHub\\tcl-1.0\\src\\components\\layout\\NotificationPopup.tsx"
2026-03-09T07:08:12.424918Z  INFO tailwindcss_oxide::scanner: Reading "C:\\Users\\user1\\Documents\\GitHub\\tcl-1.0\\src\\components\\profile\\wizard\\WizardNavigation.tsx"
2026-03-09T07:08:12.425198Z  INFO tailwindcss_oxide::scanner: Reading "C:\\Users\\user1\\Documents\\GitHub\\tcl-1.0\\src\\components\\profile\\wizard\\steps\\Step3Professional.tsx"
2026-03-09T07:08:12.425262Z  INFO tailwindcss_oxide::scanner: Reading "C:\\Users\\user1\\Documents\\GitHub\\tcl-1.0\\src\\components\\search\\SearchJobCard.tsx"
2026-03-09T07:08:12.425433Z  INFO tailwindcss_oxide::scanner: Reading "C:\\Users\\user1\\Documents\\GitHub\\tcl-1.0\\src\\components\\onboarding\\OnboardingSidebar.tsx"
2026-03-09T07:08:12.425865Z  INFO tailwindcss_oxide::scanner: Reading "C:\\Users\\user1\\Documents\\GitHub\\tcl-1.0\\src\\data\\company-mock.ts"
2026-03-09T07:08:12.427130Z  INFO tailwindcss_oxide::scanner: Reading "C:\\Users\\user1\\Documents\\GitHub\\tcl-1.0\\src\\components\\profile\\wizard\\steps\\Step5Skills.tsx"
2026-03-09T07:08:12.428001Z  INFO tailwindcss_oxide::scanner: Reading "C:\\Users\\user1\\Documents\\GitHub\\tcl-1.0\\src\\components\\seeker\\profile\\EmptyState.tsx"
2026-03-09T07:08:12.428019Z  INFO tailwindcss_oxide::scanner: Reading "C:\\Users\\user1\\Documents\\GitHub\\tcl-1.0\\src\\data\\search-mock-data.ts"
2026-03-09T07:08:12.428111Z  INFO tailwindcss_oxide::scanner: Reading "C:\\Users\\user1\\Documents\\GitHub\\tcl-1.0\\src\\components\\onboarding\\OnboardingStepper.tsx"
2026-03-09T07:08:12.428344Z  INFO tailwindcss_oxide::scanner: Reading "C:\\Users\\user1\\Documents\\GitHub\\tcl-1.0\\src\\components\\profile\\DatePicker.tsx"
2026-03-09T07:08:12.428554Z  INFO tailwindcss_oxide::scanner: Reading "C:\\Users\\user1\\Documents\\GitHub\\tcl-1.0\\src\\components\\profile\\FileUpload.tsx"
2026-03-09T07:08:12.428549Z  INFO tailwindcss_oxide::scanner: Reading "C:\\Users\\user1\\Documents\\GitHub\\tcl-1.0\\src\\hooks\\useFormPersistence.ts"
2026-03-09T07:08:12.428549Z  INFO tailwindcss_oxide::scanner: Reading "C:\\Users\\user1\\Documents\\GitHub\\tcl-1.0\\src\\components\\company\\PerksSection.tsx"
2026-03-09T07:08:12.428854Z  INFO tailwindcss_oxide::scanner: Reading "C:\\Users\\user1\\Documents\\GitHub\\tcl-1.0\\src\\components\\profile\\FormInput.tsx"
2026-03-09T07:08:12.429008Z  INFO tailwindcss_oxide::scanner: Reading "C:\\Users\\user1\\Documents\\GitHub\\tcl-1.0\\src\\lib\\db\\db.ts"
2026-03-09T07:08:12.429284Z  INFO tailwindcss_oxide::scanner: Reading "C:\\Users\\user1\\Documents\\GitHub\\tcl-1.0\\src\\components\\profile\\FormSelect.tsx"
2026-03-09T07:08:12.429748Z  INFO tailwindcss_oxide::scanner: Reading "C:\\Users\\user1\\Documents\\GitHub\\tcl-1.0\\src\\components\\profile\\RangeSlider.tsx"
2026-03-09T07:08:12.431964Z  INFO tailwindcss_oxide::scanner: Reading "C:\\Users\\user1\\Documents\\GitHub\\tcl-1.0\\src\\lib\\validation\\auth.ts"
2026-03-09T07:08:12.435671Z  INFO tailwindcss_oxide::scanner: Reading "C:\\Users\\user1\\Documents\\GitHub\\tcl-1.0\\src\\components\\company\\CompanyHero.tsx"
2026-03-09T07:08:12.435804Z  INFO tailwindcss_oxide::scanner: Reading "C:\\Users\\user1\\Documents\\GitHub\\tcl-1.0\\src\\components\\profile\\ProgressBar.tsx"
2026-03-09T07:08:12.435804Z  INFO tailwindcss_oxide::scanner: Reading "C:\\Users\\user1\\Documents\\GitHub\\tcl-1.0\\src\\components\\company\\StatsSection.tsx"
2026-03-09T07:08:12.436189Z  INFO tailwindcss_oxide::scanner: Reading "C:\\Users\\user1\\Documents\\GitHub\\tcl-1.0\\src\\lib\\profileUtils.ts"
2026-03-09T07:08:12.436398Z  INFO tailwindcss_oxide::scanner: Reading "C:\\Users\\user1\\Documents\\GitHub\\tcl-1.0\\src\\lib\\profileCompletion.ts"
2026-03-09T07:08:12.436417Z  INFO tailwindcss_oxide::scanner: Reading "C:\\Users\\user1\\Documents\\GitHub\\tcl-1.0\\src\\components\\dashboard\\DashboardBlogSection.tsx"
2026-03-09T07:08:12.436573Z  INFO tailwindcss_oxide::scanner: Reading "C:\\Users\\user1\\Documents\\GitHub\\tcl-1.0\\src\\types\\next-auth.d.ts"
2026-03-09T07:08:12.436677Z  INFO tailwindcss_oxide::scanner: Reading "C:\\Users\\user1\\Documents\\GitHub\\tcl-1.0\\src\\lib\\suggestionData.ts"
2026-03-09T07:08:12.436839Z  INFO tailwindcss_oxide::scanner: Reading "C:\\Users\\user1\\Documents\\GitHub\\tcl-1.0\\src\\lib\\profileTypes.ts"
2026-03-09T07:08:12.436855Z  INFO tailwindcss_oxide::scanner: Reading "C:\\Users\\user1\\Documents\\GitHub\\tcl-1.0\\src\\components\\dashboard\\DashboardJobCard.tsx"
2026-03-09T07:08:12.437120Z  INFO tailwindcss_oxide::scanner: Reading "C:\\Users\\user1\\Documents\\GitHub\\tcl-1.0\\trace.txt"
2026-03-09T07:08:12.437239Z  INFO tailwindcss_oxide::scanner: Reading "C:\\Users\\user1\\Documents\\GitHub\\tcl-1.0\\src\\types\\job.ts"
2026-03-09T07:08:12.437274Z  INFO tailwindcss_oxide::scanner: Reading "C:\\Users\\user1\\Documents\\GitHub\\tcl-1.0\\src\\proxy.ts"
2026-03-09T07:08:12.437344Z  INFO tailwindcss_oxide::scanner: Reading "C:\\Users\\user1\\Documents\\GitHub\\tcl-1.0\\tsconfig.json"
2026-03-09T07:08:12.438516Z  INFO tailwindcss_oxide::scanner: Reading "C:\\Users\\user1\\Documents\\GitHub\\tcl-1.0\\y.txt"
2026-03-09T07:08:12.439266Z  INFO tailwindcss_oxide::scanner: Reading "C:\\Users\\user1\\Documents\\GitHub\\tcl-1.0\\src\\components\\company\\AboutSection.tsx"
2026-03-09T07:08:12.423938Z  INFO tailwindcss_oxide::scanner: Reading "C:\\Users\\user1\\Documents\\GitHub\\tcl-1.0\\src\\lib\\email\\mailer.ts"
2026-03-09T07:08:12.439760Z  INFO tailwindcss_oxide::scanner: Reading "C:\\Users\\user1\\Documents\\GitHub\\tcl-1.0\\src\\components\\company\\OpenRolesList.tsx"
2026-03-09T07:08:12.440065Z  INFO tailwindcss_oxide::scanner: Reading "C:\\Users\\user1\\Documents\\GitHub\\tcl-1.0\\src\\lib\\wizardConfig.ts"
2026-03-09T07:08:12.441402Z  INFO extract_candidates:read_all_files: tailwindcss_oxide::scanner: exit
2026-03-09T07:08:12.441500Z  INFO extract_candidates:parse_all_blobs: tailwindcss_oxide::scanner: enter
2026-03-09T07:08:12.441515Z  INFO extract_candidates:parse_all_blobs:extract: tailwindcss_oxide::scanner: enter
2026-03-09T07:08:12.489422Z  INFO extract_candidates:parse_all_blobs:extract: tailwindcss_oxide::scanner: exit
2026-03-09T07:08:12.490858Z  INFO extract_candidates:parse_all_blobs: tailwindcss_oxide::scanner: exit
2026-03-09T07:08:12.492009Z  INFO extract_candidates:read_all_files: tailwindcss_oxide::scanner: enter
2026-03-09T07:08:12.492047Z  INFO extract_candidates:read_all_files: tailwindcss_oxide::scanner: Reading 1 file(s)
2026-03-09T07:08:12.493382Z  INFO extract_candidates:read_all_files: tailwindcss_oxide::scanner: Reading "C:\\Users\\user1\\Documents\\GitHub\\tcl-1.0\\src\\app\\globals.css"
2026-03-09T07:08:12.493477Z  INFO extract_candidates:read_all_files: tailwindcss_oxide::scanner: exit
2026-03-09T07:08:12.493504Z  INFO extract_candidates:extract_css_variables: tailwindcss_oxide::scanner: enter
2026-03-09T07:08:12.493516Z  INFO extract_candidates:extract_css_variables:extract: tailwindcss_oxide::scanner: enter
2026-03-09T07:08:12.494098Z  INFO extract_candidates:extract_css_variables:extract: tailwindcss_oxide::scanner: exit
2026-03-09T07:08:12.494171Z  INFO extract_candidates:extract_css_variables: tailwindcss_oxide::scanner: exit
2026-03-09T07:08:12.502360Z  INFO extract_candidates: tailwindcss_oxide::scanner: exit
2026-03-09T07:08:12.509025Z  INFO get_files: tailwindcss_oxide::scanner: enter
2026-03-09T07:08:12.509104Z  INFO get_files:scan_sources: tailwindcss_oxide::scanner: enter
2026-03-09T07:08:12.514259Z  INFO get_files:scan_sources: tailwindcss_oxide::scanner: Discovering "C:\\Users\\user1\\Documents\\GitHub\\tcl-1.0\\.github"
2026-03-09T07:08:12.515198Z  INFO get_files:scan_sources: tailwindcss_oxide::scanner: Discovering "C:\\Users\\user1\\Documents\\GitHub\\tcl-1.0\\.github\\workflows"
2026-03-09T07:08:12.517194Z  INFO get_files:scan_sources: tailwindcss_oxide::scanner: Discovering "C:\\Users\\user1\\Documents\\GitHub\\tcl-1.0\\drizzle"
2026-03-09T07:08:12.517789Z  INFO get_files:scan_sources: tailwindcss_oxide::scanner: Discovering "C:\\Users\\user1\\Documents\\GitHub\\tcl-1.0\\drizzle\\meta"
2026-03-09T07:08:12.519624Z  INFO get_files:scan_sources: tailwindcss_oxide::scanner: Discovering "C:\\Users\\user1\\Documents\\GitHub\\tcl-1.0\\public"
2026-03-09T07:08:12.520351Z  INFO get_files:scan_sources: tailwindcss_oxide::scanner: Discovering "C:\\Users\\user1\\Documents\\GitHub\\tcl-1.0\\public\\home_trusted_Logo"
2026-03-09T07:08:12.521070Z  INFO get_files:scan_sources: tailwindcss_oxide::scanner: Discovering "C:\\Users\\user1\\Documents\\GitHub\\tcl-1.0\\public\\images"
2026-03-09T07:08:12.521647Z  INFO get_files:scan_sources: tailwindcss_oxide::scanner: Discovering "C:\\Users\\user1\\Documents\\GitHub\\tcl-1.0\\public\\images\\employers"
2026-03-09T07:08:12.522115Z  INFO get_files:scan_sources: tailwindcss_oxide::scanner: Discovering "C:\\Users\\user1\\Documents\\GitHub\\tcl-1.0\\public\\images\\employers\\tools"
2026-03-09T07:08:12.523855Z  INFO get_files:scan_sources: tailwindcss_oxide::scanner: Discovering "C:\\Users\\user1\\Documents\\GitHub\\tcl-1.0\\src"
2026-03-09T07:08:12.524332Z  INFO get_files:scan_sources: tailwindcss_oxide::scanner: Discovering "C:\\Users\\user1\\Documents\\GitHub\\tcl-1.0\\src\\actions"
2026-03-09T07:08:12.525753Z  INFO get_files:scan_sources: tailwindcss_oxide::scanner: Discovering "C:\\Users\\user1\\Documents\\GitHub\\tcl-1.0\\src\\app"
2026-03-09T07:08:12.526619Z  INFO get_files:scan_sources: tailwindcss_oxide::scanner: Discovering "C:\\Users\\user1\\Documents\\GitHub\\tcl-1.0\\src\\app\\(employer-dashboard)"
2026-03-09T07:08:12.527177Z  INFO get_files:scan_sources: tailwindcss_oxide::scanner: Discovering "C:\\Users\\user1\\Documents\\GitHub\\tcl-1.0\\src\\app\\(employer-dashboard)\\employer-applications"
2026-03-09T07:08:12.527949Z  INFO get_files:scan_sources: tailwindcss_oxide::scanner: Discovering "C:\\Users\\user1\\Documents\\GitHub\\tcl-1.0\\src\\app\\(employer-dashboard)\\employer-dashboard"
2026-03-09T07:08:12.528691Z  INFO get_files:scan_sources: tailwindcss_oxide::scanner: Discovering "C:\\Users\\user1\\Documents\\GitHub\\tcl-1.0\\src\\app\\(employer-dashboard)\\employer-dashboard\\post-job"
2026-03-09T07:08:12.529651Z  INFO get_files:scan_sources: tailwindcss_oxide::scanner: Discovering "C:\\Users\\user1\\Documents\\GitHub\\tcl-1.0\\src\\app\\(employer-dashboard)\\job-postings"
2026-03-09T07:08:12.530663Z  INFO get_files:scan_sources: tailwindcss_oxide::scanner: Discovering "C:\\Users\\user1\\Documents\\GitHub\\tcl-1.0\\src\\app\\api"
2026-03-09T07:08:12.531171Z  INFO get_files:scan_sources: tailwindcss_oxide::scanner: Discovering "C:\\Users\\user1\\Documents\\GitHub\\tcl-1.0\\src\\app\\api\\auth"
2026-03-09T07:08:12.531660Z  INFO get_files:scan_sources: tailwindcss_oxide::scanner: Discovering "C:\\Users\\user1\\Documents\\GitHub\\tcl-1.0\\src\\app\\api\\auth\\forgot-password"
2026-03-09T07:08:12.532228Z  INFO get_files:scan_sources: tailwindcss_oxide::scanner: Discovering "C:\\Users\\user1\\Documents\\GitHub\\tcl-1.0\\src\\app\\api\\auth\\reset-password"
2026-03-09T07:08:12.532752Z  INFO get_files:scan_sources: tailwindcss_oxide::scanner: Discovering "C:\\Users\\user1\\Documents\\GitHub\\tcl-1.0\\src\\app\\api\\auth\\[...nextauth]"
2026-03-09T07:08:12.533366Z  INFO get_files:scan_sources: tailwindcss_oxide::scanner: Discovering "C:\\Users\\user1\\Documents\\GitHub\\tcl-1.0\\src\\app\\api\\profile"
2026-03-09T07:08:12.533745Z  INFO get_files:scan_sources: tailwindcss_oxide::scanner: Discovering "C:\\Users\\user1\\Documents\\GitHub\\tcl-1.0\\src\\app\\api\\profile\\achievements"
2026-03-09T07:08:12.534432Z  INFO get_files:scan_sources: tailwindcss_oxide::scanner: Discovering "C:\\Users\\user1\\Documents\\GitHub\\tcl-1.0\\src\\app\\api\\profile\\education"
2026-03-09T07:08:12.535036Z  INFO get_files:scan_sources: tailwindcss_oxide::scanner: Discovering "C:\\Users\\user1\\Documents\\GitHub\\tcl-1.0\\src\\app\\api\\profile\\experience"
2026-03-09T07:08:12.535859Z  INFO get_files:scan_sources: tailwindcss_oxide::scanner: Discovering "C:\\Users\\user1\\Documents\\GitHub\\tcl-1.0\\src\\app\\api\\profile\\languages"
2026-03-09T07:08:12.537015Z  INFO get_files:scan_sources: tailwindcss_oxide::scanner: Discovering "C:\\Users\\user1\\Documents\\GitHub\\tcl-1.0\\src\\app\\api\\profile\\projects"
2026-03-09T07:08:12.537830Z  INFO get_files:scan_sources: tailwindcss_oxide::scanner: Discovering "C:\\Users\\user1\\Documents\\GitHub\\tcl-1.0\\src\\app\\api\\profile\\skills"
2026-03-09T07:08:12.538668Z  INFO get_files:scan_sources: tailwindcss_oxide::scanner: Discovering "C:\\Users\\user1\\Documents\\GitHub\\tcl-1.0\\src\\app\\basic-profile"
2026-03-09T07:08:12.539318Z  INFO get_files:scan_sources: tailwindcss_oxide::scanner: Discovering "C:\\Users\\user1\\Documents\\GitHub\\tcl-1.0\\src\\app\\company"
2026-03-09T07:08:12.539952Z  INFO get_files:scan_sources: tailwindcss_oxide::scanner: Discovering "C:\\Users\\user1\\Documents\\GitHub\\tcl-1.0\\src\\app\\company\\[id]"
2026-03-09T07:08:12.540770Z  INFO get_files:scan_sources: tailwindcss_oxide::scanner: Discovering "C:\\Users\\user1\\Documents\\GitHub\\tcl-1.0\\src\\app\\detailed-seeker-profile"
2026-03-09T07:08:12.541600Z  INFO get_files:scan_sources: tailwindcss_oxide::scanner: Discovering "C:\\Users\\user1\\Documents\\GitHub\\tcl-1.0\\src\\app\\employers"
2026-03-09T07:08:12.542269Z  INFO get_files:scan_sources: tailwindcss_oxide::scanner: Discovering "C:\\Users\\user1\\Documents\\GitHub\\tcl-1.0\\src\\app\\employers\\client-registration"
2026-03-09T07:08:12.543170Z  INFO get_files:scan_sources: tailwindcss_oxide::scanner: Discovering "C:\\Users\\user1\\Documents\\GitHub\\tcl-1.0\\src\\app\\forgot-password"
2026-03-09T07:08:12.544026Z  INFO get_files:scan_sources: tailwindcss_oxide::scanner: Discovering "C:\\Users\\user1\\Documents\\GitHub\\tcl-1.0\\src\\app\\job"
2026-03-09T07:08:12.544451Z  INFO get_files:scan_sources: tailwindcss_oxide::scanner: Discovering "C:\\Users\\user1\\Documents\\GitHub\\tcl-1.0\\src\\app\\job\\[id]"
2026-03-09T07:08:12.545129Z  INFO get_files:scan_sources: tailwindcss_oxide::scanner: Discovering "C:\\Users\\user1\\Documents\\GitHub\\tcl-1.0\\src\\app\\login"
2026-03-09T07:08:12.546067Z  INFO get_files:scan_sources: tailwindcss_oxide::scanner: Discovering "C:\\Users\\user1\\Documents\\GitHub\\tcl-1.0\\src\\app\\onboarding"
2026-03-09T07:08:12.546782Z  INFO get_files:scan_sources: tailwindcss_oxide::scanner: Discovering "C:\\Users\\user1\\Documents\\GitHub\\tcl-1.0\\src\\app\\onboarding\\education"
2026-03-09T07:08:12.547488Z  INFO get_files:scan_sources: tailwindcss_oxide::scanner: Discovering "C:\\Users\\user1\\Documents\\GitHub\\tcl-1.0\\src\\app\\onboarding\\employment"
2026-03-09T07:08:12.548187Z  INFO get_files:scan_sources: tailwindcss_oxide::scanner: Discovering "C:\\Users\\user1\\Documents\\GitHub\\tcl-1.0\\src\\app\\onboarding\\preferences"
2026-03-09T07:08:12.548923Z  INFO get_files:scan_sources: tailwindcss_oxide::scanner: Discovering "C:\\Users\\user1\\Documents\\GitHub\\tcl-1.0\\src\\app\\register"
2026-03-09T07:08:12.549595Z  INFO get_files:scan_sources: tailwindcss_oxide::scanner: Discovering "C:\\Users\\user1\\Documents\\GitHub\\tcl-1.0\\src\\app\\reset-password"
2026-03-09T07:08:12.550083Z  INFO get_files:scan_sources: tailwindcss_oxide::scanner: Discovering "C:\\Users\\user1\\Documents\\GitHub\\tcl-1.0\\src\\app\\reset-password\\[token]"
2026-03-09T07:08:12.550748Z  INFO get_files:scan_sources: tailwindcss_oxide::scanner: Discovering "C:\\Users\\user1\\Documents\\GitHub\\tcl-1.0\\src\\app\\search"
2026-03-09T07:08:12.551466Z  INFO get_files:scan_sources: tailwindcss_oxide::scanner: Discovering "C:\\Users\\user1\\Documents\\GitHub\\tcl-1.0\\src\\app\\seeker"
2026-03-09T07:08:12.552067Z  INFO get_files:scan_sources: tailwindcss_oxide::scanner: Discovering "C:\\Users\\user1\\Documents\\GitHub\\tcl-1.0\\src\\app\\seeker\\dashboard"
2026-03-09T07:08:12.552907Z  INFO get_files:scan_sources: tailwindcss_oxide::scanner: Discovering "C:\\Users\\user1\\Documents\\GitHub\\tcl-1.0\\src\\app\\seeker\\profile"
2026-03-09T07:08:12.553730Z  INFO get_files:scan_sources: tailwindcss_oxide::scanner: Discovering "C:\\Users\\user1\\Documents\\GitHub\\tcl-1.0\\src\\app\\user-applications"
2026-03-09T07:08:12.554578Z  INFO get_files:scan_sources: tailwindcss_oxide::scanner: Discovering "C:\\Users\\user1\\Documents\\GitHub\\tcl-1.0\\src\\components"
2026-03-09T07:08:12.555250Z  INFO get_files:scan_sources: tailwindcss_oxide::scanner: Discovering "C:\\Users\\user1\\Documents\\GitHub\\tcl-1.0\\src\\components\\auth"
2026-03-09T07:08:12.556702Z  INFO get_files:scan_sources: tailwindcss_oxide::scanner: Discovering "C:\\Users\\user1\\Documents\\GitHub\\tcl-1.0\\src\\components\\company"
2026-03-09T07:08:12.557774Z  INFO get_files:scan_sources: tailwindcss_oxide::scanner: Discovering "C:\\Users\\user1\\Documents\\GitHub\\tcl-1.0\\src\\components\\dashboard"
2026-03-09T07:08:12.559048Z  INFO get_files:scan_sources: tailwindcss_oxide::scanner: Discovering "C:\\Users\\user1\\Documents\\GitHub\\tcl-1.0\\src\\components\\employer"
2026-03-09T07:08:12.559756Z  INFO get_files:scan_sources: tailwindcss_oxide::scanner: Discovering "C:\\Users\\user1\\Documents\\GitHub\\tcl-1.0\\src\\components\\employer-application"
2026-03-09T07:08:12.561029Z  INFO get_files:scan_sources: tailwindcss_oxide::scanner: Discovering "C:\\Users\\user1\\Documents\\GitHub\\tcl-1.0\\src\\components\\employer-dashboard"
2026-03-09T07:08:12.562290Z  INFO get_files:scan_sources: tailwindcss_oxide::scanner: Discovering "C:\\Users\\user1\\Documents\\GitHub\\tcl-1.0\\src\\components\\employers"
2026-03-09T07:08:12.563402Z  INFO get_files:scan_sources: tailwindcss_oxide::scanner: Discovering "C:\\Users\\user1\\Documents\\GitHub\\tcl-1.0\\src\\components\\home"
2026-03-09T07:08:12.564646Z  INFO get_files:scan_sources: tailwindcss_oxide::scanner: Discovering "C:\\Users\\user1\\Documents\\GitHub\\tcl-1.0\\src\\components\\job-posting"
2026-03-09T07:08:12.565822Z  INFO get_files:scan_sources: tailwindcss_oxide::scanner: Discovering "C:\\Users\\user1\\Documents\\GitHub\\tcl-1.0\\src\\components\\layout"
2026-03-09T07:08:12.567272Z  INFO get_files:scan_sources: tailwindcss_oxide::scanner: Discovering "C:\\Users\\user1\\Documents\\GitHub\\tcl-1.0\\src\\components\\onboarding"
2026-03-09T07:08:12.568097Z  INFO get_files:scan_sources: tailwindcss_oxide::scanner: Discovering "C:\\Users\\user1\\Documents\\GitHub\\tcl-1.0\\src\\components\\profile"
2026-03-09T07:08:12.569124Z  INFO get_files:scan_sources: tailwindcss_oxide::scanner: Discovering "C:\\Users\\user1\\Documents\\GitHub\\tcl-1.0\\src\\components\\profile\\sections"
2026-03-09T07:08:12.570566Z  INFO get_files:scan_sources: tailwindcss_oxide::scanner: Discovering "C:\\Users\\user1\\Documents\\GitHub\\tcl-1.0\\src\\components\\profile\\smart"
2026-03-09T07:08:12.571341Z  INFO get_files:scan_sources: tailwindcss_oxide::scanner: Discovering "C:\\Users\\user1\\Documents\\GitHub\\tcl-1.0\\src\\components\\profile\\wizard"
2026-03-09T07:08:12.572116Z  INFO get_files:scan_sources: tailwindcss_oxide::scanner: Discovering "C:\\Users\\user1\\Documents\\GitHub\\tcl-1.0\\src\\components\\profile\\wizard\\steps"
2026-03-09T07:08:12.573578Z  INFO get_files:scan_sources: tailwindcss_oxide::scanner: Discovering "C:\\Users\\user1\\Documents\\GitHub\\tcl-1.0\\src\\components\\search"
2026-03-09T07:08:12.574327Z  INFO get_files:scan_sources: tailwindcss_oxide::scanner: Discovering "C:\\Users\\user1\\Documents\\GitHub\\tcl-1.0\\src\\components\\seeker"
2026-03-09T07:08:12.574985Z  INFO get_files:scan_sources: tailwindcss_oxide::scanner: Discovering "C:\\Users\\user1\\Documents\\GitHub\\tcl-1.0\\src\\components\\seeker\\profile"
2026-03-09T07:08:12.575663Z  INFO get_files:scan_sources: tailwindcss_oxide::scanner: Discovering "C:\\Users\\user1\\Documents\\GitHub\\tcl-1.0\\src\\components\\seeker\\profile\\modals"
2026-03-09T07:08:12.578083Z  INFO get_files:scan_sources: tailwindcss_oxide::scanner: Discovering "C:\\Users\\user1\\Documents\\GitHub\\tcl-1.0\\src\\components\\seeker\\profile\\sections"
2026-03-09T07:08:12.580191Z  INFO get_files:scan_sources: tailwindcss_oxide::scanner: Discovering "C:\\Users\\user1\\Documents\\GitHub\\tcl-1.0\\src\\components\\ui"
2026-03-09T07:08:12.580851Z  INFO get_files:scan_sources: tailwindcss_oxide::scanner: Discovering "C:\\Users\\user1\\Documents\\GitHub\\tcl-1.0\\src\\components\\user-applications"
2026-03-09T07:08:12.581960Z  INFO get_files:scan_sources: tailwindcss_oxide::scanner: Discovering "C:\\Users\\user1\\Documents\\GitHub\\tcl-1.0\\src\\data"
2026-03-09T07:08:12.582751Z  INFO get_files:scan_sources: tailwindcss_oxide::scanner: Discovering "C:\\Users\\user1\\Documents\\GitHub\\tcl-1.0\\src\\hooks"
2026-03-09T07:08:12.583486Z  INFO get_files:scan_sources: tailwindcss_oxide::scanner: Discovering "C:\\Users\\user1\\Documents\\GitHub\\tcl-1.0\\src\\lib"
2026-03-09T07:08:12.583931Z  INFO get_files:scan_sources: tailwindcss_oxide::scanner: Discovering "C:\\Users\\user1\\Documents\\GitHub\\tcl-1.0\\src\\lib\\db"
2026-03-09T07:08:12.584634Z  INFO get_files:scan_sources: tailwindcss_oxide::scanner: Discovering "C:\\Users\\user1\\Documents\\GitHub\\tcl-1.0\\src\\lib\\email"
2026-03-09T07:08:12.585502Z  INFO get_files:scan_sources: tailwindcss_oxide::scanner: Discovering "C:\\Users\\user1\\Documents\\GitHub\\tcl-1.0\\src\\lib\\validation"
2026-03-09T07:08:12.586674Z  INFO get_files:scan_sources: tailwindcss_oxide::scanner: Discovering "C:\\Users\\user1\\Documents\\GitHub\\tcl-1.0\\src\\types"
2026-03-09T07:08:12.587824Z  INFO get_files:scan_sources: tailwindcss_oxide::scanner: exit
2026-03-09T07:08:12.588065Z  INFO get_files: tailwindcss_oxide::scanner: exit
2026-03-09T07:08:12.592028Z  INFO get_globs: tailwindcss_oxide::scanner: enter
2026-03-09T07:08:12.592086Z  INFO get_globs:scan_sources: tailwindcss_oxide::scanner: enter
2026-03-09T07:08:12.597354Z  INFO get_globs:scan_sources: tailwindcss_oxide::scanner: Discovering "C:\\Users\\user1\\Documents\\GitHub\\tcl-1.0\\.github"
2026-03-09T07:08:12.598045Z  INFO get_globs:scan_sources: tailwindcss_oxide::scanner: Discovering "C:\\Users\\user1\\Documents\\GitHub\\tcl-1.0\\.github\\workflows"
2026-03-09T07:08:12.599501Z  INFO get_globs:scan_sources: tailwindcss_oxide::scanner: Discovering "C:\\Users\\user1\\Documents\\GitHub\\tcl-1.0\\drizzle"
2026-03-09T07:08:12.600111Z  INFO get_globs:scan_sources: tailwindcss_oxide::scanner: Discovering "C:\\Users\\user1\\Documents\\GitHub\\tcl-1.0\\drizzle\\meta"
2026-03-09T07:08:12.602050Z  INFO get_globs:scan_sources: tailwindcss_oxide::scanner: Discovering "C:\\Users\\user1\\Documents\\GitHub\\tcl-1.0\\public"
2026-03-09T07:08:12.603028Z  INFO get_globs:scan_sources: tailwindcss_oxide::scanner: Discovering "C:\\Users\\user1\\Documents\\GitHub\\tcl-1.0\\public\\home_trusted_Logo"
2026-03-09T07:08:12.603724Z  INFO get_globs:scan_sources: tailwindcss_oxide::scanner: Discovering "C:\\Users\\user1\\Documents\\GitHub\\tcl-1.0\\public\\images"
2026-03-09T07:08:12.604258Z  INFO get_globs:scan_sources: tailwindcss_oxide::scanner: Discovering "C:\\Users\\user1\\Documents\\GitHub\\tcl-1.0\\public\\images\\employers"
2026-03-09T07:08:12.604879Z  INFO get_globs:scan_sources: tailwindcss_oxide::scanner: Discovering "C:\\Users\\user1\\Documents\\GitHub\\tcl-1.0\\public\\images\\employers\\tools"
2026-03-09T07:08:12.606166Z  INFO get_globs:scan_sources: tailwindcss_oxide::scanner: Discovering "C:\\Users\\user1\\Documents\\GitHub\\tcl-1.0\\src"
2026-03-09T07:08:12.606756Z  INFO get_globs:scan_sources: tailwindcss_oxide::scanner: Discovering "C:\\Users\\user1\\Documents\\GitHub\\tcl-1.0\\src\\actions"
2026-03-09T07:08:12.607712Z  INFO get_globs:scan_sources: tailwindcss_oxide::scanner: Discovering "C:\\Users\\user1\\Documents\\GitHub\\tcl-1.0\\src\\app"
2026-03-09T07:08:12.608487Z  INFO get_globs:scan_sources: tailwindcss_oxide::scanner: Discovering "C:\\Users\\user1\\Documents\\GitHub\\tcl-1.0\\src\\app\\(employer-dashboard)"
2026-03-09T07:08:12.609110Z  INFO get_globs:scan_sources: tailwindcss_oxide::scanner: Discovering "C:\\Users\\user1\\Documents\\GitHub\\tcl-1.0\\src\\app\\(employer-dashboard)\\employer-applications"
2026-03-09T07:08:12.609842Z  INFO get_globs:scan_sources: tailwindcss_oxide::scanner: Discovering "C:\\Users\\user1\\Documents\\GitHub\\tcl-1.0\\src\\app\\(employer-dashboard)\\employer-dashboard"
2026-03-09T07:08:12.610475Z  INFO get_globs:scan_sources: tailwindcss_oxide::scanner: Discovering "C:\\Users\\user1\\Documents\\GitHub\\tcl-1.0\\src\\app\\(employer-dashboard)\\employer-dashboard\\post-job"
2026-03-09T07:08:12.611446Z  INFO get_globs:scan_sources: tailwindcss_oxide::scanner: Discovering "C:\\Users\\user1\\Documents\\GitHub\\tcl-1.0\\src\\app\\(employer-dashboard)\\job-postings"
2026-03-09T07:08:12.612261Z  INFO get_globs:scan_sources: tailwindcss_oxide::scanner: Discovering "C:\\Users\\user1\\Documents\\GitHub\\tcl-1.0\\src\\app\\api"
2026-03-09T07:08:12.612813Z  INFO get_globs:scan_sources: tailwindcss_oxide::scanner: Discovering "C:\\Users\\user1\\Documents\\GitHub\\tcl-1.0\\src\\app\\api\\auth"
2026-03-09T07:08:12.613434Z  INFO get_globs:scan_sources: tailwindcss_oxide::scanner: Discovering "C:\\Users\\user1\\Documents\\GitHub\\tcl-1.0\\src\\app\\api\\auth\\forgot-password"
2026-03-09T07:08:12.614321Z  INFO get_globs:scan_sources: tailwindcss_oxide::scanner: Discovering "C:\\Users\\user1\\Documents\\GitHub\\tcl-1.0\\src\\app\\api\\auth\\reset-password"
2026-03-09T07:08:12.615048Z  INFO get_globs:scan_sources: tailwindcss_oxide::scanner: Discovering "C:\\Users\\user1\\Documents\\GitHub\\tcl-1.0\\src\\app\\api\\auth\\[...nextauth]"
2026-03-09T07:08:12.615937Z  INFO get_globs:scan_sources: tailwindcss_oxide::scanner: Discovering "C:\\Users\\user1\\Documents\\GitHub\\tcl-1.0\\src\\app\\api\\profile"
2026-03-09T07:08:12.616505Z  INFO get_globs:scan_sources: tailwindcss_oxide::scanner: Discovering "C:\\Users\\user1\\Documents\\GitHub\\tcl-1.0\\src\\app\\api\\profile\\achievements"
2026-03-09T07:08:12.617139Z  INFO get_globs:scan_sources: tailwindcss_oxide::scanner: Discovering "C:\\Users\\user1\\Documents\\GitHub\\tcl-1.0\\src\\app\\api\\profile\\education"
2026-03-09T07:08:12.617825Z  INFO get_globs:scan_sources: tailwindcss_oxide::scanner: Discovering "C:\\Users\\user1\\Documents\\GitHub\\tcl-1.0\\src\\app\\api\\profile\\experience"
2026-03-09T07:08:12.618571Z  INFO get_globs:scan_sources: tailwindcss_oxide::scanner: Discovering "C:\\Users\\user1\\Documents\\GitHub\\tcl-1.0\\src\\app\\api\\profile\\languages"
2026-03-09T07:08:12.619252Z  INFO get_globs:scan_sources: tailwindcss_oxide::scanner: Discovering "C:\\Users\\user1\\Documents\\GitHub\\tcl-1.0\\src\\app\\api\\profile\\projects"
2026-03-09T07:08:12.620164Z  INFO get_globs:scan_sources: tailwindcss_oxide::scanner: Discovering "C:\\Users\\user1\\Documents\\GitHub\\tcl-1.0\\src\\app\\api\\profile\\skills"
2026-03-09T07:08:12.620941Z  INFO get_globs:scan_sources: tailwindcss_oxide::scanner: Discovering "C:\\Users\\user1\\Documents\\GitHub\\tcl-1.0\\src\\app\\basic-profile"
2026-03-09T07:08:12.621437Z  INFO get_globs:scan_sources: tailwindcss_oxide::scanner: Discovering "C:\\Users\\user1\\Documents\\GitHub\\tcl-1.0\\src\\app\\company"
2026-03-09T07:08:12.621908Z  INFO get_globs:scan_sources: tailwindcss_oxide::scanner: Discovering "C:\\Users\\user1\\Documents\\GitHub\\tcl-1.0\\src\\app\\company\\[id]"
2026-03-09T07:08:12.622615Z  INFO get_globs:scan_sources: tailwindcss_oxide::scanner: Discovering "C:\\Users\\user1\\Documents\\GitHub\\tcl-1.0\\src\\app\\detailed-seeker-profile"
2026-03-09T07:08:12.623298Z  INFO get_globs:scan_sources: tailwindcss_oxide::scanner: Discovering "C:\\Users\\user1\\Documents\\GitHub\\tcl-1.0\\src\\app\\employers"
2026-03-09T07:08:12.624127Z  INFO get_globs:scan_sources: tailwindcss_oxide::scanner: Discovering "C:\\Users\\user1\\Documents\\GitHub\\tcl-1.0\\src\\app\\employers\\client-registration"
2026-03-09T07:08:12.625309Z  INFO get_globs:scan_sources: tailwindcss_oxide::scanner: Discovering "C:\\Users\\user1\\Documents\\GitHub\\tcl-1.0\\src\\app\\forgot-password"
2026-03-09T07:08:12.626151Z  INFO get_globs:scan_sources: tailwindcss_oxide::scanner: Discovering "C:\\Users\\user1\\Documents\\GitHub\\tcl-1.0\\src\\app\\job"
2026-03-09T07:08:12.626702Z  INFO get_globs:scan_sources: tailwindcss_oxide::scanner: Discovering "C:\\Users\\user1\\Documents\\GitHub\\tcl-1.0\\src\\app\\job\\[id]"
2026-03-09T07:08:12.627640Z  INFO get_globs:scan_sources: tailwindcss_oxide::scanner: Discovering "C:\\Users\\user1\\Documents\\GitHub\\tcl-1.0\\src\\app\\login"
2026-03-09T07:08:12.628397Z  INFO get_globs:scan_sources: tailwindcss_oxide::scanner: Discovering "C:\\Users\\user1\\Documents\\GitHub\\tcl-1.0\\src\\app\\onboarding"
2026-03-09T07:08:12.629116Z  INFO get_globs:scan_sources: tailwindcss_oxide::scanner: Discovering "C:\\Users\\user1\\Documents\\GitHub\\tcl-1.0\\src\\app\\onboarding\\education"
2026-03-09T07:08:12.629849Z  INFO get_globs:scan_sources: tailwindcss_oxide::scanner: Discovering "C:\\Users\\user1\\Documents\\GitHub\\tcl-1.0\\src\\app\\onboarding\\employment"
2026-03-09T07:08:12.630683Z  INFO get_globs:scan_sources: tailwindcss_oxide::scanner: Discovering "C:\\Users\\user1\\Documents\\GitHub\\tcl-1.0\\src\\app\\onboarding\\preferences"
2026-03-09T07:08:12.631411Z  INFO get_globs:scan_sources: tailwindcss_oxide::scanner: Discovering "C:\\Users\\user1\\Documents\\GitHub\\tcl-1.0\\src\\app\\register"
2026-03-09T07:08:12.631985Z  INFO get_globs:scan_sources: tailwindcss_oxide::scanner: Discovering "C:\\Users\\user1\\Documents\\GitHub\\tcl-1.0\\src\\app\\reset-password"
2026-03-09T07:08:12.632403Z  INFO get_globs:scan_sources: tailwindcss_oxide::scanner: Discovering "C:\\Users\\user1\\Documents\\GitHub\\tcl-1.0\\src\\app\\reset-password\\[token]"
2026-03-09T07:08:12.633232Z  INFO get_globs:scan_sources: tailwindcss_oxide::scanner: Discovering "C:\\Users\\user1\\Documents\\GitHub\\tcl-1.0\\src\\app\\search"
2026-03-09T07:08:12.634054Z  INFO get_globs:scan_sources: tailwindcss_oxide::scanner: Discovering "C:\\Users\\user1\\Documents\\GitHub\\tcl-1.0\\src\\app\\seeker"
2026-03-09T07:08:12.634671Z  INFO get_globs:scan_sources: tailwindcss_oxide::scanner: Discovering "C:\\Users\\user1\\Documents\\GitHub\\tcl-1.0\\src\\app\\seeker\\dashboard"
2026-03-09T07:08:12.635487Z  INFO get_globs:scan_sources: tailwindcss_oxide::scanner: Discovering "C:\\Users\\user1\\Documents\\GitHub\\tcl-1.0\\src\\app\\seeker\\profile"
2026-03-09T07:08:12.636142Z  INFO get_globs:scan_sources: tailwindcss_oxide::scanner: Discovering "C:\\Users\\user1\\Documents\\GitHub\\tcl-1.0\\src\\app\\user-applications"
2026-03-09T07:08:12.636969Z  INFO get_globs:scan_sources: tailwindcss_oxide::scanner: Discovering "C:\\Users\\user1\\Documents\\GitHub\\tcl-1.0\\src\\components"
2026-03-09T07:08:12.637532Z  INFO get_globs:scan_sources: tailwindcss_oxide::scanner: Discovering "C:\\Users\\user1\\Documents\\GitHub\\tcl-1.0\\src\\components\\auth"
2026-03-09T07:08:12.638867Z  INFO get_globs:scan_sources: tailwindcss_oxide::scanner: Discovering "C:\\Users\\user1\\Documents\\GitHub\\tcl-1.0\\src\\components\\company"
2026-03-09T07:08:12.640588Z  INFO get_globs:scan_sources: tailwindcss_oxide::scanner: Discovering "C:\\Users\\user1\\Documents\\GitHub\\tcl-1.0\\src\\components\\dashboard"
2026-03-09T07:08:12.642009Z  INFO get_globs:scan_sources: tailwindcss_oxide::scanner: Discovering "C:\\Users\\user1\\Documents\\GitHub\\tcl-1.0\\src\\components\\employer"
2026-03-09T07:08:12.642845Z  INFO get_globs:scan_sources: tailwindcss_oxide::scanner: Discovering "C:\\Users\\user1\\Documents\\GitHub\\tcl-1.0\\src\\components\\employer-application"
2026-03-09T07:08:12.644155Z  INFO get_globs:scan_sources: tailwindcss_oxide::scanner: Discovering "C:\\Users\\user1\\Documents\\GitHub\\tcl-1.0\\src\\components\\employer-dashboard"
2026-03-09T07:08:12.645586Z  INFO get_globs:scan_sources: tailwindcss_oxide::scanner: Discovering "C:\\Users\\user1\\Documents\\GitHub\\tcl-1.0\\src\\components\\employers"
2026-03-09T07:08:12.646676Z  INFO get_globs:scan_sources: tailwindcss_oxide::scanner: Discovering "C:\\Users\\user1\\Documents\\GitHub\\tcl-1.0\\src\\components\\home"
2026-03-09T07:08:12.647870Z  INFO get_globs:scan_sources: tailwindcss_oxide::scanner: Discovering "C:\\Users\\user1\\Documents\\GitHub\\tcl-1.0\\src\\components\\job-posting"
2026-03-09T07:08:12.648882Z  INFO get_globs:scan_sources: tailwindcss_oxide::scanner: Discovering "C:\\Users\\user1\\Documents\\GitHub\\tcl-1.0\\src\\components\\layout"
2026-03-09T07:08:12.650260Z  INFO get_globs:scan_sources: tailwindcss_oxide::scanner: Discovering "C:\\Users\\user1\\Documents\\GitHub\\tcl-1.0\\src\\components\\onboarding"
2026-03-09T07:08:12.651098Z  INFO get_globs:scan_sources: tailwindcss_oxide::scanner: Discovering "C:\\Users\\user1\\Documents\\GitHub\\tcl-1.0\\src\\components\\profile"
2026-03-09T07:08:12.652299Z  INFO get_globs:scan_sources: tailwindcss_oxide::scanner: Discovering "C:\\Users\\user1\\Documents\\GitHub\\tcl-1.0\\src\\components\\profile\\sections"
2026-03-09T07:08:12.654049Z  INFO get_globs:scan_sources: tailwindcss_oxide::scanner: Discovering "C:\\Users\\user1\\Documents\\GitHub\\tcl-1.0\\src\\components\\profile\\smart"
2026-03-09T07:08:12.655157Z  INFO get_globs:scan_sources: tailwindcss_oxide::scanner: Discovering "C:\\Users\\user1\\Documents\\GitHub\\tcl-1.0\\src\\components\\profile\\wizard"
2026-03-09T07:08:12.656164Z  INFO get_globs:scan_sources: tailwindcss_oxide::scanner: Discovering "C:\\Users\\user1\\Documents\\GitHub\\tcl-1.0\\src\\components\\profile\\wizard\\steps"
2026-03-09T07:08:12.657729Z  INFO get_globs:scan_sources: tailwindcss_oxide::scanner: Discovering "C:\\Users\\user1\\Documents\\GitHub\\tcl-1.0\\src\\components\\search"
2026-03-09T07:08:12.658588Z  INFO get_globs:scan_sources: tailwindcss_oxide::scanner: Discovering "C:\\Users\\user1\\Documents\\GitHub\\tcl-1.0\\src\\components\\seeker"
2026-03-09T07:08:12.659171Z  INFO get_globs:scan_sources: tailwindcss_oxide::scanner: Discovering "C:\\Users\\user1\\Documents\\GitHub\\tcl-1.0\\src\\components\\seeker\\profile"
2026-03-09T07:08:12.659926Z  INFO get_globs:scan_sources: tailwindcss_oxide::scanner: Discovering "C:\\Users\\user1\\Documents\\GitHub\\tcl-1.0\\src\\components\\seeker\\profile\\modals"
2026-03-09T07:08:12.662394Z  INFO get_globs:scan_sources: tailwindcss_oxide::scanner: Discovering "C:\\Users\\user1\\Documents\\GitHub\\tcl-1.0\\src\\components\\seeker\\profile\\sections"
2026-03-09T07:08:12.664617Z  INFO get_globs:scan_sources: tailwindcss_oxide::scanner: Discovering "C:\\Users\\user1\\Documents\\GitHub\\tcl-1.0\\src\\components\\ui"
2026-03-09T07:08:12.665295Z  INFO get_globs:scan_sources: tailwindcss_oxide::scanner: Discovering "C:\\Users\\user1\\Documents\\GitHub\\tcl-1.0\\src\\components\\user-applications"
2026-03-09T07:08:12.666445Z  INFO get_globs:scan_sources: tailwindcss_oxide::scanner: Discovering "C:\\Users\\user1\\Documents\\GitHub\\tcl-1.0\\src\\data"
2026-03-09T07:08:12.667407Z  INFO get_globs:scan_sources: tailwindcss_oxide::scanner: Discovering "C:\\Users\\user1\\Documents\\GitHub\\tcl-1.0\\src\\hooks"
2026-03-09T07:08:12.668265Z  INFO get_globs:scan_sources: tailwindcss_oxide::scanner: Discovering "C:\\Users\\user1\\Documents\\GitHub\\tcl-1.0\\src\\lib"
2026-03-09T07:08:12.668885Z  INFO get_globs:scan_sources: tailwindcss_oxide::scanner: Discovering "C:\\Users\\user1\\Documents\\GitHub\\tcl-1.0\\src\\lib\\db"
2026-03-09T07:08:12.669749Z  INFO get_globs:scan_sources: tailwindcss_oxide::scanner: Discovering "C:\\Users\\user1\\Documents\\GitHub\\tcl-1.0\\src\\lib\\email"
2026-03-09T07:08:12.671506Z  INFO get_globs:scan_sources: tailwindcss_oxide::scanner: Discovering "C:\\Users\\user1\\Documents\\GitHub\\tcl-1.0\\src\\lib\\validation"
2026-03-09T07:08:12.672337Z  INFO get_globs:scan_sources: tailwindcss_oxide::scanner: Discovering "C:\\Users\\user1\\Documents\\GitHub\\tcl-1.0\\src\\types"
2026-03-09T07:08:12.673531Z  INFO get_globs:scan_sources: tailwindcss_oxide::scanner: exit
2026-03-09T07:08:12.760420Z  INFO get_globs: tailwindcss_oxide::scanner: exit
