2026-03-09T06:55:39.620225Z  INFO tailwindcss_oxide::scanner: Provided sources:
2026-03-09T06:55:39.621127Z  INFO tailwindcss_oxide::scanner: Source: PublicSourceEntry { base: "C:\\Users\\user1\\Documents\\GitHub\\tcl-1.0", pattern: "**/*", negated: false }
2026-03-09T06:55:39.623667Z  INFO tailwindcss_oxide::scanner: Optimized sources:
2026-03-09T06:55:39.623744Z  INFO tailwindcss_oxide::scanner: Source: Auto { base: "C:\\Users\\user1\\Documents\\GitHub\\tcl-1.0" }
2026-03-09T06:55:39.635884Z  INFO scan_sources: tailwindcss_oxide::scanner: enter
2026-03-09T06:55:39.642152Z  INFO scan_sources: tailwindcss_oxide::scanner: Discovering "C:\\Users\\user1\\Documents\\GitHub\\tcl-1.0\\.github"
2026-03-09T06:55:39.643179Z  INFO scan_sources: tailwindcss_oxide::scanner: Discovering "C:\\Users\\user1\\Documents\\GitHub\\tcl-1.0\\.github\\CODEOWNERS"
2026-03-09T06:55:39.643488Z  INFO scan_sources: tailwindcss_oxide::scanner: Discovering "C:\\Users\\user1\\Documents\\GitHub\\tcl-1.0\\.github\\workflows"
2026-03-09T06:55:39.643798Z  INFO scan_sources: tailwindcss_oxide::scanner: Discovering "C:\\Users\\user1\\Documents\\GitHub\\tcl-1.0\\.github\\workflows\\ci.yml"
2026-03-09T06:55:39.643931Z  INFO scan_sources: tailwindcss_oxide::scanner: Discovering "C:\\Users\\user1\\Documents\\GitHub\\tcl-1.0\\.github\\workflows\\enforce-merge-chain.yml"
2026-03-09T06:55:39.645025Z  INFO scan_sources: tailwindcss_oxide::scanner: Discovering "C:\\Users\\user1\\Documents\\GitHub\\tcl-1.0\\dashboard_log.txt"
2026-03-09T06:55:39.645460Z  INFO scan_sources: tailwindcss_oxide::scanner: Discovering "C:\\Users\\user1\\Documents\\GitHub\\tcl-1.0\\drizzle"
2026-03-09T06:55:39.646103Z  INFO scan_sources: tailwindcss_oxide::scanner: Discovering "C:\\Users\\user1\\Documents\\GitHub\\tcl-1.0\\drizzle\\0000_fine_kang.sql"
2026-03-09T06:55:39.646534Z  INFO scan_sources: tailwindcss_oxide::scanner: Discovering "C:\\Users\\user1\\Documents\\GitHub\\tcl-1.0\\drizzle\\meta"
2026-03-09T06:55:39.647025Z  INFO scan_sources: tailwindcss_oxide::scanner: Discovering "C:\\Users\\user1\\Documents\\GitHub\\tcl-1.0\\drizzle\\meta\\0000_snapshot.json"
2026-03-09T06:55:39.647342Z  INFO scan_sources: tailwindcss_oxide::scanner: Discovering "C:\\Users\\user1\\Documents\\GitHub\\tcl-1.0\\drizzle\\meta\\_journal.json"
2026-03-09T06:55:39.647740Z  INFO scan_sources: tailwindcss_oxide::scanner: Discovering "C:\\Users\\user1\\Documents\\GitHub\\tcl-1.0\\drizzle.config.ts"
2026-03-09T06:55:39.647989Z  INFO scan_sources: tailwindcss_oxide::scanner: Discovering "C:\\Users\\user1\\Documents\\GitHub\\tcl-1.0\\drop_tables.js"
2026-03-09T06:55:39.648256Z  INFO scan_sources: tailwindcss_oxide::scanner: Discovering "C:\\Users\\user1\\Documents\\GitHub\\tcl-1.0\\Employer-dashboard-application.pen"
2026-03-09T06:55:39.648509Z  INFO scan_sources: tailwindcss_oxide::scanner: Discovering "C:\\Users\\user1\\Documents\\GitHub\\tcl-1.0\\eslint.config.mjs"
2026-03-09T06:55:39.648737Z  INFO scan_sources: tailwindcss_oxide::scanner: Discovering "C:\\Users\\user1\\Documents\\GitHub\\tcl-1.0\\fix-db-profile.ts"
2026-03-09T06:55:39.648906Z  INFO scan_sources: tailwindcss_oxide::scanner: Discovering "C:\\Users\\user1\\Documents\\GitHub\\tcl-1.0\\fix-db.ts"
2026-03-09T06:55:39.649043Z  INFO scan_sources: tailwindcss_oxide::scanner: Discovering "C:\\Users\\user1\\Documents\\GitHub\\tcl-1.0\\next.config.ts"
2026-03-09T06:55:39.649623Z  INFO scan_sources: tailwindcss_oxide::scanner: Discovering "C:\\Users\\user1\\Documents\\GitHub\\tcl-1.0\\package.json"
2026-03-09T06:55:39.649785Z  INFO scan_sources: tailwindcss_oxide::scanner: Discovering "C:\\Users\\user1\\Documents\\GitHub\\tcl-1.0\\postcss.config.mjs"
2026-03-09T06:55:39.650006Z  INFO scan_sources: tailwindcss_oxide::scanner: Discovering "C:\\Users\\user1\\Documents\\GitHub\\tcl-1.0\\public"
2026-03-09T06:55:39.650327Z  INFO scan_sources: tailwindcss_oxide::scanner: Discovering "C:\\Users\\user1\\Documents\\GitHub\\tcl-1.0\\public\\favicon.svg"
2026-03-09T06:55:39.650450Z  INFO scan_sources: tailwindcss_oxide::scanner: Discovering "C:\\Users\\user1\\Documents\\GitHub\\tcl-1.0\\public\\file.svg"
2026-03-09T06:55:39.650690Z  INFO scan_sources: tailwindcss_oxide::scanner: Discovering "C:\\Users\\user1\\Documents\\GitHub\\tcl-1.0\\public\\globe.svg"
2026-03-09T06:55:39.650946Z  INFO scan_sources: tailwindcss_oxide::scanner: Discovering "C:\\Users\\user1\\Documents\\GitHub\\tcl-1.0\\public\\home_trusted_Logo"
2026-03-09T06:55:39.651555Z  INFO scan_sources: tailwindcss_oxide::scanner: Discovering "C:\\Users\\user1\\Documents\\GitHub\\tcl-1.0\\public\\images"
2026-03-09T06:55:39.652072Z  INFO scan_sources: tailwindcss_oxide::scanner: Discovering "C:\\Users\\user1\\Documents\\GitHub\\tcl-1.0\\public\\images\\employers"
2026-03-09T06:55:39.652502Z  INFO scan_sources: tailwindcss_oxide::scanner: Discovering "C:\\Users\\user1\\Documents\\GitHub\\tcl-1.0\\public\\images\\employers\\tools"
2026-03-09T06:55:39.652965Z  INFO scan_sources: tailwindcss_oxide::scanner: Discovering "C:\\Users\\user1\\Documents\\GitHub\\tcl-1.0\\public\\next.svg"
2026-03-09T06:55:39.653101Z  INFO scan_sources: tailwindcss_oxide::scanner: Discovering "C:\\Users\\user1\\Documents\\GitHub\\tcl-1.0\\public\\vercel.svg"
2026-03-09T06:55:39.653217Z  INFO scan_sources: tailwindcss_oxide::scanner: Discovering "C:\\Users\\user1\\Documents\\GitHub\\tcl-1.0\\public\\window.svg"
2026-03-09T06:55:39.653390Z  INFO scan_sources: tailwindcss_oxide::scanner: Discovering "C:\\Users\\user1\\Documents\\GitHub\\tcl-1.0\\README.md"
2026-03-09T06:55:39.653677Z  INFO scan_sources: tailwindcss_oxide::scanner: Discovering "C:\\Users\\user1\\Documents\\GitHub\\tcl-1.0\\src"
2026-03-09T06:55:39.654170Z  INFO scan_sources: tailwindcss_oxide::scanner: Discovering "C:\\Users\\user1\\Documents\\GitHub\\tcl-1.0\\src\\actions"
2026-03-09T06:55:39.654542Z  INFO scan_sources: tailwindcss_oxide::scanner: Discovering "C:\\Users\\user1\\Documents\\GitHub\\tcl-1.0\\src\\actions\\auth.actions.ts"
2026-03-09T06:55:39.654668Z  INFO scan_sources: tailwindcss_oxide::scanner: Discovering "C:\\Users\\user1\\Documents\\GitHub\\tcl-1.0\\src\\actions\\employer.actions.ts"
2026-03-09T06:55:39.654786Z  INFO scan_sources: tailwindcss_oxide::scanner: Discovering "C:\\Users\\user1\\Documents\\GitHub\\tcl-1.0\\src\\actions\\job.actions.ts"
2026-03-09T06:55:39.654950Z  INFO scan_sources: tailwindcss_oxide::scanner: Discovering "C:\\Users\\user1\\Documents\\GitHub\\tcl-1.0\\src\\actions\\onboarding.actions.ts"
2026-03-09T06:55:39.655294Z  INFO scan_sources: tailwindcss_oxide::scanner: Discovering "C:\\Users\\user1\\Documents\\GitHub\\tcl-1.0\\src\\app"
2026-03-09T06:55:39.655786Z  INFO scan_sources: tailwindcss_oxide::scanner: Discovering "C:\\Users\\user1\\Documents\\GitHub\\tcl-1.0\\src\\app\\(employer-dashboard)"
2026-03-09T06:55:39.656272Z  INFO scan_sources: tailwindcss_oxide::scanner: Discovering "C:\\Users\\user1\\Documents\\GitHub\\tcl-1.0\\src\\app\\(employer-dashboard)\\employer-applications"
2026-03-09T06:55:39.656615Z  INFO scan_sources: tailwindcss_oxide::scanner: Discovering "C:\\Users\\user1\\Documents\\GitHub\\tcl-1.0\\src\\app\\(employer-dashboard)\\employer-applications\\page.tsx"
2026-03-09T06:55:39.656869Z  INFO scan_sources: tailwindcss_oxide::scanner: Discovering "C:\\Users\\user1\\Documents\\GitHub\\tcl-1.0\\src\\app\\(employer-dashboard)\\employer-dashboard"
2026-03-09T06:55:39.657156Z  INFO scan_sources: tailwindcss_oxide::scanner: Discovering "C:\\Users\\user1\\Documents\\GitHub\\tcl-1.0\\src\\app\\(employer-dashboard)\\employer-dashboard\\page.tsx"
2026-03-09T06:55:39.657357Z  INFO scan_sources: tailwindcss_oxide::scanner: Discovering "C:\\Users\\user1\\Documents\\GitHub\\tcl-1.0\\src\\app\\(employer-dashboard)\\employer-dashboard\\post-job"
2026-03-09T06:55:39.657611Z  INFO scan_sources: tailwindcss_oxide::scanner: Discovering "C:\\Users\\user1\\Documents\\GitHub\\tcl-1.0\\src\\app\\(employer-dashboard)\\employer-dashboard\\post-job\\page.tsx"
2026-03-09T06:55:39.657911Z  INFO scan_sources: tailwindcss_oxide::scanner: Discovering "C:\\Users\\user1\\Documents\\GitHub\\tcl-1.0\\src\\app\\(employer-dashboard)\\job-postings"
2026-03-09T06:55:39.658159Z  INFO scan_sources: tailwindcss_oxide::scanner: Discovering "C:\\Users\\user1\\Documents\\GitHub\\tcl-1.0\\src\\app\\(employer-dashboard)\\job-postings\\page.tsx"
2026-03-09T06:55:39.658395Z  INFO scan_sources: tailwindcss_oxide::scanner: Discovering "C:\\Users\\user1\\Documents\\GitHub\\tcl-1.0\\src\\app\\(employer-dashboard)\\layout.tsx"
2026-03-09T06:55:39.658637Z  INFO scan_sources: tailwindcss_oxide::scanner: Discovering "C:\\Users\\user1\\Documents\\GitHub\\tcl-1.0\\src\\app\\api"
2026-03-09T06:55:39.658976Z  INFO scan_sources: tailwindcss_oxide::scanner: Discovering "C:\\Users\\user1\\Documents\\GitHub\\tcl-1.0\\src\\app\\api\\auth"
2026-03-09T06:55:39.659314Z  INFO scan_sources: tailwindcss_oxide::scanner: Discovering "C:\\Users\\user1\\Documents\\GitHub\\tcl-1.0\\src\\app\\api\\auth\\forgot-password"
2026-03-09T06:55:39.659598Z  INFO scan_sources: tailwindcss_oxide::scanner: Discovering "C:\\Users\\user1\\Documents\\GitHub\\tcl-1.0\\src\\app\\api\\auth\\forgot-password\\route.ts"
2026-03-09T06:55:39.659861Z  INFO scan_sources: tailwindcss_oxide::scanner: Discovering "C:\\Users\\user1\\Documents\\GitHub\\tcl-1.0\\src\\app\\api\\auth\\reset-password"
2026-03-09T06:55:39.660118Z  INFO scan_sources: tailwindcss_oxide::scanner: Discovering "C:\\Users\\user1\\Documents\\GitHub\\tcl-1.0\\src\\app\\api\\auth\\reset-password\\route.ts"
2026-03-09T06:55:39.660363Z  INFO scan_sources: tailwindcss_oxide::scanner: Discovering "C:\\Users\\user1\\Documents\\GitHub\\tcl-1.0\\src\\app\\api\\auth\\[...nextauth]"
2026-03-09T06:55:39.660738Z  INFO scan_sources: tailwindcss_oxide::scanner: Discovering "C:\\Users\\user1\\Documents\\GitHub\\tcl-1.0\\src\\app\\api\\auth\\[...nextauth]\\route.ts"
2026-03-09T06:55:39.661296Z  INFO scan_sources: tailwindcss_oxide::scanner: Discovering "C:\\Users\\user1\\Documents\\GitHub\\tcl-1.0\\src\\app\\api\\profile"
2026-03-09T06:55:39.661924Z  INFO scan_sources: tailwindcss_oxide::scanner: Discovering "C:\\Users\\user1\\Documents\\GitHub\\tcl-1.0\\src\\app\\api\\profile\\achievements"
2026-03-09T06:55:39.662429Z  INFO scan_sources: tailwindcss_oxide::scanner: Discovering "C:\\Users\\user1\\Documents\\GitHub\\tcl-1.0\\src\\app\\api\\profile\\achievements\\route.ts"
2026-03-09T06:55:39.662864Z  INFO scan_sources: tailwindcss_oxide::scanner: Discovering "C:\\Users\\user1\\Documents\\GitHub\\tcl-1.0\\src\\app\\api\\profile\\education"
2026-03-09T06:55:39.663384Z  INFO scan_sources: tailwindcss_oxide::scanner: Discovering "C:\\Users\\user1\\Documents\\GitHub\\tcl-1.0\\src\\app\\api\\profile\\education\\route.ts"
2026-03-09T06:55:39.663882Z  INFO scan_sources: tailwindcss_oxide::scanner: Discovering "C:\\Users\\user1\\Documents\\GitHub\\tcl-1.0\\src\\app\\api\\profile\\experience"
2026-03-09T06:55:39.664395Z  INFO scan_sources: tailwindcss_oxide::scanner: Discovering "C:\\Users\\user1\\Documents\\GitHub\\tcl-1.0\\src\\app\\api\\profile\\experience\\route.ts"
2026-03-09T06:55:39.664896Z  INFO scan_sources: tailwindcss_oxide::scanner: Discovering "C:\\Users\\user1\\Documents\\GitHub\\tcl-1.0\\src\\app\\api\\profile\\languages"
2026-03-09T06:55:39.665486Z  INFO scan_sources: tailwindcss_oxide::scanner: Discovering "C:\\Users\\user1\\Documents\\GitHub\\tcl-1.0\\src\\app\\api\\profile\\languages\\route.ts"
2026-03-09T06:55:39.666016Z  INFO scan_sources: tailwindcss_oxide::scanner: Discovering "C:\\Users\\user1\\Documents\\GitHub\\tcl-1.0\\src\\app\\api\\profile\\projects"
2026-03-09T06:55:39.666469Z  INFO scan_sources: tailwindcss_oxide::scanner: Discovering "C:\\Users\\user1\\Documents\\GitHub\\tcl-1.0\\src\\app\\api\\profile\\projects\\route.ts"
2026-03-09T06:55:39.666740Z  INFO scan_sources: tailwindcss_oxide::scanner: Discovering "C:\\Users\\user1\\Documents\\GitHub\\tcl-1.0\\src\\app\\api\\profile\\route.ts"
2026-03-09T06:55:39.667083Z  INFO scan_sources: tailwindcss_oxide::scanner: Discovering "C:\\Users\\user1\\Documents\\GitHub\\tcl-1.0\\src\\app\\api\\profile\\skills"
2026-03-09T06:55:39.667483Z  INFO scan_sources: tailwindcss_oxide::scanner: Discovering "C:\\Users\\user1\\Documents\\GitHub\\tcl-1.0\\src\\app\\api\\profile\\skills\\route.ts"
2026-03-09T06:55:39.667931Z  INFO scan_sources: tailwindcss_oxide::scanner: Discovering "C:\\Users\\user1\\Documents\\GitHub\\tcl-1.0\\src\\app\\basic-profile"
2026-03-09T06:55:39.668212Z  INFO scan_sources: tailwindcss_oxide::scanner: Discovering "C:\\Users\\user1\\Documents\\GitHub\\tcl-1.0\\src\\app\\basic-profile\\page.tsx"
2026-03-09T06:55:39.668458Z  INFO scan_sources: tailwindcss_oxide::scanner: Discovering "C:\\Users\\user1\\Documents\\GitHub\\tcl-1.0\\src\\app\\company"
2026-03-09T06:55:39.668801Z  INFO scan_sources: tailwindcss_oxide::scanner: Discovering "C:\\Users\\user1\\Documents\\GitHub\\tcl-1.0\\src\\app\\company\\[id]"
2026-03-09T06:55:39.669078Z  INFO scan_sources: tailwindcss_oxide::scanner: Discovering "C:\\Users\\user1\\Documents\\GitHub\\tcl-1.0\\src\\app\\company\\[id]\\page.tsx"
2026-03-09T06:55:39.669381Z  INFO scan_sources: tailwindcss_oxide::scanner: Discovering "C:\\Users\\user1\\Documents\\GitHub\\tcl-1.0\\src\\app\\detailed-seeker-profile"
2026-03-09T06:55:39.669773Z  INFO scan_sources: tailwindcss_oxide::scanner: Discovering "C:\\Users\\user1\\Documents\\GitHub\\tcl-1.0\\src\\app\\detailed-seeker-profile\\page.tsx"
2026-03-09T06:55:39.670134Z  INFO scan_sources: tailwindcss_oxide::scanner: Discovering "C:\\Users\\user1\\Documents\\GitHub\\tcl-1.0\\src\\app\\employers"
2026-03-09T06:55:39.670729Z  INFO scan_sources: tailwindcss_oxide::scanner: Discovering "C:\\Users\\user1\\Documents\\GitHub\\tcl-1.0\\src\\app\\employers\\client-registration"
2026-03-09T06:55:39.671163Z  INFO scan_sources: tailwindcss_oxide::scanner: Discovering "C:\\Users\\user1\\Documents\\GitHub\\tcl-1.0\\src\\app\\employers\\client-registration\\page.tsx"
2026-03-09T06:55:39.671397Z  INFO scan_sources: tailwindcss_oxide::scanner: Discovering "C:\\Users\\user1\\Documents\\GitHub\\tcl-1.0\\src\\app\\employers\\page.tsx"
2026-03-09T06:55:39.671864Z  INFO scan_sources: tailwindcss_oxide::scanner: Discovering "C:\\Users\\user1\\Documents\\GitHub\\tcl-1.0\\src\\app\\forgot-password"
2026-03-09T06:55:39.673726Z  INFO scan_sources: tailwindcss_oxide::scanner: Discovering "C:\\Users\\user1\\Documents\\GitHub\\tcl-1.0\\src\\app\\forgot-password\\page.tsx"
2026-03-09T06:55:39.674128Z  INFO scan_sources: tailwindcss_oxide::scanner: Discovering "C:\\Users\\user1\\Documents\\GitHub\\tcl-1.0\\src\\app\\globals.css"
2026-03-09T06:55:39.674333Z  INFO scan_sources: tailwindcss_oxide::scanner: Discovering "C:\\Users\\user1\\Documents\\GitHub\\tcl-1.0\\src\\app\\icon.svg"
2026-03-09T06:55:39.674624Z  INFO scan_sources: tailwindcss_oxide::scanner: Discovering "C:\\Users\\user1\\Documents\\GitHub\\tcl-1.0\\src\\app\\job"
2026-03-09T06:55:39.675048Z  INFO scan_sources: tailwindcss_oxide::scanner: Discovering "C:\\Users\\user1\\Documents\\GitHub\\tcl-1.0\\src\\app\\job\\[id]"
2026-03-09T06:55:39.675336Z  INFO scan_sources: tailwindcss_oxide::scanner: Discovering "C:\\Users\\user1\\Documents\\GitHub\\tcl-1.0\\src\\app\\job\\[id]\\page.tsx"
2026-03-09T06:55:39.675565Z  INFO scan_sources: tailwindcss_oxide::scanner: Discovering "C:\\Users\\user1\\Documents\\GitHub\\tcl-1.0\\src\\app\\layout.tsx"
2026-03-09T06:55:39.675763Z  INFO scan_sources: tailwindcss_oxide::scanner: Discovering "C:\\Users\\user1\\Documents\\GitHub\\tcl-1.0\\src\\app\\login"
2026-03-09T06:55:39.676033Z  INFO scan_sources: tailwindcss_oxide::scanner: Discovering "C:\\Users\\user1\\Documents\\GitHub\\tcl-1.0\\src\\app\\login\\page.tsx"
2026-03-09T06:55:39.676319Z  INFO scan_sources: tailwindcss_oxide::scanner: Discovering "C:\\Users\\user1\\Documents\\GitHub\\tcl-1.0\\src\\app\\onboarding"
2026-03-09T06:55:39.676909Z  INFO scan_sources: tailwindcss_oxide::scanner: Discovering "C:\\Users\\user1\\Documents\\GitHub\\tcl-1.0\\src\\app\\onboarding\\education"
2026-03-09T06:55:39.677376Z  INFO scan_sources: tailwindcss_oxide::scanner: Discovering "C:\\Users\\user1\\Documents\\GitHub\\tcl-1.0\\src\\app\\onboarding\\education\\page.tsx"
2026-03-09T06:55:39.677769Z  INFO scan_sources: tailwindcss_oxide::scanner: Discovering "C:\\Users\\user1\\Documents\\GitHub\\tcl-1.0\\src\\app\\onboarding\\employment"
2026-03-09T06:55:39.678223Z  INFO scan_sources: tailwindcss_oxide::scanner: Discovering "C:\\Users\\user1\\Documents\\GitHub\\tcl-1.0\\src\\app\\onboarding\\employment\\page.tsx"
2026-03-09T06:55:39.678495Z  INFO scan_sources: tailwindcss_oxide::scanner: Discovering "C:\\Users\\user1\\Documents\\GitHub\\tcl-1.0\\src\\app\\onboarding\\layout.tsx"
2026-03-09T06:55:39.678707Z  INFO scan_sources: tailwindcss_oxide::scanner: Discovering "C:\\Users\\user1\\Documents\\GitHub\\tcl-1.0\\src\\app\\onboarding\\page.tsx"
2026-03-09T06:55:39.678969Z  INFO scan_sources: tailwindcss_oxide::scanner: Discovering "C:\\Users\\user1\\Documents\\GitHub\\tcl-1.0\\src\\app\\onboarding\\preferences"
2026-03-09T06:55:39.679307Z  INFO scan_sources: tailwindcss_oxide::scanner: Discovering "C:\\Users\\user1\\Documents\\GitHub\\tcl-1.0\\src\\app\\onboarding\\preferences\\page.tsx"
2026-03-09T06:55:39.679643Z  INFO scan_sources: tailwindcss_oxide::scanner: Discovering "C:\\Users\\user1\\Documents\\GitHub\\tcl-1.0\\src\\app\\page.tsx"
2026-03-09T06:55:39.679887Z  INFO scan_sources: tailwindcss_oxide::scanner: Discovering "C:\\Users\\user1\\Documents\\GitHub\\tcl-1.0\\src\\app\\register"
2026-03-09T06:55:39.680185Z  INFO scan_sources: tailwindcss_oxide::scanner: Discovering "C:\\Users\\user1\\Documents\\GitHub\\tcl-1.0\\src\\app\\register\\page.tsx"
2026-03-09T06:55:39.680467Z  INFO scan_sources: tailwindcss_oxide::scanner: Discovering "C:\\Users\\user1\\Documents\\GitHub\\tcl-1.0\\src\\app\\reset-password"
2026-03-09T06:55:39.680863Z  INFO scan_sources: tailwindcss_oxide::scanner: Discovering "C:\\Users\\user1\\Documents\\GitHub\\tcl-1.0\\src\\app\\reset-password\\[token]"
2026-03-09T06:55:39.681257Z  INFO scan_sources: tailwindcss_oxide::scanner: Discovering "C:\\Users\\user1\\Documents\\GitHub\\tcl-1.0\\src\\app\\reset-password\\[token]\\page.tsx"
2026-03-09T06:55:39.681667Z  INFO scan_sources: tailwindcss_oxide::scanner: Discovering "C:\\Users\\user1\\Documents\\GitHub\\tcl-1.0\\src\\app\\search"
2026-03-09T06:55:39.682037Z  INFO scan_sources: tailwindcss_oxide::scanner: Discovering "C:\\Users\\user1\\Documents\\GitHub\\tcl-1.0\\src\\app\\search\\page.tsx"
2026-03-09T06:55:39.682466Z  INFO scan_sources: tailwindcss_oxide::scanner: Discovering "C:\\Users\\user1\\Documents\\GitHub\\tcl-1.0\\src\\app\\seeker"
2026-03-09T06:55:39.682936Z  INFO scan_sources: tailwindcss_oxide::scanner: Discovering "C:\\Users\\user1\\Documents\\GitHub\\tcl-1.0\\src\\app\\seeker\\dashboard"
2026-03-09T06:55:39.683234Z  INFO scan_sources: tailwindcss_oxide::scanner: Discovering "C:\\Users\\user1\\Documents\\GitHub\\tcl-1.0\\src\\app\\seeker\\dashboard\\page.tsx"
2026-03-09T06:55:39.683365Z  INFO scan_sources: tailwindcss_oxide::scanner: Discovering "C:\\Users\\user1\\Documents\\GitHub\\tcl-1.0\\src\\app\\seeker\\dashboard\\UserDashboardClient.tsx"
2026-03-09T06:55:39.683658Z  INFO scan_sources: tailwindcss_oxide::scanner: Discovering "C:\\Users\\user1\\Documents\\GitHub\\tcl-1.0\\src\\app\\seeker\\profile"
2026-03-09T06:55:39.684169Z  INFO scan_sources: tailwindcss_oxide::scanner: Discovering "C:\\Users\\user1\\Documents\\GitHub\\tcl-1.0\\src\\app\\seeker\\profile\\page.tsx"
2026-03-09T06:55:39.684596Z  INFO scan_sources: tailwindcss_oxide::scanner: Discovering "C:\\Users\\user1\\Documents\\GitHub\\tcl-1.0\\src\\app\\user-applications"
2026-03-09T06:55:39.684919Z  INFO scan_sources: tailwindcss_oxide::scanner: Discovering "C:\\Users\\user1\\Documents\\GitHub\\tcl-1.0\\src\\app\\user-applications\\page.tsx"
2026-03-09T06:55:39.685163Z  INFO scan_sources: tailwindcss_oxide::scanner: Discovering "C:\\Users\\user1\\Documents\\GitHub\\tcl-1.0\\src\\auth.ts"
2026-03-09T06:55:39.685448Z  INFO scan_sources: tailwindcss_oxide::scanner: Discovering "C:\\Users\\user1\\Documents\\GitHub\\tcl-1.0\\src\\components"
2026-03-09T06:55:39.686127Z  INFO scan_sources: tailwindcss_oxide::scanner: Discovering "C:\\Users\\user1\\Documents\\GitHub\\tcl-1.0\\src\\components\\auth"
2026-03-09T06:55:39.686510Z  INFO scan_sources: tailwindcss_oxide::scanner: Discovering "C:\\Users\\user1\\Documents\\GitHub\\tcl-1.0\\src\\components\\auth\\AuthCard.tsx"
2026-03-09T06:55:39.686733Z  INFO scan_sources: tailwindcss_oxide::scanner: Discovering "C:\\Users\\user1\\Documents\\GitHub\\tcl-1.0\\src\\components\\auth\\AuthModal.tsx"
2026-03-09T06:55:39.686940Z  INFO scan_sources: tailwindcss_oxide::scanner: Discovering "C:\\Users\\user1\\Documents\\GitHub\\tcl-1.0\\src\\components\\auth\\EmployerAuthModal.tsx"
2026-03-09T06:55:39.687134Z  INFO scan_sources: tailwindcss_oxide::scanner: Discovering "C:\\Users\\user1\\Documents\\GitHub\\tcl-1.0\\src\\components\\auth\\ForgotPasswordForm.tsx"
2026-03-09T06:55:39.687310Z  INFO scan_sources: tailwindcss_oxide::scanner: Discovering "C:\\Users\\user1\\Documents\\GitHub\\tcl-1.0\\src\\components\\auth\\LoginForm.tsx"
2026-03-09T06:55:39.687518Z  INFO scan_sources: tailwindcss_oxide::scanner: Discovering "C:\\Users\\user1\\Documents\\GitHub\\tcl-1.0\\src\\components\\auth\\RegisterForm.tsx"
2026-03-09T06:55:39.688408Z  INFO scan_sources: tailwindcss_oxide::scanner: Discovering "C:\\Users\\user1\\Documents\\GitHub\\tcl-1.0\\src\\components\\auth\\RegistrationJourneyIllustration.tsx"
2026-03-09T06:55:39.688668Z  INFO scan_sources: tailwindcss_oxide::scanner: Discovering "C:\\Users\\user1\\Documents\\GitHub\\tcl-1.0\\src\\components\\auth\\ResetPasswordForm.tsx"
2026-03-09T06:55:39.688884Z  INFO scan_sources: tailwindcss_oxide::scanner: Discovering "C:\\Users\\user1\\Documents\\GitHub\\tcl-1.0\\src\\components\\auth\\SeekerRegisterForm.tsx"
2026-03-09T06:55:39.689098Z  INFO scan_sources: tailwindcss_oxide::scanner: Discovering "C:\\Users\\user1\\Documents\\GitHub\\tcl-1.0\\src\\components\\auth\\SessionProvider.tsx"
2026-03-09T06:55:39.689562Z  INFO scan_sources: tailwindcss_oxide::scanner: Discovering "C:\\Users\\user1\\Documents\\GitHub\\tcl-1.0\\src\\components\\company"
2026-03-09T06:55:39.690070Z  INFO scan_sources: tailwindcss_oxide::scanner: Discovering "C:\\Users\\user1\\Documents\\GitHub\\tcl-1.0\\src\\components\\company\\AboutSection.tsx"
2026-03-09T06:55:39.690294Z  INFO scan_sources: tailwindcss_oxide::scanner: Discovering "C:\\Users\\user1\\Documents\\GitHub\\tcl-1.0\\src\\components\\company\\CompanyHero.tsx"
2026-03-09T06:55:39.690442Z  INFO scan_sources: tailwindcss_oxide::scanner: Discovering "C:\\Users\\user1\\Documents\\GitHub\\tcl-1.0\\src\\components\\company\\CompanySidebar.tsx"
2026-03-09T06:55:39.690600Z  INFO scan_sources: tailwindcss_oxide::scanner: Discovering "C:\\Users\\user1\\Documents\\GitHub\\tcl-1.0\\src\\components\\company\\CultureGrid.tsx"
2026-03-09T06:55:39.690751Z  INFO scan_sources: tailwindcss_oxide::scanner: Discovering "C:\\Users\\user1\\Documents\\GitHub\\tcl-1.0\\src\\components\\company\\LocationSection.tsx"
2026-03-09T06:55:39.690897Z  INFO scan_sources: tailwindcss_oxide::scanner: Discovering "C:\\Users\\user1\\Documents\\GitHub\\tcl-1.0\\src\\components\\company\\OpenRolesList.tsx"
2026-03-09T06:55:39.691048Z  INFO scan_sources: tailwindcss_oxide::scanner: Discovering "C:\\Users\\user1\\Documents\\GitHub\\tcl-1.0\\src\\components\\company\\PerksSection.tsx"
2026-03-09T06:55:39.691185Z  INFO scan_sources: tailwindcss_oxide::scanner: Discovering "C:\\Users\\user1\\Documents\\GitHub\\tcl-1.0\\src\\components\\company\\StatsSection.tsx"
2026-03-09T06:55:39.691602Z  INFO scan_sources: tailwindcss_oxide::scanner: Discovering "C:\\Users\\user1\\Documents\\GitHub\\tcl-1.0\\src\\components\\dashboard"
2026-03-09T06:55:39.692119Z  INFO scan_sources: tailwindcss_oxide::scanner: Discovering "C:\\Users\\user1\\Documents\\GitHub\\tcl-1.0\\src\\components\\dashboard\\DashboardBlogSection.tsx"
2026-03-09T06:55:39.692330Z  INFO scan_sources: tailwindcss_oxide::scanner: Discovering "C:\\Users\\user1\\Documents\\GitHub\\tcl-1.0\\src\\components\\dashboard\\DashboardJobCard.tsx"
2026-03-09T06:55:39.692487Z  INFO scan_sources: tailwindcss_oxide::scanner: Discovering "C:\\Users\\user1\\Documents\\GitHub\\tcl-1.0\\src\\components\\dashboard\\MobileComponents.tsx"
2026-03-09T06:55:39.692645Z  INFO scan_sources: tailwindcss_oxide::scanner: Discovering "C:\\Users\\user1\\Documents\\GitHub\\tcl-1.0\\src\\components\\dashboard\\ProfileSidebar.tsx"
2026-03-09T06:55:39.692805Z  INFO scan_sources: tailwindcss_oxide::scanner: Discovering "C:\\Users\\user1\\Documents\\GitHub\\tcl-1.0\\src\\components\\dashboard\\RightSidebar.tsx"
2026-03-09T06:55:39.692965Z  INFO scan_sources: tailwindcss_oxide::scanner: Discovering "C:\\Users\\user1\\Documents\\GitHub\\tcl-1.0\\src\\components\\dashboard\\SidebarNav.tsx"
2026-03-09T06:55:39.693098Z  INFO scan_sources: tailwindcss_oxide::scanner: Discovering "C:\\Users\\user1\\Documents\\GitHub\\tcl-1.0\\src\\components\\dashboard\\StatsWidget.tsx"
2026-03-09T06:55:39.693254Z  INFO scan_sources: tailwindcss_oxide::scanner: Discovering "C:\\Users\\user1\\Documents\\GitHub\\tcl-1.0\\src\\components\\dashboard\\UpgradeBanner.tsx"
2026-03-09T06:55:39.693642Z  INFO scan_sources: tailwindcss_oxide::scanner: Discovering "C:\\Users\\user1\\Documents\\GitHub\\tcl-1.0\\src\\components\\employer"
2026-03-09T06:55:39.694110Z  INFO scan_sources: tailwindcss_oxide::scanner: Discovering "C:\\Users\\user1\\Documents\\GitHub\\tcl-1.0\\src\\components\\employer\\EmployerFooter.tsx"
2026-03-09T06:55:39.694319Z  INFO scan_sources: tailwindcss_oxide::scanner: Discovering "C:\\Users\\user1\\Documents\\GitHub\\tcl-1.0\\src\\components\\employer\\EmployerNavbar.tsx"
2026-03-09T06:55:39.694717Z  INFO scan_sources: tailwindcss_oxide::scanner: Discovering "C:\\Users\\user1\\Documents\\GitHub\\tcl-1.0\\src\\components\\employer-application"
2026-03-09T06:55:39.695202Z  INFO scan_sources: tailwindcss_oxide::scanner: Discovering "C:\\Users\\user1\\Documents\\GitHub\\tcl-1.0\\src\\components\\employer-application\\ActiveJobsStrip.tsx"
2026-03-09T06:55:39.695395Z  INFO scan_sources: tailwindcss_oxide::scanner: Discovering "C:\\Users\\user1\\Documents\\GitHub\\tcl-1.0\\src\\components\\employer-application\\applicantsData.ts"
2026-03-09T06:55:39.695627Z  INFO scan_sources: tailwindcss_oxide::scanner: Discovering "C:\\Users\\user1\\Documents\\GitHub\\tcl-1.0\\src\\components\\employer-application\\ApplicantsTable.tsx"
2026-03-09T06:55:39.695807Z  INFO scan_sources: tailwindcss_oxide::scanner: Discovering "C:\\Users\\user1\\Documents\\GitHub\\tcl-1.0\\src\\components\\employer-application\\ApplicationsContent.tsx"
2026-03-09T06:55:39.696024Z  INFO scan_sources: tailwindcss_oxide::scanner: Discovering "C:\\Users\\user1\\Documents\\GitHub\\tcl-1.0\\src\\components\\employer-application\\ApplicationsMobileHeader.tsx"
2026-03-09T06:55:39.696196Z  INFO scan_sources: tailwindcss_oxide::scanner: Discovering "C:\\Users\\user1\\Documents\\GitHub\\tcl-1.0\\src\\components\\employer-application\\ApplicationsPagination.tsx"
2026-03-09T06:55:39.696357Z  INFO scan_sources: tailwindcss_oxide::scanner: Discovering "C:\\Users\\user1\\Documents\\GitHub\\tcl-1.0\\src\\components\\employer-application\\ApplicationsTopBar.tsx"
2026-03-09T06:55:39.696535Z  INFO scan_sources: tailwindcss_oxide::scanner: Discovering "C:\\Users\\user1\\Documents\\GitHub\\tcl-1.0\\src\\components\\employer-application\\FilterPanel.tsx"
2026-03-09T06:55:39.696834Z  INFO scan_sources: tailwindcss_oxide::scanner: Discovering "C:\\Users\\user1\\Documents\\GitHub\\tcl-1.0\\src\\components\\employer-application\\StatusFilterTabs.tsx"
2026-03-09T06:55:39.697456Z  INFO scan_sources: tailwindcss_oxide::scanner: Discovering "C:\\Users\\user1\\Documents\\GitHub\\tcl-1.0\\src\\components\\employer-dashboard"
2026-03-09T06:55:39.698219Z  INFO scan_sources: tailwindcss_oxide::scanner: Discovering "C:\\Users\\user1\\Documents\\GitHub\\tcl-1.0\\src\\components\\employer-dashboard\\DashboardSidebar.tsx"
2026-03-09T06:55:39.698493Z  INFO scan_sources: tailwindcss_oxide::scanner: Discovering "C:\\Users\\user1\\Documents\\GitHub\\tcl-1.0\\src\\components\\employer-dashboard\\DashboardTopBar.tsx"
2026-03-09T06:55:39.699437Z  INFO scan_sources: tailwindcss_oxide::scanner: Discovering "C:\\Users\\user1\\Documents\\GitHub\\tcl-1.0\\src\\components\\employer-dashboard\\MetricsRow.tsx"
2026-03-09T06:55:39.699636Z  INFO scan_sources: tailwindcss_oxide::scanner: Discovering "C:\\Users\\user1\\Documents\\GitHub\\tcl-1.0\\src\\components\\employer-dashboard\\MobileBottomNav.tsx"
2026-03-09T06:55:39.699827Z  INFO scan_sources: tailwindcss_oxide::scanner: Discovering "C:\\Users\\user1\\Documents\\GitHub\\tcl-1.0\\src\\components\\employer-dashboard\\QuickActionsPanel.tsx"
2026-03-09T06:55:39.700001Z  INFO scan_sources: tailwindcss_oxide::scanner: Discovering "C:\\Users\\user1\\Documents\\GitHub\\tcl-1.0\\src\\components\\employer-dashboard\\RecentApplicationsTable.tsx"
2026-03-09T06:55:39.700179Z  INFO scan_sources: tailwindcss_oxide::scanner: Discovering "C:\\Users\\user1\\Documents\\GitHub\\tcl-1.0\\src\\components\\employer-dashboard\\TabletNavStrip.tsx"
2026-03-09T06:55:39.700376Z  INFO scan_sources: tailwindcss_oxide::scanner: Discovering "C:\\Users\\user1\\Documents\\GitHub\\tcl-1.0\\src\\components\\employer-dashboard\\UpcomingInterviewsCard.tsx"
2026-03-09T06:55:39.700810Z  INFO scan_sources: tailwindcss_oxide::scanner: Discovering "C:\\Users\\user1\\Documents\\GitHub\\tcl-1.0\\src\\components\\employers"
2026-03-09T06:55:39.701425Z  INFO scan_sources: tailwindcss_oxide::scanner: Discovering "C:\\Users\\user1\\Documents\\GitHub\\tcl-1.0\\src\\components\\employers\\BuiltForEveryEmployerSection.tsx"
2026-03-09T06:55:39.701980Z  INFO scan_sources: tailwindcss_oxide::scanner: Discovering "C:\\Users\\user1\\Documents\\GitHub\\tcl-1.0\\src\\components\\employers\\CTASection.tsx"
2026-03-09T06:55:39.702740Z  INFO scan_sources: tailwindcss_oxide::scanner: Discovering "C:\\Users\\user1\\Documents\\GitHub\\tcl-1.0\\src\\components\\employers\\FAQSection.tsx"
2026-03-09T06:55:39.703038Z  INFO scan_sources: tailwindcss_oxide::scanner: Discovering "C:\\Users\\user1\\Documents\\GitHub\\tcl-1.0\\src\\components\\employers\\HeroSection.tsx"
2026-03-09T06:55:39.703209Z  INFO scan_sources: tailwindcss_oxide::scanner: Discovering "C:\\Users\\user1\\Documents\\GitHub\\tcl-1.0\\src\\components\\employers\\HiringProcessSection.tsx"
2026-03-09T06:55:39.703343Z  INFO scan_sources: tailwindcss_oxide::scanner: Discovering "C:\\Users\\user1\\Documents\\GitHub\\tcl-1.0\\src\\components\\employers\\PowerfulToolsSection.tsx"
2026-03-09T06:55:39.703941Z  INFO scan_sources: tailwindcss_oxide::scanner: Discovering "C:\\Users\\user1\\Documents\\GitHub\\tcl-1.0\\src\\components\\home"
2026-03-09T06:55:39.704628Z  INFO scan_sources: tailwindcss_oxide::scanner: Discovering "C:\\Users\\user1\\Documents\\GitHub\\tcl-1.0\\src\\components\\home\\CategorySection.tsx"
2026-03-09T06:55:39.704851Z  INFO scan_sources: tailwindcss_oxide::scanner: Discovering "C:\\Users\\user1\\Documents\\GitHub\\tcl-1.0\\src\\components\\home\\HeroSection.tsx"
2026-03-09T06:55:39.705024Z  INFO scan_sources: tailwindcss_oxide::scanner: Discovering "C:\\Users\\user1\\Documents\\GitHub\\tcl-1.0\\src\\components\\home\\JobCard.tsx"
2026-03-09T06:55:39.705204Z  INFO scan_sources: tailwindcss_oxide::scanner: Discovering "C:\\Users\\user1\\Documents\\GitHub\\tcl-1.0\\src\\components\\home\\JobOpeningsSection.tsx"
2026-03-09T06:55:39.705410Z  INFO scan_sources: tailwindcss_oxide::scanner: Discovering "C:\\Users\\user1\\Documents\\GitHub\\tcl-1.0\\src\\components\\home\\RecruiterCTA.tsx"
2026-03-09T06:55:39.705598Z  INFO scan_sources: tailwindcss_oxide::scanner: Discovering "C:\\Users\\user1\\Documents\\GitHub\\tcl-1.0\\src\\components\\home\\TrustedCompanies.tsx"
2026-03-09T06:55:39.706040Z  INFO scan_sources: tailwindcss_oxide::scanner: Discovering "C:\\Users\\user1\\Documents\\GitHub\\tcl-1.0\\src\\components\\job-posting"
2026-03-09T06:55:39.706496Z  INFO scan_sources: tailwindcss_oxide::scanner: Discovering "C:\\Users\\user1\\Documents\\GitHub\\tcl-1.0\\src\\components\\job-posting\\JobCard.tsx"
2026-03-09T06:55:39.706690Z  INFO scan_sources: tailwindcss_oxide::scanner: Discovering "C:\\Users\\user1\\Documents\\GitHub\\tcl-1.0\\src\\components\\job-posting\\JobPostingsContent.tsx"
2026-03-09T06:55:39.706867Z  INFO scan_sources: tailwindcss_oxide::scanner: Discovering "C:\\Users\\user1\\Documents\\GitHub\\tcl-1.0\\src\\components\\job-posting\\JobPostingsHeader.tsx"
2026-03-09T06:55:39.707132Z  INFO scan_sources: tailwindcss_oxide::scanner: Discovering "C:\\Users\\user1\\Documents\\GitHub\\tcl-1.0\\src\\components\\job-posting\\JobPostsList.tsx"
2026-03-09T06:55:39.707327Z  INFO scan_sources: tailwindcss_oxide::scanner: Discovering "C:\\Users\\user1\\Documents\\GitHub\\tcl-1.0\\src\\components\\job-posting\\StatusFilterStrip.tsx"
2026-03-09T06:55:39.707717Z  INFO scan_sources: tailwindcss_oxide::scanner: Discovering "C:\\Users\\user1\\Documents\\GitHub\\tcl-1.0\\src\\components\\layout"
2026-03-09T06:55:39.708075Z  INFO scan_sources: tailwindcss_oxide::scanner: Discovering "C:\\Users\\user1\\Documents\\GitHub\\tcl-1.0\\src\\components\\layout\\EmployerNavbar.tsx"
2026-03-09T06:55:39.708270Z  INFO scan_sources: tailwindcss_oxide::scanner: Discovering "C:\\Users\\user1\\Documents\\GitHub\\tcl-1.0\\src\\components\\layout\\Footer.tsx"
2026-03-09T06:55:39.708457Z  INFO scan_sources: tailwindcss_oxide::scanner: Discovering "C:\\Users\\user1\\Documents\\GitHub\\tcl-1.0\\src\\components\\layout\\LayoutWrapper.tsx"
2026-03-09T06:55:39.708636Z  INFO scan_sources: tailwindcss_oxide::scanner: Discovering "C:\\Users\\user1\\Documents\\GitHub\\tcl-1.0\\src\\components\\layout\\LoggedInNavbar.tsx"
2026-03-09T06:55:39.708809Z  INFO scan_sources: tailwindcss_oxide::scanner: Discovering "C:\\Users\\user1\\Documents\\GitHub\\tcl-1.0\\src\\components\\layout\\MobileBottomNav.tsx"
2026-03-09T06:55:39.708998Z  INFO scan_sources: tailwindcss_oxide::scanner: Discovering "C:\\Users\\user1\\Documents\\GitHub\\tcl-1.0\\src\\components\\layout\\Navbar.tsx"
2026-03-09T06:55:39.709173Z  INFO scan_sources: tailwindcss_oxide::scanner: Discovering "C:\\Users\\user1\\Documents\\GitHub\\tcl-1.0\\src\\components\\layout\\NavbarClient.tsx"
2026-03-09T06:55:39.709366Z  INFO scan_sources: tailwindcss_oxide::scanner: Discovering "C:\\Users\\user1\\Documents\\GitHub\\tcl-1.0\\src\\components\\layout\\NotificationPopup.tsx"
2026-03-09T06:55:39.709790Z  INFO scan_sources: tailwindcss_oxide::scanner: Discovering "C:\\Users\\user1\\Documents\\GitHub\\tcl-1.0\\src\\components\\onboarding"
2026-03-09T06:55:39.710226Z  INFO scan_sources: tailwindcss_oxide::scanner: Discovering "C:\\Users\\user1\\Documents\\GitHub\\tcl-1.0\\src\\components\\onboarding\\OnboardingSidebar.tsx"
2026-03-09T06:55:39.710416Z  INFO scan_sources: tailwindcss_oxide::scanner: Discovering "C:\\Users\\user1\\Documents\\GitHub\\tcl-1.0\\src\\components\\onboarding\\OnboardingStepper.tsx"
2026-03-09T06:55:39.710776Z  INFO scan_sources: tailwindcss_oxide::scanner: Discovering "C:\\Users\\user1\\Documents\\GitHub\\tcl-1.0\\src\\components\\profile"
2026-03-09T06:55:39.711193Z  INFO scan_sources: tailwindcss_oxide::scanner: Discovering "C:\\Users\\user1\\Documents\\GitHub\\tcl-1.0\\src\\components\\profile\\DatePicker.tsx"
2026-03-09T06:55:39.711397Z  INFO scan_sources: tailwindcss_oxide::scanner: Discovering "C:\\Users\\user1\\Documents\\GitHub\\tcl-1.0\\src\\components\\profile\\FileUpload.tsx"
2026-03-09T06:55:39.711580Z  INFO scan_sources: tailwindcss_oxide::scanner: Discovering "C:\\Users\\user1\\Documents\\GitHub\\tcl-1.0\\src\\components\\profile\\FormInput.tsx"
2026-03-09T06:55:39.711769Z  INFO scan_sources: tailwindcss_oxide::scanner: Discovering "C:\\Users\\user1\\Documents\\GitHub\\tcl-1.0\\src\\components\\profile\\FormSelect.tsx"
2026-03-09T06:55:39.711950Z  INFO scan_sources: tailwindcss_oxide::scanner: Discovering "C:\\Users\\user1\\Documents\\GitHub\\tcl-1.0\\src\\components\\profile\\ProgressBar.tsx"
2026-03-09T06:55:39.712123Z  INFO scan_sources: tailwindcss_oxide::scanner: Discovering "C:\\Users\\user1\\Documents\\GitHub\\tcl-1.0\\src\\components\\profile\\RangeSlider.tsx"
2026-03-09T06:55:39.712309Z  INFO scan_sources: tailwindcss_oxide::scanner: Discovering "C:\\Users\\user1\\Documents\\GitHub\\tcl-1.0\\src\\components\\profile\\SectionCard.tsx"
2026-03-09T06:55:39.712632Z  INFO scan_sources: tailwindcss_oxide::scanner: Discovering "C:\\Users\\user1\\Documents\\GitHub\\tcl-1.0\\src\\components\\profile\\sections"
2026-03-09T06:55:39.713121Z  INFO scan_sources: tailwindcss_oxide::scanner: Discovering "C:\\Users\\user1\\Documents\\GitHub\\tcl-1.0\\src\\components\\profile\\sections\\AchievementsSection.tsx"
2026-03-09T06:55:39.713343Z  INFO scan_sources: tailwindcss_oxide::scanner: Discovering "C:\\Users\\user1\\Documents\\GitHub\\tcl-1.0\\src\\components\\profile\\sections\\BasicAccountSection.tsx"
2026-03-09T06:55:39.713509Z  INFO scan_sources: tailwindcss_oxide::scanner: Discovering "C:\\Users\\user1\\Documents\\GitHub\\tcl-1.0\\src\\components\\profile\\sections\\EducationSection.tsx"
2026-03-09T06:55:39.713680Z  INFO scan_sources: tailwindcss_oxide::scanner: Discovering "C:\\Users\\user1\\Documents\\GitHub\\tcl-1.0\\src\\components\\profile\\sections\\PersonalDetailsSection.tsx"
2026-03-09T06:55:39.713857Z  INFO scan_sources: tailwindcss_oxide::scanner: Discovering "C:\\Users\\user1\\Documents\\GitHub\\tcl-1.0\\src\\components\\profile\\sections\\PreferencesSection.tsx"
2026-03-09T06:55:39.714043Z  INFO scan_sources: tailwindcss_oxide::scanner: Discovering "C:\\Users\\user1\\Documents\\GitHub\\tcl-1.0\\src\\components\\profile\\sections\\ProfessionalStatusSection.tsx"
2026-03-09T06:55:39.714369Z  INFO scan_sources: tailwindcss_oxide::scanner: Discovering "C:\\Users\\user1\\Documents\\GitHub\\tcl-1.0\\src\\components\\profile\\sections\\ProfileSummarySection.tsx"
2026-03-09T06:55:39.715043Z  INFO scan_sources: tailwindcss_oxide::scanner: Discovering "C:\\Users\\user1\\Documents\\GitHub\\tcl-1.0\\src\\components\\profile\\sections\\ProjectsSection.tsx"
2026-03-09T06:55:39.715943Z  INFO scan_sources: tailwindcss_oxide::scanner: Discovering "C:\\Users\\user1\\Documents\\GitHub\\tcl-1.0\\src\\components\\profile\\sections\\ResumeLinksSection.tsx"
2026-03-09T06:55:39.716312Z  INFO scan_sources: tailwindcss_oxide::scanner: Discovering "C:\\Users\\user1\\Documents\\GitHub\\tcl-1.0\\src\\components\\profile\\sections\\SkillsSection.tsx"
2026-03-09T06:55:39.716839Z  INFO scan_sources: tailwindcss_oxide::scanner: Discovering "C:\\Users\\user1\\Documents\\GitHub\\tcl-1.0\\src\\components\\profile\\sections\\VerificationSection.tsx"
2026-03-09T06:55:39.717830Z  INFO scan_sources: tailwindcss_oxide::scanner: Discovering "C:\\Users\\user1\\Documents\\GitHub\\tcl-1.0\\src\\components\\profile\\sections\\WorkExperienceSection.tsx"
2026-03-09T06:55:39.718185Z  INFO scan_sources: tailwindcss_oxide::scanner: Discovering "C:\\Users\\user1\\Documents\\GitHub\\tcl-1.0\\src\\components\\profile\\SegmentedControl.tsx"
2026-03-09T06:55:39.718312Z  INFO scan_sources: tailwindcss_oxide::scanner: Discovering "C:\\Users\\user1\\Documents\\GitHub\\tcl-1.0\\src\\components\\profile\\SkillBadge.tsx"
2026-03-09T06:55:39.718525Z  INFO scan_sources: tailwindcss_oxide::scanner: Discovering "C:\\Users\\user1\\Documents\\GitHub\\tcl-1.0\\src\\components\\profile\\smart"
2026-03-09T06:55:39.718834Z  INFO scan_sources: tailwindcss_oxide::scanner: Discovering "C:\\Users\\user1\\Documents\\GitHub\\tcl-1.0\\src\\components\\profile\\smart\\SmartSuggest.tsx"
2026-03-09T06:55:39.719003Z  INFO scan_sources: tailwindcss_oxide::scanner: Discovering "C:\\Users\\user1\\Documents\\GitHub\\tcl-1.0\\src\\components\\profile\\TagInput.tsx"
2026-03-09T06:55:39.719119Z  INFO scan_sources: tailwindcss_oxide::scanner: Discovering "C:\\Users\\user1\\Documents\\GitHub\\tcl-1.0\\src\\components\\profile\\Timeline.tsx"
2026-03-09T06:55:39.719388Z  INFO scan_sources: tailwindcss_oxide::scanner: Discovering "C:\\Users\\user1\\Documents\\GitHub\\tcl-1.0\\src\\components\\profile\\wizard"
2026-03-09T06:55:39.719756Z  INFO scan_sources: tailwindcss_oxide::scanner: Discovering "C:\\Users\\user1\\Documents\\GitHub\\tcl-1.0\\src\\components\\profile\\wizard\\ProfileWizard.tsx"
2026-03-09T06:55:39.719916Z  INFO scan_sources: tailwindcss_oxide::scanner: Discovering "C:\\Users\\user1\\Documents\\GitHub\\tcl-1.0\\src\\components\\profile\\wizard\\StepProgress.tsx"
2026-03-09T06:55:39.720201Z  INFO scan_sources: tailwindcss_oxide::scanner: Discovering "C:\\Users\\user1\\Documents\\GitHub\\tcl-1.0\\src\\components\\profile\\wizard\\steps"
2026-03-09T06:55:39.720629Z  INFO scan_sources: tailwindcss_oxide::scanner: Discovering "C:\\Users\\user1\\Documents\\GitHub\\tcl-1.0\\src\\components\\profile\\wizard\\steps\\index.ts"
2026-03-09T06:55:39.720804Z  INFO scan_sources: tailwindcss_oxide::scanner: Discovering "C:\\Users\\user1\\Documents\\GitHub\\tcl-1.0\\src\\components\\profile\\wizard\\steps\\Step1Account.tsx"
2026-03-09T06:55:39.720964Z  INFO scan_sources: tailwindcss_oxide::scanner: Discovering "C:\\Users\\user1\\Documents\\GitHub\\tcl-1.0\\src\\components\\profile\\wizard\\steps\\Step2Personal.tsx"
2026-03-09T06:55:39.721122Z  INFO scan_sources: tailwindcss_oxide::scanner: Discovering "C:\\Users\\user1\\Documents\\GitHub\\tcl-1.0\\src\\components\\profile\\wizard\\steps\\Step3Professional.tsx"
2026-03-09T06:55:39.721266Z  INFO scan_sources: tailwindcss_oxide::scanner: Discovering "C:\\Users\\user1\\Documents\\GitHub\\tcl-1.0\\src\\components\\profile\\wizard\\steps\\Step5Skills.tsx"
2026-03-09T06:55:39.721516Z  INFO scan_sources: tailwindcss_oxide::scanner: Discovering "C:\\Users\\user1\\Documents\\GitHub\\tcl-1.0\\src\\components\\profile\\wizard\\StepTransition.tsx"
2026-03-09T06:55:39.721685Z  INFO scan_sources: tailwindcss_oxide::scanner: Discovering "C:\\Users\\user1\\Documents\\GitHub\\tcl-1.0\\src\\components\\profile\\wizard\\WizardNavigation.tsx"
2026-03-09T06:55:39.722022Z  INFO scan_sources: tailwindcss_oxide::scanner: Discovering "C:\\Users\\user1\\Documents\\GitHub\\tcl-1.0\\src\\components\\search"
2026-03-09T06:55:39.722317Z  INFO scan_sources: tailwindcss_oxide::scanner: Discovering "C:\\Users\\user1\\Documents\\GitHub\\tcl-1.0\\src\\components\\search\\SearchJobCard.tsx"
2026-03-09T06:55:39.722574Z  INFO scan_sources: tailwindcss_oxide::scanner: Discovering "C:\\Users\\user1\\Documents\\GitHub\\tcl-1.0\\src\\components\\seeker"
2026-03-09T06:55:39.722939Z  INFO scan_sources: tailwindcss_oxide::scanner: Discovering "C:\\Users\\user1\\Documents\\GitHub\\tcl-1.0\\src\\components\\seeker\\profile"
2026-03-09T06:55:39.723238Z  INFO scan_sources: tailwindcss_oxide::scanner: Discovering "C:\\Users\\user1\\Documents\\GitHub\\tcl-1.0\\src\\components\\seeker\\profile\\EmptyState.tsx"
2026-03-09T06:55:39.723485Z  INFO scan_sources: tailwindcss_oxide::scanner: Discovering "C:\\Users\\user1\\Documents\\GitHub\\tcl-1.0\\src\\components\\seeker\\profile\\modals"
2026-03-09T06:55:39.723781Z  INFO scan_sources: tailwindcss_oxide::scanner: Discovering "C:\\Users\\user1\\Documents\\GitHub\\tcl-1.0\\src\\components\\seeker\\profile\\modals\\EditAcademicAchievementsModal.tsx"
2026-03-09T06:55:39.723902Z  INFO scan_sources: tailwindcss_oxide::scanner: Discovering "C:\\Users\\user1\\Documents\\GitHub\\tcl-1.0\\src\\components\\seeker\\profile\\modals\\EditAwardModal.tsx"
2026-03-09T06:55:39.724014Z  INFO scan_sources: tailwindcss_oxide::scanner: Discovering "C:\\Users\\user1\\Documents\\GitHub\\tcl-1.0\\src\\components\\seeker\\profile\\modals\\EditBasicDetailsModal.tsx"
2026-03-09T06:55:39.724145Z  INFO scan_sources: tailwindcss_oxide::scanner: Discovering "C:\\Users\\user1\\Documents\\GitHub\\tcl-1.0\\src\\components\\seeker\\profile\\modals\\EditCertificationModal.tsx"
2026-03-09T06:55:39.724259Z  INFO scan_sources: tailwindcss_oxide::scanner: Discovering "C:\\Users\\user1\\Documents\\GitHub\\tcl-1.0\\src\\components\\seeker\\profile\\modals\\EditClubModal.tsx"
2026-03-09T06:55:39.724370Z  INFO scan_sources: tailwindcss_oxide::scanner: Discovering "C:\\Users\\user1\\Documents\\GitHub\\tcl-1.0\\src\\components\\seeker\\profile\\modals\\EditCompetitiveExamModal.tsx"
2026-03-09T06:55:39.724480Z  INFO scan_sources: tailwindcss_oxide::scanner: Discovering "C:\\Users\\user1\\Documents\\GitHub\\tcl-1.0\\src\\components\\seeker\\profile\\modals\\EditEducationModal.tsx"
2026-03-09T06:55:39.724588Z  INFO scan_sources: tailwindcss_oxide::scanner: Discovering "C:\\Users\\user1\\Documents\\GitHub\\tcl-1.0\\src\\components\\seeker\\profile\\modals\\EditEmploymentModal.tsx"
2026-03-09T06:55:39.724708Z  INFO scan_sources: tailwindcss_oxide::scanner: Discovering "C:\\Users\\user1\\Documents\\GitHub\\tcl-1.0\\src\\components\\seeker\\profile\\modals\\EditInternshipModal.tsx"
2026-03-09T06:55:39.724820Z  INFO scan_sources: tailwindcss_oxide::scanner: Discovering "C:\\Users\\user1\\Documents\\GitHub\\tcl-1.0\\src\\components\\seeker\\profile\\modals\\EditLanguagesModal.tsx"
2026-03-09T06:55:39.724929Z  INFO scan_sources: tailwindcss_oxide::scanner: Discovering "C:\\Users\\user1\\Documents\\GitHub\\tcl-1.0\\src\\components\\seeker\\profile\\modals\\EditPreferencesModal.tsx"
2026-03-09T06:55:39.725039Z  INFO scan_sources: tailwindcss_oxide::scanner: Discovering "C:\\Users\\user1\\Documents\\GitHub\\tcl-1.0\\src\\components\\seeker\\profile\\modals\\EditProfileSummaryModal.tsx"
2026-03-09T06:55:39.725149Z  INFO scan_sources: tailwindcss_oxide::scanner: Discovering "C:\\Users\\user1\\Documents\\GitHub\\tcl-1.0\\src\\components\\seeker\\profile\\modals\\EditProjectModal.tsx"
2026-03-09T06:55:39.725258Z  INFO scan_sources: tailwindcss_oxide::scanner: Discovering "C:\\Users\\user1\\Documents\\GitHub\\tcl-1.0\\src\\components\\seeker\\profile\\modals\\EditResumeModal.tsx"
2026-03-09T06:55:39.725368Z  INFO scan_sources: tailwindcss_oxide::scanner: Discovering "C:\\Users\\user1\\Documents\\GitHub\\tcl-1.0\\src\\components\\seeker\\profile\\modals\\EditSkillsModal.tsx"
2026-03-09T06:55:39.725550Z  INFO scan_sources: tailwindcss_oxide::scanner: Discovering "C:\\Users\\user1\\Documents\\GitHub\\tcl-1.0\\src\\components\\seeker\\profile\\ProfileHeader.tsx"
2026-03-09T06:55:39.725662Z  INFO scan_sources: tailwindcss_oxide::scanner: Discovering "C:\\Users\\user1\\Documents\\GitHub\\tcl-1.0\\src\\components\\seeker\\profile\\SectionContainer.tsx"
2026-03-09T06:55:39.725870Z  INFO scan_sources: tailwindcss_oxide::scanner: Discovering "C:\\Users\\user1\\Documents\\GitHub\\tcl-1.0\\src\\components\\seeker\\profile\\sections"
2026-03-09T06:55:39.726150Z  INFO scan_sources: tailwindcss_oxide::scanner: Discovering "C:\\Users\\user1\\Documents\\GitHub\\tcl-1.0\\src\\components\\seeker\\profile\\sections\\AcademicAchievements.tsx"
2026-03-09T06:55:39.726261Z  INFO scan_sources: tailwindcss_oxide::scanner: Discovering "C:\\Users\\user1\\Documents\\GitHub\\tcl-1.0\\src\\components\\seeker\\profile\\sections\\Accomplishments.tsx"
2026-03-09T06:55:39.726368Z  INFO scan_sources: tailwindcss_oxide::scanner: Discovering "C:\\Users\\user1\\Documents\\GitHub\\tcl-1.0\\src\\components\\seeker\\profile\\sections\\BasicDetails.tsx"
2026-03-09T06:55:39.726475Z  INFO scan_sources: tailwindcss_oxide::scanner: Discovering "C:\\Users\\user1\\Documents\\GitHub\\tcl-1.0\\src\\components\\seeker\\profile\\sections\\CareerPreferences.tsx"
2026-03-09T06:55:39.726582Z  INFO scan_sources: tailwindcss_oxide::scanner: Discovering "C:\\Users\\user1\\Documents\\GitHub\\tcl-1.0\\src\\components\\seeker\\profile\\sections\\CompetitiveExams.tsx"
2026-03-09T06:55:39.726689Z  INFO scan_sources: tailwindcss_oxide::scanner: Discovering "C:\\Users\\user1\\Documents\\GitHub\\tcl-1.0\\src\\components\\seeker\\profile\\sections\\Education.tsx"
2026-03-09T06:55:39.726810Z  INFO scan_sources: tailwindcss_oxide::scanner: Discovering "C:\\Users\\user1\\Documents\\GitHub\\tcl-1.0\\src\\components\\seeker\\profile\\sections\\Employment.tsx"
2026-03-09T06:55:39.726917Z  INFO scan_sources: tailwindcss_oxide::scanner: Discovering "C:\\Users\\user1\\Documents\\GitHub\\tcl-1.0\\src\\components\\seeker\\profile\\sections\\Internships.tsx"
2026-03-09T06:55:39.727024Z  INFO scan_sources: tailwindcss_oxide::scanner: Discovering "C:\\Users\\user1\\Documents\\GitHub\\tcl-1.0\\src\\components\\seeker\\profile\\sections\\KeySkills.tsx"
2026-03-09T06:55:39.727131Z  INFO scan_sources: tailwindcss_oxide::scanner: Discovering "C:\\Users\\user1\\Documents\\GitHub\\tcl-1.0\\src\\components\\seeker\\profile\\sections\\Languages.tsx"
2026-03-09T06:55:39.727239Z  INFO scan_sources: tailwindcss_oxide::scanner: Discovering "C:\\Users\\user1\\Documents\\GitHub\\tcl-1.0\\src\\components\\seeker\\profile\\sections\\ProfileSummary.tsx"
2026-03-09T06:55:39.727361Z  INFO scan_sources: tailwindcss_oxide::scanner: Discovering "C:\\Users\\user1\\Documents\\GitHub\\tcl-1.0\\src\\components\\seeker\\profile\\sections\\Projects.tsx"
2026-03-09T06:55:39.727475Z  INFO scan_sources: tailwindcss_oxide::scanner: Discovering "C:\\Users\\user1\\Documents\\GitHub\\tcl-1.0\\src\\components\\seeker\\profile\\sections\\Resume.tsx"
2026-03-09T06:55:39.727672Z  INFO scan_sources: tailwindcss_oxide::scanner: Discovering "C:\\Users\\user1\\Documents\\GitHub\\tcl-1.0\\src\\components\\seeker\\profile\\Sidebar.tsx"
2026-03-09T06:55:39.727785Z  INFO scan_sources: tailwindcss_oxide::scanner: Discovering "C:\\Users\\user1\\Documents\\GitHub\\tcl-1.0\\src\\components\\seeker\\profile\\UserProfileLayout.tsx"
2026-03-09T06:55:39.728174Z  INFO scan_sources: tailwindcss_oxide::scanner: Discovering "C:\\Users\\user1\\Documents\\GitHub\\tcl-1.0\\src\\components\\ui"
2026-03-09T06:55:39.728565Z  INFO scan_sources: tailwindcss_oxide::scanner: Discovering "C:\\Users\\user1\\Documents\\GitHub\\tcl-1.0\\src\\components\\ui\\Button.tsx"
2026-03-09T06:55:39.729103Z  INFO scan_sources: tailwindcss_oxide::scanner: Discovering "C:\\Users\\user1\\Documents\\GitHub\\tcl-1.0\\src\\components\\user-applications"
2026-03-09T06:55:39.729572Z  INFO scan_sources: tailwindcss_oxide::scanner: Discovering "C:\\Users\\user1\\Documents\\GitHub\\tcl-1.0\\src\\components\\user-applications\\ApplicationsContainer.tsx"
2026-03-09T06:55:39.729731Z  INFO scan_sources: tailwindcss_oxide::scanner: Discovering "C:\\Users\\user1\\Documents\\GitHub\\tcl-1.0\\src\\components\\user-applications\\ApplicationSlideOver.tsx"
2026-03-09T06:55:39.729888Z  INFO scan_sources: tailwindcss_oxide::scanner: Discovering "C:\\Users\\user1\\Documents\\GitHub\\tcl-1.0\\src\\components\\user-applications\\ApplicationTable.tsx"
2026-03-09T06:55:39.730030Z  INFO scan_sources: tailwindcss_oxide::scanner: Discovering "C:\\Users\\user1\\Documents\\GitHub\\tcl-1.0\\src\\components\\user-applications\\StatCards.tsx"
2026-03-09T06:55:39.730415Z  INFO scan_sources: tailwindcss_oxide::scanner: Discovering "C:\\Users\\user1\\Documents\\GitHub\\tcl-1.0\\src\\data"
2026-03-09T06:55:39.730738Z  INFO scan_sources: tailwindcss_oxide::scanner: Discovering "C:\\Users\\user1\\Documents\\GitHub\\tcl-1.0\\src\\data\\applications-mock.ts"
2026-03-09T06:55:39.730879Z  INFO scan_sources: tailwindcss_oxide::scanner: Discovering "C:\\Users\\user1\\Documents\\GitHub\\tcl-1.0\\src\\data\\company-mock.ts"
2026-03-09T06:55:39.731012Z  INFO scan_sources: tailwindcss_oxide::scanner: Discovering "C:\\Users\\user1\\Documents\\GitHub\\tcl-1.0\\src\\data\\mock-data.ts"
2026-03-09T06:55:39.731143Z  INFO scan_sources: tailwindcss_oxide::scanner: Discovering "C:\\Users\\user1\\Documents\\GitHub\\tcl-1.0\\src\\data\\search-mock-data.ts"
2026-03-09T06:55:39.731418Z  INFO scan_sources: tailwindcss_oxide::scanner: Discovering "C:\\Users\\user1\\Documents\\GitHub\\tcl-1.0\\src\\hooks"
2026-03-09T06:55:39.731688Z  INFO scan_sources: tailwindcss_oxide::scanner: Discovering "C:\\Users\\user1\\Documents\\GitHub\\tcl-1.0\\src\\hooks\\useFormPersistence.ts"
2026-03-09T06:55:39.731933Z  INFO scan_sources: tailwindcss_oxide::scanner: Discovering "C:\\Users\\user1\\Documents\\GitHub\\tcl-1.0\\src\\lib"
2026-03-09T06:55:39.732259Z  INFO scan_sources: tailwindcss_oxide::scanner: Discovering "C:\\Users\\user1\\Documents\\GitHub\\tcl-1.0\\src\\lib\\db"
2026-03-09T06:55:39.732518Z  INFO scan_sources: tailwindcss_oxide::scanner: Discovering "C:\\Users\\user1\\Documents\\GitHub\\tcl-1.0\\src\\lib\\db\\db.ts"
2026-03-09T06:55:39.732633Z  INFO scan_sources: tailwindcss_oxide::scanner: Discovering "C:\\Users\\user1\\Documents\\GitHub\\tcl-1.0\\src\\lib\\db\\schema.ts"
2026-03-09T06:55:39.732743Z  INFO scan_sources: tailwindcss_oxide::scanner: Discovering "C:\\Users\\user1\\Documents\\GitHub\\tcl-1.0\\src\\lib\\db\\seed.ts"
2026-03-09T06:55:39.732975Z  INFO scan_sources: tailwindcss_oxide::scanner: Discovering "C:\\Users\\user1\\Documents\\GitHub\\tcl-1.0\\src\\lib\\email"
2026-03-09T06:55:39.733238Z  INFO scan_sources: tailwindcss_oxide::scanner: Discovering "C:\\Users\\user1\\Documents\\GitHub\\tcl-1.0\\src\\lib\\email\\mailer.ts"
2026-03-09T06:55:39.733437Z  INFO scan_sources: tailwindcss_oxide::scanner: Discovering "C:\\Users\\user1\\Documents\\GitHub\\tcl-1.0\\src\\lib\\profileCompletion.ts"
2026-03-09T06:55:39.733554Z  INFO scan_sources: tailwindcss_oxide::scanner: Discovering "C:\\Users\\user1\\Documents\\GitHub\\tcl-1.0\\src\\lib\\profileTypes.ts"
2026-03-09T06:55:39.733662Z  INFO scan_sources: tailwindcss_oxide::scanner: Discovering "C:\\Users\\user1\\Documents\\GitHub\\tcl-1.0\\src\\lib\\profileUtils.ts"
2026-03-09T06:55:39.733791Z  INFO scan_sources: tailwindcss_oxide::scanner: Discovering "C:\\Users\\user1\\Documents\\GitHub\\tcl-1.0\\src\\lib\\suggestionData.ts"
2026-03-09T06:55:39.734075Z  INFO scan_sources: tailwindcss_oxide::scanner: Discovering "C:\\Users\\user1\\Documents\\GitHub\\tcl-1.0\\src\\lib\\validation"
2026-03-09T06:55:39.734427Z  INFO scan_sources: tailwindcss_oxide::scanner: Discovering "C:\\Users\\user1\\Documents\\GitHub\\tcl-1.0\\src\\lib\\validation\\auth.ts"
2026-03-09T06:55:39.734598Z  INFO scan_sources: tailwindcss_oxide::scanner: Discovering "C:\\Users\\user1\\Documents\\GitHub\\tcl-1.0\\src\\lib\\wizardConfig.ts"
2026-03-09T06:55:39.734756Z  INFO scan_sources: tailwindcss_oxide::scanner: Discovering "C:\\Users\\user1\\Documents\\GitHub\\tcl-1.0\\src\\proxy.ts"
2026-03-09T06:55:39.734981Z  INFO scan_sources: tailwindcss_oxide::scanner: Discovering "C:\\Users\\user1\\Documents\\GitHub\\tcl-1.0\\src\\types"
2026-03-09T06:55:39.735315Z  INFO scan_sources: tailwindcss_oxide::scanner: Discovering "C:\\Users\\user1\\Documents\\GitHub\\tcl-1.0\\src\\types\\next-auth.d.ts"
2026-03-09T06:55:39.735639Z  INFO scan_sources: tailwindcss_oxide::scanner: Discovering "C:\\Users\\user1\\Documents\\GitHub\\tcl-1.0\\trace.txt"
2026-03-09T06:55:39.735777Z  INFO scan_sources: tailwindcss_oxide::scanner: Discovering "C:\\Users\\user1\\Documents\\GitHub\\tcl-1.0\\tsconfig.json"
2026-03-09T06:55:39.735943Z  INFO scan_sources: tailwindcss_oxide::scanner: Discovering "C:\\Users\\user1\\Documents\\GitHub\\tcl-1.0\\y.txt"
2026-03-09T06:55:39.736172Z  INFO scan_sources: tailwindcss_oxide::scanner: exit
2026-03-09T06:55:39.736195Z  INFO extract_candidates: tailwindcss_oxide::scanner: enter
2026-03-09T06:55:39.736211Z  INFO extract_candidates:read_all_files: tailwindcss_oxide::scanner: enter
2026-03-09T06:55:39.736222Z  INFO extract_candidates:read_all_files: tailwindcss_oxide::scanner: Reading 230 file(s)
2026-03-09T06:55:39.738354Z  INFO tailwindcss_oxide::scanner: Reading "C:\\Users\\user1\\Documents\\GitHub\\tcl-1.0\\src\\components\\auth\\RegisterForm.tsx"
2026-03-09T06:55:39.738341Z  INFO tailwindcss_oxide::scanner: Reading "C:\\Users\\user1\\Documents\\GitHub\\tcl-1.0\\src\\components\\employers\\HiringProcessSection.tsx"
2026-03-09T06:55:39.738341Z  INFO tailwindcss_oxide::scanner: Reading "C:\\Users\\user1\\Documents\\GitHub\\tcl-1.0\\src\\components\\dashboard\\MobileComponents.tsx"
2026-03-09T06:55:39.738714Z  INFO tailwindcss_oxide::scanner: Reading "C:\\Users\\user1\\Documents\\GitHub\\tcl-1.0\\src\\components\\auth\\RegistrationJourneyIllustration.tsx"
2026-03-09T06:55:39.738748Z  INFO tailwindcss_oxide::scanner: Reading "C:\\Users\\user1\\Documents\\GitHub\\tcl-1.0\\src\\components\\company\\CompanySidebar.tsx"
2026-03-09T06:55:39.738780Z  INFO tailwindcss_oxide::scanner: Reading "C:\\Users\\user1\\Documents\\GitHub\\tcl-1.0\\src\\components\\dashboard\\ProfileSidebar.tsx"
2026-03-09T06:55:39.738787Z  INFO tailwindcss_oxide::scanner: Reading "C:\\Users\\user1\\Documents\\GitHub\\tcl-1.0\\src\\app\\page.tsx"
2026-03-09T06:55:39.738796Z  INFO tailwindcss_oxide::scanner: Reading "C:\\Users\\user1\\Documents\\GitHub\\tcl-1.0\\src\\app\\(employer-dashboard)\\employer-dashboard\\page.tsx"
2026-03-09T06:55:39.738877Z  INFO tailwindcss_oxide::scanner: Reading "C:\\Users\\user1\\Documents\\GitHub\\tcl-1.0\\src\\app\\user-applications\\page.tsx"
2026-03-09T06:55:39.738912Z  INFO tailwindcss_oxide::scanner: Reading "C:\\Users\\user1\\Documents\\GitHub\\tcl-1.0\\src\\components\\company\\CultureGrid.tsx"
2026-03-09T06:55:39.738935Z  INFO tailwindcss_oxide::scanner: Reading "C:\\Users\\user1\\Documents\\GitHub\\tcl-1.0\\src\\components\\auth\\ResetPasswordForm.tsx"
2026-03-09T06:55:39.739012Z  INFO tailwindcss_oxide::scanner: Reading "C:\\Users\\user1\\Documents\\GitHub\\tcl-1.0\\.github\\CODEOWNERS"
2026-03-09T06:55:39.739063Z  INFO tailwindcss_oxide::scanner: Reading "C:\\Users\\user1\\Documents\\GitHub\\tcl-1.0\\src\\components\\company\\LocationSection.tsx"
2026-03-09T06:55:39.738912Z  INFO tailwindcss_oxide::scanner: Reading "C:\\Users\\user1\\Documents\\GitHub\\tcl-1.0\\src\\components\\dashboard\\RightSidebar.tsx"
2026-03-09T06:55:39.738807Z  INFO tailwindcss_oxide::scanner: Reading "C:\\Users\\user1\\Documents\\GitHub\\tcl-1.0\\src\\components\\employers\\PowerfulToolsSection.tsx"
2026-03-09T06:55:39.739113Z  INFO tailwindcss_oxide::scanner: Reading "C:\\Users\\user1\\Documents\\GitHub\\tcl-1.0\\src\\components\\auth\\SeekerRegisterForm.tsx"
2026-03-09T06:55:39.739203Z  INFO tailwindcss_oxide::scanner: Reading "C:\\Users\\user1\\Documents\\GitHub\\tcl-1.0\\src\\components\\company\\OpenRolesList.tsx"
2026-03-09T06:55:39.739274Z  INFO tailwindcss_oxide::scanner: Reading "C:\\Users\\user1\\Documents\\GitHub\\tcl-1.0\\src\\components\\home\\CategorySection.tsx"
2026-03-09T06:55:39.739286Z  INFO tailwindcss_oxide::scanner: Reading "C:\\Users\\user1\\Documents\\GitHub\\tcl-1.0\\src\\components\\dashboard\\SidebarNav.tsx"
2026-03-09T06:55:39.739306Z  INFO tailwindcss_oxide::scanner: Reading "C:\\Users\\user1\\Documents\\GitHub\\tcl-1.0\\src\\components\\auth\\SessionProvider.tsx"
2026-03-09T06:55:39.739355Z  INFO tailwindcss_oxide::scanner: Reading "C:\\Users\\user1\\Documents\\GitHub\\tcl-1.0\\src\\components\\company\\PerksSection.tsx"
2026-03-09T06:55:39.739404Z  INFO tailwindcss_oxide::scanner: Reading "C:\\Users\\user1\\Documents\\GitHub\\tcl-1.0\\src\\components\\home\\HeroSection.tsx"
2026-03-09T06:55:39.739481Z  INFO tailwindcss_oxide::scanner: Reading "C:\\Users\\user1\\Documents\\GitHub\\tcl-1.0\\src\\components\\company\\StatsSection.tsx"
2026-03-09T06:55:39.739489Z  INFO tailwindcss_oxide::scanner: Reading "C:\\Users\\user1\\Documents\\GitHub\\tcl-1.0\\src\\components\\company\\AboutSection.tsx"
2026-03-09T06:55:39.739533Z  INFO tailwindcss_oxide::scanner: Reading "C:\\Users\\user1\\Documents\\GitHub\\tcl-1.0\\src\\components\\home\\JobCard.tsx"
2026-03-09T06:55:39.739550Z  INFO tailwindcss_oxide::scanner: Reading "C:\\Users\\user1\\Documents\\GitHub\\tcl-1.0\\src\\components\\dashboard\\StatsWidget.tsx"
2026-03-09T06:55:39.739657Z  INFO tailwindcss_oxide::scanner: Reading "C:\\Users\\user1\\Documents\\GitHub\\tcl-1.0\\src\\components\\home\\JobOpeningsSection.tsx"
2026-03-09T06:55:39.739612Z  INFO tailwindcss_oxide::scanner: Reading "C:\\Users\\user1\\Documents\\GitHub\\tcl-1.0\\src\\components\\dashboard\\DashboardBlogSection.tsx"
2026-03-09T06:55:39.739690Z  INFO tailwindcss_oxide::scanner: Reading "C:\\Users\\user1\\Documents\\GitHub\\tcl-1.0\\src\\components\\company\\CompanyHero.tsx"
2026-03-09T06:55:39.739804Z  INFO tailwindcss_oxide::scanner: Reading "C:\\Users\\user1\\Documents\\GitHub\\tcl-1.0\\src\\components\\dashboard\\UpgradeBanner.tsx"
2026-03-09T06:55:39.739829Z  INFO tailwindcss_oxide::scanner: Reading "C:\\Users\\user1\\Documents\\GitHub\\tcl-1.0\\.github\\workflows\\ci.yml"
2026-03-09T06:55:39.739889Z  INFO tailwindcss_oxide::scanner: Reading "C:\\Users\\user1\\Documents\\GitHub\\tcl-1.0\\src\\components\\auth\\AuthModal.tsx"
2026-03-09T06:55:39.739916Z  INFO tailwindcss_oxide::scanner: Reading "C:\\Users\\user1\\Documents\\GitHub\\tcl-1.0\\src\\components\\dashboard\\DashboardJobCard.tsx"
2026-03-09T06:55:39.739961Z  INFO tailwindcss_oxide::scanner: Reading "C:\\Users\\user1\\Documents\\GitHub\\tcl-1.0\\src\\components\\employer\\EmployerFooter.tsx"
2026-03-09T06:55:39.740037Z  INFO tailwindcss_oxide::scanner: Reading "C:\\Users\\user1\\Documents\\GitHub\\tcl-1.0\\src\\components\\home\\RecruiterCTA.tsx"
2026-03-09T06:55:39.740047Z  INFO tailwindcss_oxide::scanner: Reading "C:\\Users\\user1\\Documents\\GitHub\\tcl-1.0\\src\\components\\auth\\EmployerAuthModal.tsx"
2026-03-09T06:55:39.740130Z  INFO tailwindcss_oxide::scanner: Reading "C:\\Users\\user1\\Documents\\GitHub\\tcl-1.0\\src\\app\\register\\page.tsx"
2026-03-09T06:55:39.740153Z  INFO tailwindcss_oxide::scanner: Reading "C:\\Users\\user1\\Documents\\GitHub\\tcl-1.0\\src\\auth.ts"
2026-03-09T06:55:39.740255Z  INFO tailwindcss_oxide::scanner: Reading "C:\\Users\\user1\\Documents\\GitHub\\tcl-1.0\\.github\\workflows\\enforce-merge-chain.yml"
2026-03-09T06:55:39.740268Z  INFO tailwindcss_oxide::scanner: Reading "C:\\Users\\user1\\Documents\\GitHub\\tcl-1.0\\src\\components\\employer-application\\ApplicationsTopBar.tsx"
2026-03-09T06:55:39.740295Z  INFO tailwindcss_oxide::scanner: Reading "C:\\Users\\user1\\Documents\\GitHub\\tcl-1.0\\src\\components\\employer\\EmployerNavbar.tsx"
2026-03-09T06:55:39.740343Z  INFO tailwindcss_oxide::scanner: Reading "C:\\Users\\user1\\Documents\\GitHub\\tcl-1.0\\src\\components\\auth\\AuthCard.tsx"
2026-03-09T06:55:39.740393Z  INFO tailwindcss_oxide::scanner: Reading "C:\\Users\\user1\\Documents\\GitHub\\tcl-1.0\\src\\app\\reset-password\\[token]\\page.tsx"
2026-03-09T06:55:39.740393Z  INFO tailwindcss_oxide::scanner: Reading "C:\\Users\\user1\\Documents\\GitHub\\tcl-1.0\\src\\app\\(employer-dashboard)\\employer-dashboard\\post-job\\page.tsx"
2026-03-09T06:55:39.740430Z  INFO tailwindcss_oxide::scanner: Reading "C:\\Users\\user1\\Documents\\GitHub\\tcl-1.0\\src\\components\\employer-application\\FilterPanel.tsx"
2026-03-09T06:55:39.740449Z  INFO tailwindcss_oxide::scanner: Reading "C:\\Users\\user1\\Documents\\GitHub\\tcl-1.0\\src\\components\\employer-application\\ActiveJobsStrip.tsx"
2026-03-09T06:55:39.740582Z  INFO tailwindcss_oxide::scanner: Reading "C:\\Users\\user1\\Documents\\GitHub\\tcl-1.0\\src\\components\\employer-application\\StatusFilterTabs.tsx"
2026-03-09T06:55:39.740587Z  INFO tailwindcss_oxide::scanner: Reading "C:\\Users\\user1\\Documents\\GitHub\\tcl-1.0\\src\\components\\seeker\\profile\\EmptyState.tsx"
2026-03-09T06:55:39.740650Z  INFO tailwindcss_oxide::scanner: Reading "C:\\Users\\user1\\Documents\\GitHub\\tcl-1.0\\src\\components\\auth\\ForgotPasswordForm.tsx"
2026-03-09T06:55:39.740821Z  INFO tailwindcss_oxide::scanner: Reading "C:\\Users\\user1\\Documents\\GitHub\\tcl-1.0\\src\\components\\employer-dashboard\\DashboardSidebar.tsx"
2026-03-09T06:55:39.740821Z  INFO tailwindcss_oxide::scanner: Reading "C:\\Users\\user1\\Documents\\GitHub\\tcl-1.0\\src\\components\\seeker\\profile\\modals\\EditAcademicAchievementsModal.tsx"
2026-03-09T06:55:39.740915Z  INFO tailwindcss_oxide::scanner: Reading "C:\\Users\\user1\\Documents\\GitHub\\tcl-1.0\\src\\components\\home\\TrustedCompanies.tsx"
2026-03-09T06:55:39.741011Z  INFO tailwindcss_oxide::scanner: Reading "C:\\Users\\user1\\Documents\\GitHub\\tcl-1.0\\src\\components\\employer-dashboard\\DashboardTopBar.tsx"
2026-03-09T06:55:39.741037Z  INFO tailwindcss_oxide::scanner: Reading "C:\\Users\\user1\\Documents\\GitHub\\tcl-1.0\\src\\app\\(employer-dashboard)\\job-postings\\page.tsx"
2026-03-09T06:55:39.741124Z  INFO tailwindcss_oxide::scanner: Reading "C:\\Users\\user1\\Documents\\GitHub\\tcl-1.0\\src\\components\\seeker\\profile\\modals\\EditAwardModal.tsx"
2026-03-09T06:55:39.741131Z  INFO tailwindcss_oxide::scanner: Reading "C:\\Users\\user1\\Documents\\GitHub\\tcl-1.0\\src\\components\\job-posting\\JobCard.tsx"
2026-03-09T06:55:39.741168Z  INFO tailwindcss_oxide::scanner: Reading "C:\\Users\\user1\\Documents\\GitHub\\tcl-1.0\\src\\components\\employer-dashboard\\MetricsRow.tsx"
2026-03-09T06:55:39.741224Z  INFO tailwindcss_oxide::scanner: Reading "C:\\Users\\user1\\Documents\\GitHub\\tcl-1.0\\src\\components\\auth\\LoginForm.tsx"
2026-03-09T06:55:39.741290Z  INFO tailwindcss_oxide::scanner: Reading "C:\\Users\\user1\\Documents\\GitHub\\tcl-1.0\\src\\components\\job-posting\\JobPostingsContent.tsx"
2026-03-09T06:55:39.741274Z  INFO tailwindcss_oxide::scanner: Reading "C:\\Users\\user1\\Documents\\GitHub\\tcl-1.0\\src\\components\\seeker\\profile\\modals\\EditBasicDetailsModal.tsx"
2026-03-09T06:55:39.741371Z  INFO tailwindcss_oxide::scanner: Reading "C:\\Users\\user1\\Documents\\GitHub\\tcl-1.0\\src\\components\\employer-application\\applicantsData.ts"
2026-03-09T06:55:39.741585Z  INFO tailwindcss_oxide::scanner: Reading "C:\\Users\\user1\\Documents\\GitHub\\tcl-1.0\\src\\components\\seeker\\profile\\modals\\EditCertificationModal.tsx"
2026-03-09T06:55:39.741604Z  INFO tailwindcss_oxide::scanner: Reading "C:\\Users\\user1\\Documents\\GitHub\\tcl-1.0\\src\\components\\job-posting\\JobPostingsHeader.tsx"
2026-03-09T06:55:39.741586Z  INFO tailwindcss_oxide::scanner: Reading "C:\\Users\\user1\\Documents\\GitHub\\tcl-1.0\\src\\components\\employer-application\\ApplicantsTable.tsx"
2026-03-09T06:55:39.741585Z  INFO tailwindcss_oxide::scanner: Reading "C:\\Users\\user1\\Documents\\GitHub\\tcl-1.0\\src\\app\\(employer-dashboard)\\layout.tsx"
2026-03-09T06:55:39.741757Z  INFO tailwindcss_oxide::scanner: Reading "C:\\Users\\user1\\Documents\\GitHub\\tcl-1.0\\src\\components\\job-posting\\JobPostsList.tsx"
2026-03-09T06:55:39.741757Z  INFO tailwindcss_oxide::scanner: Reading "C:\\Users\\user1\\Documents\\GitHub\\tcl-1.0\\src\\components\\employer-application\\ApplicationsContent.tsx"
2026-03-09T06:55:39.741816Z  INFO tailwindcss_oxide::scanner: Reading "C:\\Users\\user1\\Documents\\GitHub\\tcl-1.0\\src\\components\\seeker\\profile\\modals\\EditClubModal.tsx"
2026-03-09T06:55:39.741833Z  INFO tailwindcss_oxide::scanner: Reading "C:\\Users\\user1\\Documents\\GitHub\\tcl-1.0\\dashboard_log.txt"
2026-03-09T06:55:39.741926Z  INFO tailwindcss_oxide::scanner: Reading "C:\\Users\\user1\\Documents\\GitHub\\tcl-1.0\\src\\app\\search\\page.tsx"
2026-03-09T06:55:39.741956Z  INFO tailwindcss_oxide::scanner: Reading "C:\\Users\\user1\\Documents\\GitHub\\tcl-1.0\\src\\components\\job-posting\\StatusFilterStrip.tsx"
2026-03-09T06:55:39.741978Z  INFO tailwindcss_oxide::scanner: Reading "C:\\Users\\user1\\Documents\\GitHub\\tcl-1.0\\src\\components\\seeker\\profile\\modals\\EditCompetitiveExamModal.tsx"
2026-03-09T06:55:39.742008Z  INFO tailwindcss_oxide::scanner: Reading "C:\\Users\\user1\\Documents\\GitHub\\tcl-1.0\\src\\app\\seeker\\dashboard\\UserDashboardClient.tsx"
2026-03-09T06:55:39.742048Z  INFO tailwindcss_oxide::scanner: Reading "C:\\Users\\user1\\Documents\\GitHub\\tcl-1.0\\drizzle\\0000_fine_kang.sql"
2026-03-09T06:55:39.742096Z  INFO tailwindcss_oxide::scanner: Reading "C:\\Users\\user1\\Documents\\GitHub\\tcl-1.0\\src\\components\\layout\\EmployerNavbar.tsx"
2026-03-09T06:55:39.742100Z  INFO tailwindcss_oxide::scanner: Reading "C:\\Users\\user1\\Documents\\GitHub\\tcl-1.0\\src\\app\\api\\auth\\forgot-password\\route.ts"
2026-03-09T06:55:39.742126Z  INFO tailwindcss_oxide::scanner: Reading "C:\\Users\\user1\\Documents\\GitHub\\tcl-1.0\\src\\app\\seeker\\dashboard\\page.tsx"
2026-03-09T06:55:39.742146Z  INFO tailwindcss_oxide::scanner: Reading "C:\\Users\\user1\\Documents\\GitHub\\tcl-1.0\\src\\components\\seeker\\profile\\modals\\EditEducationModal.tsx"
2026-03-09T06:55:39.742224Z  INFO tailwindcss_oxide::scanner: Reading "C:\\Users\\user1\\Documents\\GitHub\\tcl-1.0\\src\\components\\employer-application\\ApplicationsMobileHeader.tsx"
2026-03-09T06:55:39.742249Z  INFO tailwindcss_oxide::scanner: Reading "C:\\Users\\user1\\Documents\\GitHub\\tcl-1.0\\src\\components\\layout\\Footer.tsx"
2026-03-09T06:55:39.742331Z  INFO tailwindcss_oxide::scanner: Reading "C:\\Users\\user1\\Documents\\GitHub\\tcl-1.0\\src\\components\\seeker\\profile\\modals\\EditEmploymentModal.tsx"
2026-03-09T06:55:39.742371Z  INFO tailwindcss_oxide::scanner: Reading "C:\\Users\\user1\\Documents\\GitHub\\tcl-1.0\\src\\components\\employer-application\\ApplicationsPagination.tsx"
2026-03-09T06:55:39.742387Z  INFO tailwindcss_oxide::scanner: Reading "C:\\Users\\user1\\Documents\\GitHub\\tcl-1.0\\src\\components\\employer-dashboard\\MobileBottomNav.tsx"
2026-03-09T06:55:39.742534Z  INFO tailwindcss_oxide::scanner: Reading "C:\\Users\\user1\\Documents\\GitHub\\tcl-1.0\\src\\components\\seeker\\profile\\modals\\EditInternshipModal.tsx"
2026-03-09T06:55:39.742624Z  INFO tailwindcss_oxide::scanner: Reading "C:\\Users\\user1\\Documents\\GitHub\\tcl-1.0\\src\\components\\employer-dashboard\\QuickActionsPanel.tsx"
2026-03-09T06:55:39.742651Z  INFO tailwindcss_oxide::scanner: Reading "C:\\Users\\user1\\Documents\\GitHub\\tcl-1.0\\drizzle\\meta\\0000_snapshot.json"
2026-03-09T06:55:39.742749Z  INFO tailwindcss_oxide::scanner: Reading "C:\\Users\\user1\\Documents\\GitHub\\tcl-1.0\\src\\components\\seeker\\profile\\modals\\EditLanguagesModal.tsx"
2026-03-09T06:55:39.742775Z  INFO tailwindcss_oxide::scanner: Reading "C:\\Users\\user1\\Documents\\GitHub\\tcl-1.0\\src\\app\\basic-profile\\page.tsx"
2026-03-09T06:55:39.742834Z  INFO tailwindcss_oxide::scanner: Reading "C:\\Users\\user1\\Documents\\GitHub\\tcl-1.0\\src\\app\\seeker\\profile\\page.tsx"
2026-03-09T06:55:39.742946Z  INFO tailwindcss_oxide::scanner: Reading "C:\\Users\\user1\\Documents\\GitHub\\tcl-1.0\\src\\components\\seeker\\profile\\modals\\EditPreferencesModal.tsx"
2026-03-09T06:55:39.743023Z  INFO tailwindcss_oxide::scanner: Reading "C:\\Users\\user1\\Documents\\GitHub\\tcl-1.0\\package.json"
2026-03-09T06:55:39.743088Z  INFO tailwindcss_oxide::scanner: Reading "C:\\Users\\user1\\Documents\\GitHub\\tcl-1.0\\src\\components\\seeker\\profile\\modals\\EditProfileSummaryModal.tsx"
2026-03-09T06:55:39.743123Z  INFO tailwindcss_oxide::scanner: Reading "C:\\Users\\user1\\Documents\\GitHub\\tcl-1.0\\src\\app\\api\\auth\\reset-password\\route.ts"
2026-03-09T06:55:39.743162Z  INFO tailwindcss_oxide::scanner: Reading "C:\\Users\\user1\\Documents\\GitHub\\tcl-1.0\\postcss.config.mjs"
2026-03-09T06:55:39.743226Z  INFO tailwindcss_oxide::scanner: Reading "C:\\Users\\user1\\Documents\\GitHub\\tcl-1.0\\src\\components\\layout\\LayoutWrapper.tsx"
2026-03-09T06:55:39.743246Z  INFO tailwindcss_oxide::scanner: Reading "C:\\Users\\user1\\Documents\\GitHub\\tcl-1.0\\src\\app\\job\\[id]\\page.tsx"
2026-03-09T06:55:39.743262Z  INFO tailwindcss_oxide::scanner: Reading "C:\\Users\\user1\\Documents\\GitHub\\tcl-1.0\\src\\components\\seeker\\profile\\modals\\EditProjectModal.tsx"
2026-03-09T06:55:39.743371Z  INFO tailwindcss_oxide::scanner: Reading "C:\\Users\\user1\\Documents\\GitHub\\tcl-1.0\\src\\components\\layout\\LoggedInNavbar.tsx"
2026-03-09T06:55:39.743450Z  INFO tailwindcss_oxide::scanner: Reading "C:\\Users\\user1\\Documents\\GitHub\\tcl-1.0\\src\\app\\company\\[id]\\page.tsx"
2026-03-09T06:55:39.743476Z  INFO tailwindcss_oxide::scanner: Reading "C:\\Users\\user1\\Documents\\GitHub\\tcl-1.0\\src\\components\\seeker\\profile\\modals\\EditResumeModal.tsx"
2026-03-09T06:55:39.743496Z  INFO tailwindcss_oxide::scanner: Reading "C:\\Users\\user1\\Documents\\GitHub\\tcl-1.0\\src\\components\\layout\\MobileBottomNav.tsx"
2026-03-09T06:55:39.743639Z  INFO tailwindcss_oxide::scanner: Reading "C:\\Users\\user1\\Documents\\GitHub\\tcl-1.0\\src\\app\\layout.tsx"
2026-03-09T06:55:39.743688Z  INFO tailwindcss_oxide::scanner: Reading "C:\\Users\\user1\\Documents\\GitHub\\tcl-1.0\\public\\favicon.svg"
2026-03-09T06:55:39.743694Z  INFO tailwindcss_oxide::scanner: Reading "C:\\Users\\user1\\Documents\\GitHub\\tcl-1.0\\src\\components\\seeker\\profile\\modals\\EditSkillsModal.tsx"
2026-03-09T06:55:39.743754Z  INFO tailwindcss_oxide::scanner: Reading "C:\\Users\\user1\\Documents\\GitHub\\tcl-1.0\\src\\app\\api\\auth\\[...nextauth]\\route.ts"
2026-03-09T06:55:39.743896Z  INFO tailwindcss_oxide::scanner: Reading "C:\\Users\\user1\\Documents\\GitHub\\tcl-1.0\\src\\components\\seeker\\profile\\ProfileHeader.tsx"
2026-03-09T06:55:39.743898Z  INFO tailwindcss_oxide::scanner: Reading "C:\\Users\\user1\\Documents\\GitHub\\tcl-1.0\\src\\app\\login\\page.tsx"
2026-03-09T06:55:39.743956Z  INFO tailwindcss_oxide::scanner: Reading "C:\\Users\\user1\\Documents\\GitHub\\tcl-1.0\\src\\components\\layout\\Navbar.tsx"
2026-03-09T06:55:39.743963Z  INFO tailwindcss_oxide::scanner: Reading "C:\\Users\\user1\\Documents\\GitHub\\tcl-1.0\\src\\app\\detailed-seeker-profile\\page.tsx"
2026-03-09T06:55:39.744080Z  INFO tailwindcss_oxide::scanner: Reading "C:\\Users\\user1\\Documents\\GitHub\\tcl-1.0\\src\\components\\seeker\\profile\\SectionContainer.tsx"
2026-03-09T06:55:39.744104Z  INFO tailwindcss_oxide::scanner: Reading "C:\\Users\\user1\\Documents\\GitHub\\tcl-1.0\\src\\app\\onboarding\\education\\page.tsx"
2026-03-09T06:55:39.744114Z  INFO tailwindcss_oxide::scanner: Reading "C:\\Users\\user1\\Documents\\GitHub\\tcl-1.0\\src\\components\\employer-dashboard\\RecentApplicationsTable.tsx"
2026-03-09T06:55:39.744122Z  INFO tailwindcss_oxide::scanner: Reading "C:\\Users\\user1\\Documents\\GitHub\\tcl-1.0\\src\\components\\layout\\NavbarClient.tsx"
2026-03-09T06:55:39.744146Z  INFO tailwindcss_oxide::scanner: Reading "C:\\Users\\user1\\Documents\\GitHub\\tcl-1.0\\public\\file.svg"
2026-03-09T06:55:39.744237Z  INFO tailwindcss_oxide::scanner: Reading "C:\\Users\\user1\\Documents\\GitHub\\tcl-1.0\\src\\components\\seeker\\profile\\sections\\AcademicAchievements.tsx"
2026-03-09T06:55:39.744257Z  INFO tailwindcss_oxide::scanner: Reading "C:\\Users\\user1\\Documents\\GitHub\\tcl-1.0\\src\\components\\layout\\NotificationPopup.tsx"
2026-03-09T06:55:39.744278Z  INFO tailwindcss_oxide::scanner: Reading "C:\\Users\\user1\\Documents\\GitHub\\tcl-1.0\\drizzle\\meta\\_journal.json"
2026-03-09T06:55:39.744402Z  INFO tailwindcss_oxide::scanner: Reading "C:\\Users\\user1\\Documents\\GitHub\\tcl-1.0\\src\\app\\api\\profile\\achievements\\route.ts"
2026-03-09T06:55:39.744443Z  INFO tailwindcss_oxide::scanner: Reading "C:\\Users\\user1\\Documents\\GitHub\\tcl-1.0\\src\\components\\employer-dashboard\\TabletNavStrip.tsx"
2026-03-09T06:55:39.744429Z  INFO tailwindcss_oxide::scanner: Reading "C:\\Users\\user1\\Documents\\GitHub\\tcl-1.0\\src\\components\\onboarding\\OnboardingSidebar.tsx"
2026-03-09T06:55:39.744412Z  INFO tailwindcss_oxide::scanner: Reading "C:\\Users\\user1\\Documents\\GitHub\\tcl-1.0\\src\\components\\seeker\\profile\\sections\\Accomplishments.tsx"
2026-03-09T06:55:39.744657Z  INFO tailwindcss_oxide::scanner: Reading "C:\\Users\\user1\\Documents\\GitHub\\tcl-1.0\\src\\app\\api\\profile\\education\\route.ts"
2026-03-09T06:55:39.744724Z  INFO tailwindcss_oxide::scanner: Reading "C:\\Users\\user1\\Documents\\GitHub\\tcl-1.0\\src\\components\\onboarding\\OnboardingStepper.tsx"
2026-03-09T06:55:39.744763Z  INFO tailwindcss_oxide::scanner: Reading "C:\\Users\\user1\\Documents\\GitHub\\tcl-1.0\\src\\app\\employers\\client-registration\\page.tsx"
2026-03-09T06:55:39.744783Z  INFO tailwindcss_oxide::scanner: Reading "C:\\Users\\user1\\Documents\\GitHub\\tcl-1.0\\public\\globe.svg"
2026-03-09T06:55:39.744804Z  INFO tailwindcss_oxide::scanner: Reading "C:\\Users\\user1\\Documents\\GitHub\\tcl-1.0\\drizzle.config.ts"
2026-03-09T06:55:39.744807Z  INFO tailwindcss_oxide::scanner: Reading "C:\\Users\\user1\\Documents\\GitHub\\tcl-1.0\\src\\components\\seeker\\profile\\sections\\BasicDetails.tsx"
2026-03-09T06:55:39.744810Z  INFO tailwindcss_oxide::scanner: Reading "C:\\Users\\user1\\Documents\\GitHub\\tcl-1.0\\src\\app\\api\\profile\\experience\\route.ts"
2026-03-09T06:55:39.744858Z  INFO tailwindcss_oxide::scanner: Reading "C:\\Users\\user1\\Documents\\GitHub\\tcl-1.0\\src\\components\\profile\\DatePicker.tsx"
2026-03-09T06:55:39.744920Z  INFO tailwindcss_oxide::scanner: Reading "C:\\Users\\user1\\Documents\\GitHub\\tcl-1.0\\src\\app\\onboarding\\employment\\page.tsx"
2026-03-09T06:55:39.744981Z  INFO tailwindcss_oxide::scanner: Reading "C:\\Users\\user1\\Documents\\GitHub\\tcl-1.0\\src\\components\\seeker\\profile\\sections\\CareerPreferences.tsx"
2026-03-09T06:55:39.744984Z  INFO tailwindcss_oxide::scanner: Reading "C:\\Users\\user1\\Documents\\GitHub\\tcl-1.0\\src\\components\\profile\\FileUpload.tsx"
2026-03-09T06:55:39.745152Z  INFO tailwindcss_oxide::scanner: Reading "C:\\Users\\user1\\Documents\\GitHub\\tcl-1.0\\src\\components\\seeker\\profile\\sections\\CompetitiveExams.tsx"
2026-03-09T06:55:39.745251Z  INFO tailwindcss_oxide::scanner: Reading "C:\\Users\\user1\\Documents\\GitHub\\tcl-1.0\\src\\app\\employers\\page.tsx"
2026-03-09T06:55:39.745249Z  INFO tailwindcss_oxide::scanner: Reading "C:\\Users\\user1\\Documents\\GitHub\\tcl-1.0\\drop_tables.js"
2026-03-09T06:55:39.745311Z  INFO tailwindcss_oxide::scanner: Reading "C:\\Users\\user1\\Documents\\GitHub\\tcl-1.0\\src\\components\\seeker\\profile\\sections\\Education.tsx"
2026-03-09T06:55:39.745349Z  INFO tailwindcss_oxide::scanner: Reading "C:\\Users\\user1\\Documents\\GitHub\\tcl-1.0\\src\\app\\api\\profile\\languages\\route.ts"
2026-03-09T06:55:39.745360Z  INFO tailwindcss_oxide::scanner: Reading "C:\\Users\\user1\\Documents\\GitHub\\tcl-1.0\\src\\app\\onboarding\\layout.tsx"
2026-03-09T06:55:39.745291Z  INFO tailwindcss_oxide::scanner: Reading "C:\\Users\\user1\\Documents\\GitHub\\tcl-1.0\\src\\components\\profile\\FormInput.tsx"
2026-03-09T06:55:39.745289Z  INFO tailwindcss_oxide::scanner: Reading "C:\\Users\\user1\\Documents\\GitHub\\tcl-1.0\\public\\next.svg"
2026-03-09T06:55:39.745459Z  INFO tailwindcss_oxide::scanner: Reading "C:\\Users\\user1\\Documents\\GitHub\\tcl-1.0\\src\\app\\forgot-password\\page.tsx"
2026-03-09T06:55:39.745481Z  INFO tailwindcss_oxide::scanner: Reading "C:\\Users\\user1\\Documents\\GitHub\\tcl-1.0\\src\\components\\seeker\\profile\\sections\\Employment.tsx"
2026-03-09T06:55:39.745530Z  INFO tailwindcss_oxide::scanner: Reading "C:\\Users\\user1\\Documents\\GitHub\\tcl-1.0\\src\\components\\profile\\FormSelect.tsx"
2026-03-09T06:55:39.745482Z  INFO tailwindcss_oxide::scanner: Reading "C:\\Users\\user1\\Documents\\GitHub\\tcl-1.0\\src\\app\\api\\profile\\projects\\route.ts"
2026-03-09T06:55:39.745549Z  INFO tailwindcss_oxide::scanner: Reading "C:\\Users\\user1\\Documents\\GitHub\\tcl-1.0\\src\\app\\onboarding\\page.tsx"
2026-03-09T06:55:39.745620Z  INFO tailwindcss_oxide::scanner: Reading "C:\\Users\\user1\\Documents\\GitHub\\tcl-1.0\\src\\app\\icon.svg"
2026-03-09T06:55:39.745136Z  INFO tailwindcss_oxide::scanner: Reading "C:\\Users\\user1\\Documents\\GitHub\\tcl-1.0\\src\\components\\employer-dashboard\\UpcomingInterviewsCard.tsx"
2026-03-09T06:55:39.745682Z  INFO tailwindcss_oxide::scanner: Reading "C:\\Users\\user1\\Documents\\GitHub\\tcl-1.0\\src\\components\\seeker\\profile\\sections\\Internships.tsx"
2026-03-09T06:55:39.745784Z  INFO tailwindcss_oxide::scanner: Reading "C:\\Users\\user1\\Documents\\GitHub\\tcl-1.0\\src\\components\\seeker\\profile\\sections\\Projects.tsx"
2026-03-09T06:55:39.745930Z  INFO tailwindcss_oxide::scanner: Reading "C:\\Users\\user1\\Documents\\GitHub\\tcl-1.0\\src\\components\\seeker\\profile\\sections\\Resume.tsx"
2026-03-09T06:55:39.745943Z  INFO tailwindcss_oxide::scanner: Reading "C:\\Users\\user1\\Documents\\GitHub\\tcl-1.0\\src\\app\\api\\profile\\route.ts"
2026-03-09T06:55:39.745952Z  INFO tailwindcss_oxide::scanner: Reading "C:\\Users\\user1\\Documents\\GitHub\\tcl-1.0\\public\\vercel.svg"
2026-03-09T06:55:39.745943Z  INFO tailwindcss_oxide::scanner: Reading "C:\\Users\\user1\\Documents\\GitHub\\tcl-1.0\\src\\components\\seeker\\profile\\sections\\KeySkills.tsx"
2026-03-09T06:55:39.746060Z  INFO tailwindcss_oxide::scanner: Reading "C:\\Users\\user1\\Documents\\GitHub\\tcl-1.0\\src\\components\\employers\\BuiltForEveryEmployerSection.tsx"
2026-03-09T06:55:39.746119Z  INFO tailwindcss_oxide::scanner: Reading "C:\\Users\\user1\\Documents\\GitHub\\tcl-1.0\\src\\components\\seeker\\profile\\Sidebar.tsx"
2026-03-09T06:55:39.746126Z  INFO tailwindcss_oxide::scanner: Reading "C:\\Users\\user1\\Documents\\GitHub\\tcl-1.0\\src\\components\\seeker\\profile\\sections\\Languages.tsx"
2026-03-09T06:55:39.746254Z  INFO tailwindcss_oxide::scanner: Reading "C:\\Users\\user1\\Documents\\GitHub\\tcl-1.0\\src\\components\\seeker\\profile\\UserProfileLayout.tsx"
2026-03-09T06:55:39.746255Z  INFO tailwindcss_oxide::scanner: Reading "C:\\Users\\user1\\Documents\\GitHub\\tcl-1.0\\src\\components\\employers\\CTASection.tsx"
2026-03-09T06:55:39.746301Z  INFO tailwindcss_oxide::scanner: Reading "C:\\Users\\user1\\Documents\\GitHub\\tcl-1.0\\src\\components\\seeker\\profile\\sections\\ProfileSummary.tsx"
2026-03-09T06:55:39.746407Z  INFO tailwindcss_oxide::scanner: Reading "C:\\Users\\user1\\Documents\\GitHub\\tcl-1.0\\src\\app\\onboarding\\preferences\\page.tsx"
2026-03-09T06:55:39.746423Z  INFO tailwindcss_oxide::scanner: Reading "C:\\Users\\user1\\Documents\\GitHub\\tcl-1.0\\public\\window.svg"
2026-03-09T06:55:39.746418Z  INFO tailwindcss_oxide::scanner: Reading "C:\\Users\\user1\\Documents\\GitHub\\tcl-1.0\\src\\app\\api\\profile\\skills\\route.ts"
2026-03-09T06:55:39.746420Z  INFO tailwindcss_oxide::scanner: Reading "C:\\Users\\user1\\Documents\\GitHub\\tcl-1.0\\src\\components\\ui\\Button.tsx"
2026-03-09T06:55:39.746503Z  INFO tailwindcss_oxide::scanner: Reading "C:\\Users\\user1\\Documents\\GitHub\\tcl-1.0\\src\\components\\profile\\RangeSlider.tsx"
2026-03-09T06:55:39.746407Z  INFO tailwindcss_oxide::scanner: Reading "C:\\Users\\user1\\Documents\\GitHub\\tcl-1.0\\src\\components\\profile\\ProgressBar.tsx"
2026-03-09T06:55:39.746612Z  INFO tailwindcss_oxide::scanner: Reading "C:\\Users\\user1\\Documents\\GitHub\\tcl-1.0\\src\\actions\\employer.actions.ts"
2026-03-09T06:55:39.746616Z  INFO tailwindcss_oxide::scanner: Reading "C:\\Users\\user1\\Documents\\GitHub\\tcl-1.0\\Employer-dashboard-application.pen"
2026-03-09T06:55:39.746654Z  INFO tailwindcss_oxide::scanner: Reading "C:\\Users\\user1\\Documents\\GitHub\\tcl-1.0\\src\\actions\\auth.actions.ts"
2026-03-09T06:55:39.746708Z  INFO tailwindcss_oxide::scanner: Reading "C:\\Users\\user1\\Documents\\GitHub\\tcl-1.0\\src\\components\\user-applications\\ApplicationsContainer.tsx"
2026-03-09T06:55:39.746712Z  INFO tailwindcss_oxide::scanner: Reading "C:\\Users\\user1\\Documents\\GitHub\\tcl-1.0\\src\\components\\profile\\SectionCard.tsx"
2026-03-09T06:55:39.746726Z  INFO tailwindcss_oxide::scanner: Reading "C:\\Users\\user1\\Documents\\GitHub\\tcl-1.0\\src\\components\\employers\\HeroSection.tsx"
2026-03-09T06:55:39.746777Z  INFO tailwindcss_oxide::scanner: Reading "C:\\Users\\user1\\Documents\\GitHub\\tcl-1.0\\src\\actions\\job.actions.ts"
2026-03-09T06:55:39.746838Z  INFO tailwindcss_oxide::scanner: Reading "C:\\Users\\user1\\Documents\\GitHub\\tcl-1.0\\src\\components\\user-applications\\ApplicationSlideOver.tsx"
2026-03-09T06:55:39.746858Z  INFO tailwindcss_oxide::scanner: Reading "C:\\Users\\user1\\Documents\\GitHub\\tcl-1.0\\README.md"
2026-03-09T06:55:39.746858Z  INFO tailwindcss_oxide::scanner: Reading "C:\\Users\\user1\\Documents\\GitHub\\tcl-1.0\\src\\lib\\db\\db.ts"
2026-03-09T06:55:39.746891Z  INFO tailwindcss_oxide::scanner: Reading "C:\\Users\\user1\\Documents\\GitHub\\tcl-1.0\\src\\lib\\suggestionData.ts"
2026-03-09T06:55:39.746912Z  INFO tailwindcss_oxide::scanner: Reading "C:\\Users\\user1\\Documents\\GitHub\\tcl-1.0\\src\\actions\\onboarding.actions.ts"
2026-03-09T06:55:39.746945Z  INFO tailwindcss_oxide::scanner: Reading "C:\\Users\\user1\\Documents\\GitHub\\tcl-1.0\\src\\components\\profile\\sections\\AchievementsSection.tsx"
2026-03-09T06:55:39.746965Z  INFO tailwindcss_oxide::scanner: Reading "C:\\Users\\user1\\Documents\\GitHub\\tcl-1.0\\src\\components\\user-applications\\ApplicationTable.tsx"
2026-03-09T06:55:39.747014Z  INFO tailwindcss_oxide::scanner: Reading "C:\\Users\\user1\\Documents\\GitHub\\tcl-1.0\\src\\lib\\db\\schema.ts"
2026-03-09T06:55:39.747014Z  INFO tailwindcss_oxide::scanner: Reading "C:\\Users\\user1\\Documents\\GitHub\\tcl-1.0\\src\\data\\company-mock.ts"
2026-03-09T06:55:39.747063Z  INFO tailwindcss_oxide::scanner: Reading "C:\\Users\\user1\\Documents\\GitHub\\tcl-1.0\\src\\lib\\validation\\auth.ts"
2026-03-09T06:55:39.747240Z  INFO tailwindcss_oxide::scanner: Reading "C:\\Users\\user1\\Documents\\GitHub\\tcl-1.0\\src\\lib\\wizardConfig.ts"
2026-03-09T06:55:39.747263Z  INFO tailwindcss_oxide::scanner: Reading "C:\\Users\\user1\\Documents\\GitHub\\tcl-1.0\\src\\data\\mock-data.ts"
2026-03-09T06:55:39.747244Z  INFO tailwindcss_oxide::scanner: Reading "C:\\Users\\user1\\Documents\\GitHub\\tcl-1.0\\src\\app\\(employer-dashboard)\\employer-applications\\page.tsx"
2026-03-09T06:55:39.747313Z  INFO tailwindcss_oxide::scanner: Reading "C:\\Users\\user1\\Documents\\GitHub\\tcl-1.0\\eslint.config.mjs"
2026-03-09T06:55:39.747426Z  INFO tailwindcss_oxide::scanner: Reading "C:\\Users\\user1\\Documents\\GitHub\\tcl-1.0\\src\\data\\applications-mock.ts"
2026-03-09T06:55:39.747428Z  INFO tailwindcss_oxide::scanner: Reading "C:\\Users\\user1\\Documents\\GitHub\\tcl-1.0\\src\\data\\search-mock-data.ts"
2026-03-09T06:55:39.747458Z  INFO tailwindcss_oxide::scanner: Reading "C:\\Users\\user1\\Documents\\GitHub\\tcl-1.0\\fix-db-profile.ts"
2026-03-09T06:55:39.747460Z  INFO tailwindcss_oxide::scanner: Reading "C:\\Users\\user1\\Documents\\GitHub\\tcl-1.0\\src\\components\\user-applications\\StatCards.tsx"
2026-03-09T06:55:39.747506Z  INFO tailwindcss_oxide::scanner: Reading "C:\\Users\\user1\\Documents\\GitHub\\tcl-1.0\\src\\components\\employers\\FAQSection.tsx"
2026-03-09T06:55:39.747612Z  INFO tailwindcss_oxide::scanner: Reading "C:\\Users\\user1\\Documents\\GitHub\\tcl-1.0\\src\\components\\profile\\SegmentedControl.tsx"
2026-03-09T06:55:39.747628Z  INFO tailwindcss_oxide::scanner: Reading "C:\\Users\\user1\\Documents\\GitHub\\tcl-1.0\\src\\hooks\\useFormPersistence.ts"
2026-03-09T06:55:39.747641Z  INFO tailwindcss_oxide::scanner: Reading "C:\\Users\\user1\\Documents\\GitHub\\tcl-1.0\\fix-db.ts"
2026-03-09T06:55:39.747632Z  INFO tailwindcss_oxide::scanner: Reading "C:\\Users\\user1\\Documents\\GitHub\\tcl-1.0\\src\\lib\\db\\seed.ts"
2026-03-09T06:55:39.747739Z  INFO tailwindcss_oxide::scanner: Reading "C:\\Users\\user1\\Documents\\GitHub\\tcl-1.0\\src\\proxy.ts"
2026-03-09T06:55:39.747854Z  INFO tailwindcss_oxide::scanner: Reading "C:\\Users\\user1\\Documents\\GitHub\\tcl-1.0\\src\\components\\profile\\sections\\ProfessionalStatusSection.tsx"
2026-03-09T06:55:39.748042Z  INFO tailwindcss_oxide::scanner: Reading "C:\\Users\\user1\\Documents\\GitHub\\tcl-1.0\\src\\components\\profile\\sections\\ProfileSummarySection.tsx"
2026-03-09T06:55:39.748047Z  INFO tailwindcss_oxide::scanner: Reading "C:\\Users\\user1\\Documents\\GitHub\\tcl-1.0\\src\\lib\\email\\mailer.ts"
2026-03-09T06:55:39.748066Z  INFO tailwindcss_oxide::scanner: Reading "C:\\Users\\user1\\Documents\\GitHub\\tcl-1.0\\next.config.ts"
2026-03-09T06:55:39.748133Z  INFO tailwindcss_oxide::scanner: Reading "C:\\Users\\user1\\Documents\\GitHub\\tcl-1.0\\src\\components\\profile\\sections\\ResumeLinksSection.tsx"
2026-03-09T06:55:39.748204Z  INFO tailwindcss_oxide::scanner: Reading "C:\\Users\\user1\\Documents\\GitHub\\tcl-1.0\\src\\components\\profile\\sections\\ProjectsSection.tsx"
2026-03-09T06:55:39.748261Z  INFO tailwindcss_oxide::scanner: Reading "C:\\Users\\user1\\Documents\\GitHub\\tcl-1.0\\src\\types\\next-auth.d.ts"
2026-03-09T06:55:39.748502Z  INFO tailwindcss_oxide::scanner: Reading "C:\\Users\\user1\\Documents\\GitHub\\tcl-1.0\\trace.txt"
2026-03-09T06:55:39.748492Z  INFO tailwindcss_oxide::scanner: Reading "C:\\Users\\user1\\Documents\\GitHub\\tcl-1.0\\src\\components\\profile\\wizard\\steps\\index.ts"
2026-03-09T06:55:39.748712Z  INFO tailwindcss_oxide::scanner: Reading "C:\\Users\\user1\\Documents\\GitHub\\tcl-1.0\\src\\components\\profile\\wizard\\steps\\Step1Account.tsx"
2026-03-09T06:55:39.748723Z  INFO tailwindcss_oxide::scanner: Reading "C:\\Users\\user1\\Documents\\GitHub\\tcl-1.0\\src\\components\\profile\\sections\\PersonalDetailsSection.tsx"
2026-03-09T06:55:39.748790Z  INFO tailwindcss_oxide::scanner: Reading "C:\\Users\\user1\\Documents\\GitHub\\tcl-1.0\\src\\lib\\profileCompletion.ts"
2026-03-09T06:55:39.748805Z  INFO tailwindcss_oxide::scanner: Reading "C:\\Users\\user1\\Documents\\GitHub\\tcl-1.0\\src\\lib\\profileTypes.ts"
2026-03-09T06:55:39.748813Z  INFO tailwindcss_oxide::scanner: Reading "C:\\Users\\user1\\Documents\\GitHub\\tcl-1.0\\src\\components\\profile\\sections\\SkillsSection.tsx"
2026-03-09T06:55:39.748813Z  INFO tailwindcss_oxide::scanner: Reading "C:\\Users\\user1\\Documents\\GitHub\\tcl-1.0\\src\\components\\profile\\sections\\BasicAccountSection.tsx"
2026-03-09T06:55:39.748863Z  INFO tailwindcss_oxide::scanner: Reading "C:\\Users\\user1\\Documents\\GitHub\\tcl-1.0\\src\\components\\profile\\SkillBadge.tsx"
2026-03-09T06:55:39.748954Z  INFO tailwindcss_oxide::scanner: Reading "C:\\Users\\user1\\Documents\\GitHub\\tcl-1.0\\src\\components\\profile\\sections\\PreferencesSection.tsx"
2026-03-09T06:55:39.748978Z  INFO tailwindcss_oxide::scanner: Reading "C:\\Users\\user1\\Documents\\GitHub\\tcl-1.0\\src\\components\\profile\\sections\\VerificationSection.tsx"
2026-03-09T06:55:39.748978Z  INFO tailwindcss_oxide::scanner: Reading "C:\\Users\\user1\\Documents\\GitHub\\tcl-1.0\\src\\components\\profile\\TagInput.tsx"
2026-03-09T06:55:39.748996Z  INFO tailwindcss_oxide::scanner: Reading "C:\\Users\\user1\\Documents\\GitHub\\tcl-1.0\\src\\components\\profile\\wizard\\steps\\Step2Personal.tsx"
2026-03-09T06:55:39.748960Z  INFO tailwindcss_oxide::scanner: Reading "C:\\Users\\user1\\Documents\\GitHub\\tcl-1.0\\src\\lib\\profileUtils.ts"
2026-03-09T06:55:39.749126Z  INFO tailwindcss_oxide::scanner: Reading "C:\\Users\\user1\\Documents\\GitHub\\tcl-1.0\\src\\components\\profile\\sections\\EducationSection.tsx"
2026-03-09T06:55:39.749134Z  INFO tailwindcss_oxide::scanner: Reading "C:\\Users\\user1\\Documents\\GitHub\\tcl-1.0\\src\\components\\profile\\Timeline.tsx"
2026-03-09T06:55:39.749154Z  INFO tailwindcss_oxide::scanner: Reading "C:\\Users\\user1\\Documents\\GitHub\\tcl-1.0\\src\\components\\profile\\wizard\\steps\\Step3Professional.tsx"
2026-03-09T06:55:39.749154Z  INFO tailwindcss_oxide::scanner: Reading "C:\\Users\\user1\\Documents\\GitHub\\tcl-1.0\\src\\components\\profile\\smart\\SmartSuggest.tsx"
2026-03-09T06:55:39.749181Z  INFO tailwindcss_oxide::scanner: Reading "C:\\Users\\user1\\Documents\\GitHub\\tcl-1.0\\src\\components\\profile\\wizard\\ProfileWizard.tsx"
2026-03-09T06:55:39.749210Z  INFO tailwindcss_oxide::scanner: Reading "C:\\Users\\user1\\Documents\\GitHub\\tcl-1.0\\tsconfig.json"
2026-03-09T06:55:39.749305Z  INFO tailwindcss_oxide::scanner: Reading "C:\\Users\\user1\\Documents\\GitHub\\tcl-1.0\\src\\components\\profile\\wizard\\steps\\Step5Skills.tsx"
2026-03-09T06:55:39.749308Z  INFO tailwindcss_oxide::scanner: Reading "C:\\Users\\user1\\Documents\\GitHub\\tcl-1.0\\src\\components\\profile\\wizard\\WizardNavigation.tsx"
2026-03-09T06:55:39.749134Z  INFO tailwindcss_oxide::scanner: Reading "C:\\Users\\user1\\Documents\\GitHub\\tcl-1.0\\src\\components\\profile\\sections\\WorkExperienceSection.tsx"
2026-03-09T06:55:39.749343Z  INFO tailwindcss_oxide::scanner: Reading "C:\\Users\\user1\\Documents\\GitHub\\tcl-1.0\\src\\components\\search\\SearchJobCard.tsx"
2026-03-09T06:55:39.749334Z  INFO tailwindcss_oxide::scanner: Reading "C:\\Users\\user1\\Documents\\GitHub\\tcl-1.0\\src\\components\\profile\\wizard\\StepTransition.tsx"
2026-03-09T06:55:39.750232Z  INFO tailwindcss_oxide::scanner: Reading "C:\\Users\\user1\\Documents\\GitHub\\tcl-1.0\\src\\components\\profile\\wizard\\StepProgress.tsx"
2026-03-09T06:55:39.750344Z  INFO tailwindcss_oxide::scanner: Reading "C:\\Users\\user1\\Documents\\GitHub\\tcl-1.0\\y.txt"
2026-03-09T06:55:39.750489Z  INFO extract_candidates:read_all_files: tailwindcss_oxide::scanner: exit
2026-03-09T06:55:39.750518Z  INFO extract_candidates:parse_all_blobs: tailwindcss_oxide::scanner: enter
2026-03-09T06:55:39.750529Z  INFO extract_candidates:parse_all_blobs:extract: tailwindcss_oxide::scanner: enter
2026-03-09T06:55:39.765558Z  INFO extract_candidates:parse_all_blobs:extract: tailwindcss_oxide::scanner: exit
2026-03-09T06:55:39.766225Z  INFO extract_candidates:parse_all_blobs: tailwindcss_oxide::scanner: exit
2026-03-09T06:55:39.766261Z  INFO extract_candidates:read_all_files: tailwindcss_oxide::scanner: enter
2026-03-09T06:55:39.766271Z  INFO extract_candidates:read_all_files: tailwindcss_oxide::scanner: Reading 1 file(s)
2026-03-09T06:55:39.766548Z  INFO extract_candidates:read_all_files: tailwindcss_oxide::scanner: Reading "C:\\Users\\user1\\Documents\\GitHub\\tcl-1.0\\src\\app\\globals.css"
2026-03-09T06:55:39.766570Z  INFO extract_candidates:read_all_files: tailwindcss_oxide::scanner: exit
2026-03-09T06:55:39.766602Z  INFO extract_candidates:extract_css_variables: tailwindcss_oxide::scanner: enter
2026-03-09T06:55:39.766613Z  INFO extract_candidates:extract_css_variables:extract: tailwindcss_oxide::scanner: enter
2026-03-09T06:55:39.766770Z  INFO extract_candidates:extract_css_variables:extract: tailwindcss_oxide::scanner: exit
2026-03-09T06:55:39.766799Z  INFO extract_candidates:extract_css_variables: tailwindcss_oxide::scanner: exit
2026-03-09T06:55:39.769059Z  INFO extract_candidates: tailwindcss_oxide::scanner: exit
2026-03-09T06:55:39.773181Z  INFO get_files: tailwindcss_oxide::scanner: enter
2026-03-09T06:55:39.773247Z  INFO get_files:scan_sources: tailwindcss_oxide::scanner: enter
2026-03-09T06:55:39.776492Z  INFO get_files:scan_sources: tailwindcss_oxide::scanner: Discovering "C:\\Users\\user1\\Documents\\GitHub\\tcl-1.0\\.github"
2026-03-09T06:55:39.777024Z  INFO get_files:scan_sources: tailwindcss_oxide::scanner: Discovering "C:\\Users\\user1\\Documents\\GitHub\\tcl-1.0\\.github\\workflows"
2026-03-09T06:55:39.777929Z  INFO get_files:scan_sources: tailwindcss_oxide::scanner: Discovering "C:\\Users\\user1\\Documents\\GitHub\\tcl-1.0\\drizzle"
2026-03-09T06:55:39.778416Z  INFO get_files:scan_sources: tailwindcss_oxide::scanner: Discovering "C:\\Users\\user1\\Documents\\GitHub\\tcl-1.0\\drizzle\\meta"
2026-03-09T06:55:39.779946Z  INFO get_files:scan_sources: tailwindcss_oxide::scanner: Discovering "C:\\Users\\user1\\Documents\\GitHub\\tcl-1.0\\public"
2026-03-09T06:55:39.780534Z  INFO get_files:scan_sources: tailwindcss_oxide::scanner: Discovering "C:\\Users\\user1\\Documents\\GitHub\\tcl-1.0\\public\\home_trusted_Logo"
2026-03-09T06:55:39.780998Z  INFO get_files:scan_sources: tailwindcss_oxide::scanner: Discovering "C:\\Users\\user1\\Documents\\GitHub\\tcl-1.0\\public\\images"
2026-03-09T06:55:39.781336Z  INFO get_files:scan_sources: tailwindcss_oxide::scanner: Discovering "C:\\Users\\user1\\Documents\\GitHub\\tcl-1.0\\public\\images\\employers"
2026-03-09T06:55:39.781683Z  INFO get_files:scan_sources: tailwindcss_oxide::scanner: Discovering "C:\\Users\\user1\\Documents\\GitHub\\tcl-1.0\\public\\images\\employers\\tools"
2026-03-09T06:55:39.782547Z  INFO get_files:scan_sources: tailwindcss_oxide::scanner: Discovering "C:\\Users\\user1\\Documents\\GitHub\\tcl-1.0\\src"
2026-03-09T06:55:39.782923Z  INFO get_files:scan_sources: tailwindcss_oxide::scanner: Discovering "C:\\Users\\user1\\Documents\\GitHub\\tcl-1.0\\src\\actions"
2026-03-09T06:55:39.783562Z  INFO get_files:scan_sources: tailwindcss_oxide::scanner: Discovering "C:\\Users\\user1\\Documents\\GitHub\\tcl-1.0\\src\\app"
2026-03-09T06:55:39.783974Z  INFO get_files:scan_sources: tailwindcss_oxide::scanner: Discovering "C:\\Users\\user1\\Documents\\GitHub\\tcl-1.0\\src\\app\\(employer-dashboard)"
2026-03-09T06:55:39.784632Z  INFO get_files:scan_sources: tailwindcss_oxide::scanner: Discovering "C:\\Users\\user1\\Documents\\GitHub\\tcl-1.0\\src\\app\\(employer-dashboard)\\employer-applications"
2026-03-09T06:55:39.785416Z  INFO get_files:scan_sources: tailwindcss_oxide::scanner: Discovering "C:\\Users\\user1\\Documents\\GitHub\\tcl-1.0\\src\\app\\(employer-dashboard)\\employer-dashboard"
2026-03-09T06:55:39.786133Z  INFO get_files:scan_sources: tailwindcss_oxide::scanner: Discovering "C:\\Users\\user1\\Documents\\GitHub\\tcl-1.0\\src\\app\\(employer-dashboard)\\employer-dashboard\\post-job"
2026-03-09T06:55:39.787125Z  INFO get_files:scan_sources: tailwindcss_oxide::scanner: Discovering "C:\\Users\\user1\\Documents\\GitHub\\tcl-1.0\\src\\app\\(employer-dashboard)\\job-postings"
2026-03-09T06:55:39.787835Z  INFO get_files:scan_sources: tailwindcss_oxide::scanner: Discovering "C:\\Users\\user1\\Documents\\GitHub\\tcl-1.0\\src\\app\\api"
2026-03-09T06:55:39.788179Z  INFO get_files:scan_sources: tailwindcss_oxide::scanner: Discovering "C:\\Users\\user1\\Documents\\GitHub\\tcl-1.0\\src\\app\\api\\auth"
2026-03-09T06:55:39.788519Z  INFO get_files:scan_sources: tailwindcss_oxide::scanner: Discovering "C:\\Users\\user1\\Documents\\GitHub\\tcl-1.0\\src\\app\\api\\auth\\forgot-password"
2026-03-09T06:55:39.789140Z  INFO get_files:scan_sources: tailwindcss_oxide::scanner: Discovering "C:\\Users\\user1\\Documents\\GitHub\\tcl-1.0\\src\\app\\api\\auth\\reset-password"
2026-03-09T06:55:39.789717Z  INFO get_files:scan_sources: tailwindcss_oxide::scanner: Discovering "C:\\Users\\user1\\Documents\\GitHub\\tcl-1.0\\src\\app\\api\\auth\\[...nextauth]"
2026-03-09T06:55:39.790306Z  INFO get_files:scan_sources: tailwindcss_oxide::scanner: Discovering "C:\\Users\\user1\\Documents\\GitHub\\tcl-1.0\\src\\app\\api\\profile"
2026-03-09T06:55:39.790651Z  INFO get_files:scan_sources: tailwindcss_oxide::scanner: Discovering "C:\\Users\\user1\\Documents\\GitHub\\tcl-1.0\\src\\app\\api\\profile\\achievements"
2026-03-09T06:55:39.791474Z  INFO get_files:scan_sources: tailwindcss_oxide::scanner: Discovering "C:\\Users\\user1\\Documents\\GitHub\\tcl-1.0\\src\\app\\api\\profile\\education"
2026-03-09T06:55:39.791981Z  INFO get_files:scan_sources: tailwindcss_oxide::scanner: Discovering "C:\\Users\\user1\\Documents\\GitHub\\tcl-1.0\\src\\app\\api\\profile\\experience"
2026-03-09T06:55:39.792465Z  INFO get_files:scan_sources: tailwindcss_oxide::scanner: Discovering "C:\\Users\\user1\\Documents\\GitHub\\tcl-1.0\\src\\app\\api\\profile\\languages"
2026-03-09T06:55:39.792888Z  INFO get_files:scan_sources: tailwindcss_oxide::scanner: Discovering "C:\\Users\\user1\\Documents\\GitHub\\tcl-1.0\\src\\app\\api\\profile\\projects"
2026-03-09T06:55:39.793382Z  INFO get_files:scan_sources: tailwindcss_oxide::scanner: Discovering "C:\\Users\\user1\\Documents\\GitHub\\tcl-1.0\\src\\app\\api\\profile\\skills"
2026-03-09T06:55:39.793922Z  INFO get_files:scan_sources: tailwindcss_oxide::scanner: Discovering "C:\\Users\\user1\\Documents\\GitHub\\tcl-1.0\\src\\app\\basic-profile"
2026-03-09T06:55:39.794404Z  INFO get_files:scan_sources: tailwindcss_oxide::scanner: Discovering "C:\\Users\\user1\\Documents\\GitHub\\tcl-1.0\\src\\app\\company"
2026-03-09T06:55:39.794833Z  INFO get_files:scan_sources: tailwindcss_oxide::scanner: Discovering "C:\\Users\\user1\\Documents\\GitHub\\tcl-1.0\\src\\app\\company\\[id]"
2026-03-09T06:55:39.795364Z  INFO get_files:scan_sources: tailwindcss_oxide::scanner: Discovering "C:\\Users\\user1\\Documents\\GitHub\\tcl-1.0\\src\\app\\detailed-seeker-profile"
2026-03-09T06:55:39.795881Z  INFO get_files:scan_sources: tailwindcss_oxide::scanner: Discovering "C:\\Users\\user1\\Documents\\GitHub\\tcl-1.0\\src\\app\\employers"
2026-03-09T06:55:39.796213Z  INFO get_files:scan_sources: tailwindcss_oxide::scanner: Discovering "C:\\Users\\user1\\Documents\\GitHub\\tcl-1.0\\src\\app\\employers\\client-registration"
2026-03-09T06:55:39.796750Z  INFO get_files:scan_sources: tailwindcss_oxide::scanner: Discovering "C:\\Users\\user1\\Documents\\GitHub\\tcl-1.0\\src\\app\\forgot-password"
2026-03-09T06:55:39.797271Z  INFO get_files:scan_sources: tailwindcss_oxide::scanner: Discovering "C:\\Users\\user1\\Documents\\GitHub\\tcl-1.0\\src\\app\\job"
2026-03-09T06:55:39.797620Z  INFO get_files:scan_sources: tailwindcss_oxide::scanner: Discovering "C:\\Users\\user1\\Documents\\GitHub\\tcl-1.0\\src\\app\\job\\[id]"
2026-03-09T06:55:39.798118Z  INFO get_files:scan_sources: tailwindcss_oxide::scanner: Discovering "C:\\Users\\user1\\Documents\\GitHub\\tcl-1.0\\src\\app\\login"
2026-03-09T06:55:39.798525Z  INFO get_files:scan_sources: tailwindcss_oxide::scanner: Discovering "C:\\Users\\user1\\Documents\\GitHub\\tcl-1.0\\src\\app\\onboarding"
2026-03-09T06:55:39.798835Z  INFO get_files:scan_sources: tailwindcss_oxide::scanner: Discovering "C:\\Users\\user1\\Documents\\GitHub\\tcl-1.0\\src\\app\\onboarding\\education"
2026-03-09T06:55:39.799237Z  INFO get_files:scan_sources: tailwindcss_oxide::scanner: Discovering "C:\\Users\\user1\\Documents\\GitHub\\tcl-1.0\\src\\app\\onboarding\\employment"
2026-03-09T06:55:39.799789Z  INFO get_files:scan_sources: tailwindcss_oxide::scanner: Discovering "C:\\Users\\user1\\Documents\\GitHub\\tcl-1.0\\src\\app\\onboarding\\preferences"
2026-03-09T06:55:39.800296Z  INFO get_files:scan_sources: tailwindcss_oxide::scanner: Discovering "C:\\Users\\user1\\Documents\\GitHub\\tcl-1.0\\src\\app\\register"
2026-03-09T06:55:39.800760Z  INFO get_files:scan_sources: tailwindcss_oxide::scanner: Discovering "C:\\Users\\user1\\Documents\\GitHub\\tcl-1.0\\src\\app\\reset-password"
2026-03-09T06:55:39.801085Z  INFO get_files:scan_sources: tailwindcss_oxide::scanner: Discovering "C:\\Users\\user1\\Documents\\GitHub\\tcl-1.0\\src\\app\\reset-password\\[token]"
2026-03-09T06:55:39.801580Z  INFO get_files:scan_sources: tailwindcss_oxide::scanner: Discovering "C:\\Users\\user1\\Documents\\GitHub\\tcl-1.0\\src\\app\\search"
2026-03-09T06:55:39.801988Z  INFO get_files:scan_sources: tailwindcss_oxide::scanner: Discovering "C:\\Users\\user1\\Documents\\GitHub\\tcl-1.0\\src\\app\\seeker"
2026-03-09T06:55:39.802311Z  INFO get_files:scan_sources: tailwindcss_oxide::scanner: Discovering "C:\\Users\\user1\\Documents\\GitHub\\tcl-1.0\\src\\app\\seeker\\dashboard"
2026-03-09T06:55:39.802770Z  INFO get_files:scan_sources: tailwindcss_oxide::scanner: Discovering "C:\\Users\\user1\\Documents\\GitHub\\tcl-1.0\\src\\app\\seeker\\profile"
2026-03-09T06:55:39.803194Z  INFO get_files:scan_sources: tailwindcss_oxide::scanner: Discovering "C:\\Users\\user1\\Documents\\GitHub\\tcl-1.0\\src\\app\\user-applications"
2026-03-09T06:55:39.803679Z  INFO get_files:scan_sources: tailwindcss_oxide::scanner: Discovering "C:\\Users\\user1\\Documents\\GitHub\\tcl-1.0\\src\\components"
2026-03-09T06:55:39.803990Z  INFO get_files:scan_sources: tailwindcss_oxide::scanner: Discovering "C:\\Users\\user1\\Documents\\GitHub\\tcl-1.0\\src\\components\\auth"
2026-03-09T06:55:39.804946Z  INFO get_files:scan_sources: tailwindcss_oxide::scanner: Discovering "C:\\Users\\user1\\Documents\\GitHub\\tcl-1.0\\src\\components\\company"
2026-03-09T06:55:39.805728Z  INFO get_files:scan_sources: tailwindcss_oxide::scanner: Discovering "C:\\Users\\user1\\Documents\\GitHub\\tcl-1.0\\src\\components\\dashboard"
2026-03-09T06:55:39.807128Z  INFO get_files:scan_sources: tailwindcss_oxide::scanner: Discovering "C:\\Users\\user1\\Documents\\GitHub\\tcl-1.0\\src\\components\\employer"
2026-03-09T06:55:39.807967Z  INFO get_files:scan_sources: tailwindcss_oxide::scanner: Discovering "C:\\Users\\user1\\Documents\\GitHub\\tcl-1.0\\src\\components\\employer-application"
2026-03-09T06:55:39.809351Z  INFO get_files:scan_sources: tailwindcss_oxide::scanner: Discovering "C:\\Users\\user1\\Documents\\GitHub\\tcl-1.0\\src\\components\\employer-dashboard"
2026-03-09T06:55:39.810688Z  INFO get_files:scan_sources: tailwindcss_oxide::scanner: Discovering "C:\\Users\\user1\\Documents\\GitHub\\tcl-1.0\\src\\components\\employers"
2026-03-09T06:55:39.811771Z  INFO get_files:scan_sources: tailwindcss_oxide::scanner: Discovering "C:\\Users\\user1\\Documents\\GitHub\\tcl-1.0\\src\\components\\home"
2026-03-09T06:55:39.812840Z  INFO get_files:scan_sources: tailwindcss_oxide::scanner: Discovering "C:\\Users\\user1\\Documents\\GitHub\\tcl-1.0\\src\\components\\job-posting"
2026-03-09T06:55:39.813854Z  INFO get_files:scan_sources: tailwindcss_oxide::scanner: Discovering "C:\\Users\\user1\\Documents\\GitHub\\tcl-1.0\\src\\components\\layout"
2026-03-09T06:55:39.816162Z  INFO get_files:scan_sources: tailwindcss_oxide::scanner: Discovering "C:\\Users\\user1\\Documents\\GitHub\\tcl-1.0\\src\\components\\onboarding"
2026-03-09T06:55:39.816912Z  INFO get_files:scan_sources: tailwindcss_oxide::scanner: Discovering "C:\\Users\\user1\\Documents\\GitHub\\tcl-1.0\\src\\components\\profile"
2026-03-09T06:55:39.817931Z  INFO get_files:scan_sources: tailwindcss_oxide::scanner: Discovering "C:\\Users\\user1\\Documents\\GitHub\\tcl-1.0\\src\\components\\profile\\sections"
2026-03-09T06:55:39.819299Z  INFO get_files:scan_sources: tailwindcss_oxide::scanner: Discovering "C:\\Users\\user1\\Documents\\GitHub\\tcl-1.0\\src\\components\\profile\\smart"
2026-03-09T06:55:39.819955Z  INFO get_files:scan_sources: tailwindcss_oxide::scanner: Discovering "C:\\Users\\user1\\Documents\\GitHub\\tcl-1.0\\src\\components\\profile\\wizard"
2026-03-09T06:55:39.820460Z  INFO get_files:scan_sources: tailwindcss_oxide::scanner: Discovering "C:\\Users\\user1\\Documents\\GitHub\\tcl-1.0\\src\\components\\profile\\wizard\\steps"
2026-03-09T06:55:39.821376Z  INFO get_files:scan_sources: tailwindcss_oxide::scanner: Discovering "C:\\Users\\user1\\Documents\\GitHub\\tcl-1.0\\src\\components\\search"
2026-03-09T06:55:39.822396Z  INFO get_files:scan_sources: tailwindcss_oxide::scanner: Discovering "C:\\Users\\user1\\Documents\\GitHub\\tcl-1.0\\src\\components\\seeker"
2026-03-09T06:55:39.823067Z  INFO get_files:scan_sources: tailwindcss_oxide::scanner: Discovering "C:\\Users\\user1\\Documents\\GitHub\\tcl-1.0\\src\\components\\seeker\\profile"
2026-03-09T06:55:39.823736Z  INFO get_files:scan_sources: tailwindcss_oxide::scanner: Discovering "C:\\Users\\user1\\Documents\\GitHub\\tcl-1.0\\src\\components\\seeker\\profile\\modals"
2026-03-09T06:55:39.825529Z  INFO get_files:scan_sources: tailwindcss_oxide::scanner: Discovering "C:\\Users\\user1\\Documents\\GitHub\\tcl-1.0\\src\\components\\seeker\\profile\\sections"
2026-03-09T06:55:39.827213Z  INFO get_files:scan_sources: tailwindcss_oxide::scanner: Discovering "C:\\Users\\user1\\Documents\\GitHub\\tcl-1.0\\src\\components\\ui"
2026-03-09T06:55:39.827710Z  INFO get_files:scan_sources: tailwindcss_oxide::scanner: Discovering "C:\\Users\\user1\\Documents\\GitHub\\tcl-1.0\\src\\components\\user-applications"
2026-03-09T06:55:39.828460Z  INFO get_files:scan_sources: tailwindcss_oxide::scanner: Discovering "C:\\Users\\user1\\Documents\\GitHub\\tcl-1.0\\src\\data"
2026-03-09T06:55:39.829153Z  INFO get_files:scan_sources: tailwindcss_oxide::scanner: Discovering "C:\\Users\\user1\\Documents\\GitHub\\tcl-1.0\\src\\hooks"
2026-03-09T06:55:39.829598Z  INFO get_files:scan_sources: tailwindcss_oxide::scanner: Discovering "C:\\Users\\user1\\Documents\\GitHub\\tcl-1.0\\src\\lib"
2026-03-09T06:55:39.829964Z  INFO get_files:scan_sources: tailwindcss_oxide::scanner: Discovering "C:\\Users\\user1\\Documents\\GitHub\\tcl-1.0\\src\\lib\\db"
2026-03-09T06:55:39.830525Z  INFO get_files:scan_sources: tailwindcss_oxide::scanner: Discovering "C:\\Users\\user1\\Documents\\GitHub\\tcl-1.0\\src\\lib\\email"
2026-03-09T06:55:39.831207Z  INFO get_files:scan_sources: tailwindcss_oxide::scanner: Discovering "C:\\Users\\user1\\Documents\\GitHub\\tcl-1.0\\src\\lib\\validation"
2026-03-09T06:55:39.831833Z  INFO get_files:scan_sources: tailwindcss_oxide::scanner: Discovering "C:\\Users\\user1\\Documents\\GitHub\\tcl-1.0\\src\\types"
2026-03-09T06:55:39.832543Z  INFO get_files:scan_sources: tailwindcss_oxide::scanner: exit
2026-03-09T06:55:39.832816Z  INFO get_files: tailwindcss_oxide::scanner: exit
2026-03-09T06:55:39.836215Z  INFO get_globs: tailwindcss_oxide::scanner: enter
2026-03-09T06:55:39.836281Z  INFO get_globs:scan_sources: tailwindcss_oxide::scanner: enter
2026-03-09T06:55:39.840692Z  INFO get_globs:scan_sources: tailwindcss_oxide::scanner: Discovering "C:\\Users\\user1\\Documents\\GitHub\\tcl-1.0\\.github"
2026-03-09T06:55:39.841546Z  INFO get_globs:scan_sources: tailwindcss_oxide::scanner: Discovering "C:\\Users\\user1\\Documents\\GitHub\\tcl-1.0\\.github\\workflows"
2026-03-09T06:55:39.843328Z  INFO get_globs:scan_sources: tailwindcss_oxide::scanner: Discovering "C:\\Users\\user1\\Documents\\GitHub\\tcl-1.0\\drizzle"
2026-03-09T06:55:39.844159Z  INFO get_globs:scan_sources: tailwindcss_oxide::scanner: Discovering "C:\\Users\\user1\\Documents\\GitHub\\tcl-1.0\\drizzle\\meta"
2026-03-09T06:55:39.846999Z  INFO get_globs:scan_sources: tailwindcss_oxide::scanner: Discovering "C:\\Users\\user1\\Documents\\GitHub\\tcl-1.0\\public"
2026-03-09T06:55:39.848055Z  INFO get_globs:scan_sources: tailwindcss_oxide::scanner: Discovering "C:\\Users\\user1\\Documents\\GitHub\\tcl-1.0\\public\\home_trusted_Logo"
2026-03-09T06:55:39.848695Z  INFO get_globs:scan_sources: tailwindcss_oxide::scanner: Discovering "C:\\Users\\user1\\Documents\\GitHub\\tcl-1.0\\public\\images"
2026-03-09T06:55:39.849190Z  INFO get_globs:scan_sources: tailwindcss_oxide::scanner: Discovering "C:\\Users\\user1\\Documents\\GitHub\\tcl-1.0\\public\\images\\employers"
2026-03-09T06:55:39.849720Z  INFO get_globs:scan_sources: tailwindcss_oxide::scanner: Discovering "C:\\Users\\user1\\Documents\\GitHub\\tcl-1.0\\public\\images\\employers\\tools"
2026-03-09T06:55:39.850911Z  INFO get_globs:scan_sources: tailwindcss_oxide::scanner: Discovering "C:\\Users\\user1\\Documents\\GitHub\\tcl-1.0\\src"
2026-03-09T06:55:39.851459Z  INFO get_globs:scan_sources: tailwindcss_oxide::scanner: Discovering "C:\\Users\\user1\\Documents\\GitHub\\tcl-1.0\\src\\actions"
2026-03-09T06:55:39.852454Z  INFO get_globs:scan_sources: tailwindcss_oxide::scanner: Discovering "C:\\Users\\user1\\Documents\\GitHub\\tcl-1.0\\src\\app"
2026-03-09T06:55:39.853052Z  INFO get_globs:scan_sources: tailwindcss_oxide::scanner: Discovering "C:\\Users\\user1\\Documents\\GitHub\\tcl-1.0\\src\\app\\(employer-dashboard)"
2026-03-09T06:55:39.853670Z  INFO get_globs:scan_sources: tailwindcss_oxide::scanner: Discovering "C:\\Users\\user1\\Documents\\GitHub\\tcl-1.0\\src\\app\\(employer-dashboard)\\employer-applications"
2026-03-09T06:55:39.854463Z  INFO get_globs:scan_sources: tailwindcss_oxide::scanner: Discovering "C:\\Users\\user1\\Documents\\GitHub\\tcl-1.0\\src\\app\\(employer-dashboard)\\employer-dashboard"
2026-03-09T06:55:39.855523Z  INFO get_globs:scan_sources: tailwindcss_oxide::scanner: Discovering "C:\\Users\\user1\\Documents\\GitHub\\tcl-1.0\\src\\app\\(employer-dashboard)\\employer-dashboard\\post-job"
2026-03-09T06:55:39.856791Z  INFO get_globs:scan_sources: tailwindcss_oxide::scanner: Discovering "C:\\Users\\user1\\Documents\\GitHub\\tcl-1.0\\src\\app\\(employer-dashboard)\\job-postings"
2026-03-09T06:55:39.858129Z  INFO get_globs:scan_sources: tailwindcss_oxide::scanner: Discovering "C:\\Users\\user1\\Documents\\GitHub\\tcl-1.0\\src\\app\\api"
2026-03-09T06:55:39.858914Z  INFO get_globs:scan_sources: tailwindcss_oxide::scanner: Discovering "C:\\Users\\user1\\Documents\\GitHub\\tcl-1.0\\src\\app\\api\\auth"
2026-03-09T06:55:39.859734Z  INFO get_globs:scan_sources: tailwindcss_oxide::scanner: Discovering "C:\\Users\\user1\\Documents\\GitHub\\tcl-1.0\\src\\app\\api\\auth\\forgot-password"
2026-03-09T06:55:39.860616Z  INFO get_globs:scan_sources: tailwindcss_oxide::scanner: Discovering "C:\\Users\\user1\\Documents\\GitHub\\tcl-1.0\\src\\app\\api\\auth\\reset-password"
2026-03-09T06:55:39.861421Z  INFO get_globs:scan_sources: tailwindcss_oxide::scanner: Discovering "C:\\Users\\user1\\Documents\\GitHub\\tcl-1.0\\src\\app\\api\\auth\\[...nextauth]"
2026-03-09T06:55:39.862201Z  INFO get_globs:scan_sources: tailwindcss_oxide::scanner: Discovering "C:\\Users\\user1\\Documents\\GitHub\\tcl-1.0\\src\\app\\api\\profile"
2026-03-09T06:55:39.862758Z  INFO get_globs:scan_sources: tailwindcss_oxide::scanner: Discovering "C:\\Users\\user1\\Documents\\GitHub\\tcl-1.0\\src\\app\\api\\profile\\achievements"
2026-03-09T06:55:39.863416Z  INFO get_globs:scan_sources: tailwindcss_oxide::scanner: Discovering "C:\\Users\\user1\\Documents\\GitHub\\tcl-1.0\\src\\app\\api\\profile\\education"
2026-03-09T06:55:39.864087Z  INFO get_globs:scan_sources: tailwindcss_oxide::scanner: Discovering "C:\\Users\\user1\\Documents\\GitHub\\tcl-1.0\\src\\app\\api\\profile\\experience"
2026-03-09T06:55:39.864649Z  INFO get_globs:scan_sources: tailwindcss_oxide::scanner: Discovering "C:\\Users\\user1\\Documents\\GitHub\\tcl-1.0\\src\\app\\api\\profile\\languages"
2026-03-09T06:55:39.865365Z  INFO get_globs:scan_sources: tailwindcss_oxide::scanner: Discovering "C:\\Users\\user1\\Documents\\GitHub\\tcl-1.0\\src\\app\\api\\profile\\projects"
2026-03-09T06:55:39.866588Z  INFO get_globs:scan_sources: tailwindcss_oxide::scanner: Discovering "C:\\Users\\user1\\Documents\\GitHub\\tcl-1.0\\src\\app\\api\\profile\\skills"
2026-03-09T06:55:39.867845Z  INFO get_globs:scan_sources: tailwindcss_oxide::scanner: Discovering "C:\\Users\\user1\\Documents\\GitHub\\tcl-1.0\\src\\app\\basic-profile"
2026-03-09T06:55:39.868488Z  INFO get_globs:scan_sources: tailwindcss_oxide::scanner: Discovering "C:\\Users\\user1\\Documents\\GitHub\\tcl-1.0\\src\\app\\company"
2026-03-09T06:55:39.868965Z  INFO get_globs:scan_sources: tailwindcss_oxide::scanner: Discovering "C:\\Users\\user1\\Documents\\GitHub\\tcl-1.0\\src\\app\\company\\[id]"
2026-03-09T06:55:39.869804Z  INFO get_globs:scan_sources: tailwindcss_oxide::scanner: Discovering "C:\\Users\\user1\\Documents\\GitHub\\tcl-1.0\\src\\app\\detailed-seeker-profile"
2026-03-09T06:55:39.870479Z  INFO get_globs:scan_sources: tailwindcss_oxide::scanner: Discovering "C:\\Users\\user1\\Documents\\GitHub\\tcl-1.0\\src\\app\\employers"
2026-03-09T06:55:39.871030Z  INFO get_globs:scan_sources: tailwindcss_oxide::scanner: Discovering "C:\\Users\\user1\\Documents\\GitHub\\tcl-1.0\\src\\app\\employers\\client-registration"
2026-03-09T06:55:39.871839Z  INFO get_globs:scan_sources: tailwindcss_oxide::scanner: Discovering "C:\\Users\\user1\\Documents\\GitHub\\tcl-1.0\\src\\app\\forgot-password"
2026-03-09T06:55:39.872581Z  INFO get_globs:scan_sources: tailwindcss_oxide::scanner: Discovering "C:\\Users\\user1\\Documents\\GitHub\\tcl-1.0\\src\\app\\job"
2026-03-09T06:55:39.873037Z  INFO get_globs:scan_sources: tailwindcss_oxide::scanner: Discovering "C:\\Users\\user1\\Documents\\GitHub\\tcl-1.0\\src\\app\\job\\[id]"
2026-03-09T06:55:39.873661Z  INFO get_globs:scan_sources: tailwindcss_oxide::scanner: Discovering "C:\\Users\\user1\\Documents\\GitHub\\tcl-1.0\\src\\app\\login"
2026-03-09T06:55:39.874272Z  INFO get_globs:scan_sources: tailwindcss_oxide::scanner: Discovering "C:\\Users\\user1\\Documents\\GitHub\\tcl-1.0\\src\\app\\onboarding"
2026-03-09T06:55:39.874783Z  INFO get_globs:scan_sources: tailwindcss_oxide::scanner: Discovering "C:\\Users\\user1\\Documents\\GitHub\\tcl-1.0\\src\\app\\onboarding\\education"
2026-03-09T06:55:39.875272Z  INFO get_globs:scan_sources: tailwindcss_oxide::scanner: Discovering "C:\\Users\\user1\\Documents\\GitHub\\tcl-1.0\\src\\app\\onboarding\\employment"
2026-03-09T06:55:39.875795Z  INFO get_globs:scan_sources: tailwindcss_oxide::scanner: Discovering "C:\\Users\\user1\\Documents\\GitHub\\tcl-1.0\\src\\app\\onboarding\\preferences"
2026-03-09T06:55:39.876367Z  INFO get_globs:scan_sources: tailwindcss_oxide::scanner: Discovering "C:\\Users\\user1\\Documents\\GitHub\\tcl-1.0\\src\\app\\register"
2026-03-09T06:55:39.876786Z  INFO get_globs:scan_sources: tailwindcss_oxide::scanner: Discovering "C:\\Users\\user1\\Documents\\GitHub\\tcl-1.0\\src\\app\\reset-password"
2026-03-09T06:55:39.877086Z  INFO get_globs:scan_sources: tailwindcss_oxide::scanner: Discovering "C:\\Users\\user1\\Documents\\GitHub\\tcl-1.0\\src\\app\\reset-password\\[token]"
2026-03-09T06:55:39.877531Z  INFO get_globs:scan_sources: tailwindcss_oxide::scanner: Discovering "C:\\Users\\user1\\Documents\\GitHub\\tcl-1.0\\src\\app\\search"
2026-03-09T06:55:39.877940Z  INFO get_globs:scan_sources: tailwindcss_oxide::scanner: Discovering "C:\\Users\\user1\\Documents\\GitHub\\tcl-1.0\\src\\app\\seeker"
2026-03-09T06:55:39.878254Z  INFO get_globs:scan_sources: tailwindcss_oxide::scanner: Discovering "C:\\Users\\user1\\Documents\\GitHub\\tcl-1.0\\src\\app\\seeker\\dashboard"
2026-03-09T06:55:39.878814Z  INFO get_globs:scan_sources: tailwindcss_oxide::scanner: Discovering "C:\\Users\\user1\\Documents\\GitHub\\tcl-1.0\\src\\app\\seeker\\profile"
2026-03-09T06:55:39.879388Z  INFO get_globs:scan_sources: tailwindcss_oxide::scanner: Discovering "C:\\Users\\user1\\Documents\\GitHub\\tcl-1.0\\src\\app\\user-applications"
2026-03-09T06:55:39.879931Z  INFO get_globs:scan_sources: tailwindcss_oxide::scanner: Discovering "C:\\Users\\user1\\Documents\\GitHub\\tcl-1.0\\src\\components"
2026-03-09T06:55:39.880264Z  INFO get_globs:scan_sources: tailwindcss_oxide::scanner: Discovering "C:\\Users\\user1\\Documents\\GitHub\\tcl-1.0\\src\\components\\auth"
2026-03-09T06:55:39.881200Z  INFO get_globs:scan_sources: tailwindcss_oxide::scanner: Discovering "C:\\Users\\user1\\Documents\\GitHub\\tcl-1.0\\src\\components\\company"
2026-03-09T06:55:39.882014Z  INFO get_globs:scan_sources: tailwindcss_oxide::scanner: Discovering "C:\\Users\\user1\\Documents\\GitHub\\tcl-1.0\\src\\components\\dashboard"
2026-03-09T06:55:39.882897Z  INFO get_globs:scan_sources: tailwindcss_oxide::scanner: Discovering "C:\\Users\\user1\\Documents\\GitHub\\tcl-1.0\\src\\components\\employer"
2026-03-09T06:55:39.883397Z  INFO get_globs:scan_sources: tailwindcss_oxide::scanner: Discovering "C:\\Users\\user1\\Documents\\GitHub\\tcl-1.0\\src\\components\\employer-application"
2026-03-09T06:55:39.884391Z  INFO get_globs:scan_sources: tailwindcss_oxide::scanner: Discovering "C:\\Users\\user1\\Documents\\GitHub\\tcl-1.0\\src\\components\\employer-dashboard"
2026-03-09T06:55:39.885393Z  INFO get_globs:scan_sources: tailwindcss_oxide::scanner: Discovering "C:\\Users\\user1\\Documents\\GitHub\\tcl-1.0\\src\\components\\employers"
2026-03-09T06:55:39.886593Z  INFO get_globs:scan_sources: tailwindcss_oxide::scanner: Discovering "C:\\Users\\user1\\Documents\\GitHub\\tcl-1.0\\src\\components\\home"
2026-03-09T06:55:39.887427Z  INFO get_globs:scan_sources: tailwindcss_oxide::scanner: Discovering "C:\\Users\\user1\\Documents\\GitHub\\tcl-1.0\\src\\components\\job-posting"
2026-03-09T06:55:39.888095Z  INFO get_globs:scan_sources: tailwindcss_oxide::scanner: Discovering "C:\\Users\\user1\\Documents\\GitHub\\tcl-1.0\\src\\components\\layout"
2026-03-09T06:55:39.889131Z  INFO get_globs:scan_sources: tailwindcss_oxide::scanner: Discovering "C:\\Users\\user1\\Documents\\GitHub\\tcl-1.0\\src\\components\\onboarding"
2026-03-09T06:55:39.889647Z  INFO get_globs:scan_sources: tailwindcss_oxide::scanner: Discovering "C:\\Users\\user1\\Documents\\GitHub\\tcl-1.0\\src\\components\\profile"
2026-03-09T06:55:39.890423Z  INFO get_globs:scan_sources: tailwindcss_oxide::scanner: Discovering "C:\\Users\\user1\\Documents\\GitHub\\tcl-1.0\\src\\components\\profile\\sections"
2026-03-09T06:55:39.891548Z  INFO get_globs:scan_sources: tailwindcss_oxide::scanner: Discovering "C:\\Users\\user1\\Documents\\GitHub\\tcl-1.0\\src\\components\\profile\\smart"
2026-03-09T06:55:39.892076Z  INFO get_globs:scan_sources: tailwindcss_oxide::scanner: Discovering "C:\\Users\\user1\\Documents\\GitHub\\tcl-1.0\\src\\components\\profile\\wizard"
2026-03-09T06:55:39.892511Z  INFO get_globs:scan_sources: tailwindcss_oxide::scanner: Discovering "C:\\Users\\user1\\Documents\\GitHub\\tcl-1.0\\src\\components\\profile\\wizard\\steps"
2026-03-09T06:55:39.893291Z  INFO get_globs:scan_sources: tailwindcss_oxide::scanner: Discovering "C:\\Users\\user1\\Documents\\GitHub\\tcl-1.0\\src\\components\\search"
2026-03-09T06:55:39.893701Z  INFO get_globs:scan_sources: tailwindcss_oxide::scanner: Discovering "C:\\Users\\user1\\Documents\\GitHub\\tcl-1.0\\src\\components\\seeker"
2026-03-09T06:55:39.893981Z  INFO get_globs:scan_sources: tailwindcss_oxide::scanner: Discovering "C:\\Users\\user1\\Documents\\GitHub\\tcl-1.0\\src\\components\\seeker\\profile"
2026-03-09T06:55:39.894331Z  INFO get_globs:scan_sources: tailwindcss_oxide::scanner: Discovering "C:\\Users\\user1\\Documents\\GitHub\\tcl-1.0\\src\\components\\seeker\\profile\\modals"
2026-03-09T06:55:39.895600Z  INFO get_globs:scan_sources: tailwindcss_oxide::scanner: Discovering "C:\\Users\\user1\\Documents\\GitHub\\tcl-1.0\\src\\components\\seeker\\profile\\sections"
2026-03-09T06:55:39.896878Z  INFO get_globs:scan_sources: tailwindcss_oxide::scanner: Discovering "C:\\Users\\user1\\Documents\\GitHub\\tcl-1.0\\src\\components\\ui"
2026-03-09T06:55:39.897288Z  INFO get_globs:scan_sources: tailwindcss_oxide::scanner: Discovering "C:\\Users\\user1\\Documents\\GitHub\\tcl-1.0\\src\\components\\user-applications"
2026-03-09T06:55:39.897865Z  INFO get_globs:scan_sources: tailwindcss_oxide::scanner: Discovering "C:\\Users\\user1\\Documents\\GitHub\\tcl-1.0\\src\\data"
2026-03-09T06:55:39.898416Z  INFO get_globs:scan_sources: tailwindcss_oxide::scanner: Discovering "C:\\Users\\user1\\Documents\\GitHub\\tcl-1.0\\src\\hooks"
2026-03-09T06:55:39.898815Z  INFO get_globs:scan_sources: tailwindcss_oxide::scanner: Discovering "C:\\Users\\user1\\Documents\\GitHub\\tcl-1.0\\src\\lib"
2026-03-09T06:55:39.899108Z  INFO get_globs:scan_sources: tailwindcss_oxide::scanner: Discovering "C:\\Users\\user1\\Documents\\GitHub\\tcl-1.0\\src\\lib\\db"
2026-03-09T06:55:39.899589Z  INFO get_globs:scan_sources: tailwindcss_oxide::scanner: Discovering "C:\\Users\\user1\\Documents\\GitHub\\tcl-1.0\\src\\lib\\email"
2026-03-09T06:55:39.900172Z  INFO get_globs:scan_sources: tailwindcss_oxide::scanner: Discovering "C:\\Users\\user1\\Documents\\GitHub\\tcl-1.0\\src\\lib\\validation"
2026-03-09T06:55:39.900800Z  INFO get_globs:scan_sources: tailwindcss_oxide::scanner: Discovering "C:\\Users\\user1\\Documents\\GitHub\\tcl-1.0\\src\\types"
2026-03-09T06:55:39.901403Z  INFO get_globs:scan_sources: tailwindcss_oxide::scanner: exit
2026-03-09T06:55:39.931083Z  INFO get_globs: tailwindcss_oxide::scanner: exit
