2026-03-09T07:05:10.719560Z  INFO tailwindcss_oxide::scanner: Provided sources:
2026-03-09T07:05:10.720686Z  INFO tailwindcss_oxide::scanner: Source: PublicSourceEntry { base: "C:\\Users\\user1\\Documents\\GitHub\\tcl-1.0", pattern: "**/*", negated: false }
2026-03-09T07:05:10.722542Z  INFO tailwindcss_oxide::scanner: Optimized sources:
2026-03-09T07:05:10.722615Z  INFO tailwindcss_oxide::scanner: Source: Auto { base: "C:\\Users\\user1\\Documents\\GitHub\\tcl-1.0" }
2026-03-09T07:05:10.749861Z  INFO scan_sources: tailwindcss_oxide::scanner: enter
2026-03-09T07:05:10.757846Z  INFO scan_sources: tailwindcss_oxide::scanner: Discovering "C:\\Users\\user1\\Documents\\GitHub\\tcl-1.0\\.github"
2026-03-09T07:05:10.763620Z  INFO scan_sources: tailwindcss_oxide::scanner: Discovering "C:\\Users\\user1\\Documents\\GitHub\\tcl-1.0\\.github\\CODEOWNERS"
2026-03-09T07:05:10.764097Z  INFO scan_sources: tailwindcss_oxide::scanner: Discovering "C:\\Users\\user1\\Documents\\GitHub\\tcl-1.0\\.github\\workflows"
2026-03-09T07:05:10.764691Z  INFO scan_sources: tailwindcss_oxide::scanner: Discovering "C:\\Users\\user1\\Documents\\GitHub\\tcl-1.0\\.github\\workflows\\ci.yml"
2026-03-09T07:05:10.765044Z  INFO scan_sources: tailwindcss_oxide::scanner: Discovering "C:\\Users\\user1\\Documents\\GitHub\\tcl-1.0\\.github\\workflows\\enforce-merge-chain.yml"
2026-03-09T07:05:10.766189Z  INFO scan_sources: tailwindcss_oxide::scanner: Discovering "C:\\Users\\user1\\Documents\\GitHub\\tcl-1.0\\dashboard_log.txt"
2026-03-09T07:05:10.766482Z  INFO scan_sources: tailwindcss_oxide::scanner: Discovering "C:\\Users\\user1\\Documents\\GitHub\\tcl-1.0\\diff.txt"
2026-03-09T07:05:10.766911Z  INFO scan_sources: tailwindcss_oxide::scanner: Discovering "C:\\Users\\user1\\Documents\\GitHub\\tcl-1.0\\drizzle"
2026-03-09T07:05:10.767477Z  INFO scan_sources: tailwindcss_oxide::scanner: Discovering "C:\\Users\\user1\\Documents\\GitHub\\tcl-1.0\\drizzle\\0000_fine_kang.sql"
2026-03-09T07:05:10.767896Z  INFO scan_sources: tailwindcss_oxide::scanner: Discovering "C:\\Users\\user1\\Documents\\GitHub\\tcl-1.0\\drizzle\\meta"
2026-03-09T07:05:10.768570Z  INFO scan_sources: tailwindcss_oxide::scanner: Discovering "C:\\Users\\user1\\Documents\\GitHub\\tcl-1.0\\drizzle\\meta\\0000_snapshot.json"
2026-03-09T07:05:10.769275Z  INFO scan_sources: tailwindcss_oxide::scanner: Discovering "C:\\Users\\user1\\Documents\\GitHub\\tcl-1.0\\drizzle\\meta\\_journal.json"
2026-03-09T07:05:10.769685Z  INFO scan_sources: tailwindcss_oxide::scanner: Discovering "C:\\Users\\user1\\Documents\\GitHub\\tcl-1.0\\drizzle.config.ts"
2026-03-09T07:05:10.769908Z  INFO scan_sources: tailwindcss_oxide::scanner: Discovering "C:\\Users\\user1\\Documents\\GitHub\\tcl-1.0\\drop_tables.js"
2026-03-09T07:05:10.770150Z  INFO scan_sources: tailwindcss_oxide::scanner: Discovering "C:\\Users\\user1\\Documents\\GitHub\\tcl-1.0\\Employer-dashboard-application.pen"
2026-03-09T07:05:10.770376Z  INFO scan_sources: tailwindcss_oxide::scanner: Discovering "C:\\Users\\user1\\Documents\\GitHub\\tcl-1.0\\eslint.config.mjs"
2026-03-09T07:05:10.770544Z  INFO scan_sources: tailwindcss_oxide::scanner: Discovering "C:\\Users\\user1\\Documents\\GitHub\\tcl-1.0\\fix-db-profile.ts"
2026-03-09T07:05:10.770704Z  INFO scan_sources: tailwindcss_oxide::scanner: Discovering "C:\\Users\\user1\\Documents\\GitHub\\tcl-1.0\\fix-db.ts"
2026-03-09T07:05:10.770921Z  INFO scan_sources: tailwindcss_oxide::scanner: Discovering "C:\\Users\\user1\\Documents\\GitHub\\tcl-1.0\\next.config.ts"
2026-03-09T07:05:10.771599Z  INFO scan_sources: tailwindcss_oxide::scanner: Discovering "C:\\Users\\user1\\Documents\\GitHub\\tcl-1.0\\package.json"
2026-03-09T07:05:10.771781Z  INFO scan_sources: tailwindcss_oxide::scanner: Discovering "C:\\Users\\user1\\Documents\\GitHub\\tcl-1.0\\postcss.config.mjs"
2026-03-09T07:05:10.772092Z  INFO scan_sources: tailwindcss_oxide::scanner: Discovering "C:\\Users\\user1\\Documents\\GitHub\\tcl-1.0\\public"
2026-03-09T07:05:10.772710Z  INFO scan_sources: tailwindcss_oxide::scanner: Discovering "C:\\Users\\user1\\Documents\\GitHub\\tcl-1.0\\public\\favicon.svg"
2026-03-09T07:05:10.773106Z  INFO scan_sources: tailwindcss_oxide::scanner: Discovering "C:\\Users\\user1\\Documents\\GitHub\\tcl-1.0\\public\\file.svg"
2026-03-09T07:05:10.773336Z  INFO scan_sources: tailwindcss_oxide::scanner: Discovering "C:\\Users\\user1\\Documents\\GitHub\\tcl-1.0\\public\\globe.svg"
2026-03-09T07:05:10.773692Z  INFO scan_sources: tailwindcss_oxide::scanner: Discovering "C:\\Users\\user1\\Documents\\GitHub\\tcl-1.0\\public\\home_trusted_Logo"
2026-03-09T07:05:10.774588Z  INFO scan_sources: tailwindcss_oxide::scanner: Discovering "C:\\Users\\user1\\Documents\\GitHub\\tcl-1.0\\public\\images"
2026-03-09T07:05:10.776195Z  INFO scan_sources: tailwindcss_oxide::scanner: Discovering "C:\\Users\\user1\\Documents\\GitHub\\tcl-1.0\\public\\images\\employers"
2026-03-09T07:05:10.777156Z  INFO scan_sources: tailwindcss_oxide::scanner: Discovering "C:\\Users\\user1\\Documents\\GitHub\\tcl-1.0\\public\\images\\employers\\tools"
2026-03-09T07:05:10.778092Z  INFO scan_sources: tailwindcss_oxide::scanner: Discovering "C:\\Users\\user1\\Documents\\GitHub\\tcl-1.0\\public\\next.svg"
2026-03-09T07:05:10.778339Z  INFO scan_sources: tailwindcss_oxide::scanner: Discovering "C:\\Users\\user1\\Documents\\GitHub\\tcl-1.0\\public\\vercel.svg"
2026-03-09T07:05:10.778651Z  INFO scan_sources: tailwindcss_oxide::scanner: Discovering "C:\\Users\\user1\\Documents\\GitHub\\tcl-1.0\\public\\window.svg"
2026-03-09T07:05:10.779028Z  INFO scan_sources: tailwindcss_oxide::scanner: Discovering "C:\\Users\\user1\\Documents\\GitHub\\tcl-1.0\\README.md"
2026-03-09T07:05:10.779432Z  INFO scan_sources: tailwindcss_oxide::scanner: Discovering "C:\\Users\\user1\\Documents\\GitHub\\tcl-1.0\\src"
2026-03-09T07:05:10.780436Z  INFO scan_sources: tailwindcss_oxide::scanner: Discovering "C:\\Users\\user1\\Documents\\GitHub\\tcl-1.0\\src\\actions"
2026-03-09T07:05:10.781585Z  INFO scan_sources: tailwindcss_oxide::scanner: Discovering "C:\\Users\\user1\\Documents\\GitHub\\tcl-1.0\\src\\actions\\auth.actions.ts"
2026-03-09T07:05:10.781849Z  INFO scan_sources: tailwindcss_oxide::scanner: Discovering "C:\\Users\\user1\\Documents\\GitHub\\tcl-1.0\\src\\actions\\employer.actions.ts"
2026-03-09T07:05:10.782455Z  INFO scan_sources: tailwindcss_oxide::scanner: Discovering "C:\\Users\\user1\\Documents\\GitHub\\tcl-1.0\\src\\actions\\job.actions.ts"
2026-03-09T07:05:10.782878Z  INFO scan_sources: tailwindcss_oxide::scanner: Discovering "C:\\Users\\user1\\Documents\\GitHub\\tcl-1.0\\src\\actions\\onboarding.actions.ts"
2026-03-09T07:05:10.783438Z  INFO scan_sources: tailwindcss_oxide::scanner: Discovering "C:\\Users\\user1\\Documents\\GitHub\\tcl-1.0\\src\\app"
2026-03-09T07:05:10.784304Z  INFO scan_sources: tailwindcss_oxide::scanner: Discovering "C:\\Users\\user1\\Documents\\GitHub\\tcl-1.0\\src\\app\\(employer-dashboard)"
2026-03-09T07:05:10.784952Z  INFO scan_sources: tailwindcss_oxide::scanner: Discovering "C:\\Users\\user1\\Documents\\GitHub\\tcl-1.0\\src\\app\\(employer-dashboard)\\employer-applications"
2026-03-09T07:05:10.785522Z  INFO scan_sources: tailwindcss_oxide::scanner: Discovering "C:\\Users\\user1\\Documents\\GitHub\\tcl-1.0\\src\\app\\(employer-dashboard)\\employer-applications\\page.tsx"
2026-03-09T07:05:10.786576Z  INFO scan_sources: tailwindcss_oxide::scanner: Discovering "C:\\Users\\user1\\Documents\\GitHub\\tcl-1.0\\src\\app\\(employer-dashboard)\\employer-dashboard"
2026-03-09T07:05:10.787353Z  INFO scan_sources: tailwindcss_oxide::scanner: Discovering "C:\\Users\\user1\\Documents\\GitHub\\tcl-1.0\\src\\app\\(employer-dashboard)\\employer-dashboard\\page.tsx"
2026-03-09T07:05:10.787803Z  INFO scan_sources: tailwindcss_oxide::scanner: Discovering "C:\\Users\\user1\\Documents\\GitHub\\tcl-1.0\\src\\app\\(employer-dashboard)\\employer-dashboard\\post-job"
2026-03-09T07:05:10.788304Z  INFO scan_sources: tailwindcss_oxide::scanner: Discovering "C:\\Users\\user1\\Documents\\GitHub\\tcl-1.0\\src\\app\\(employer-dashboard)\\employer-dashboard\\post-job\\page.tsx"
2026-03-09T07:05:10.788903Z  INFO scan_sources: tailwindcss_oxide::scanner: Discovering "C:\\Users\\user1\\Documents\\GitHub\\tcl-1.0\\src\\app\\(employer-dashboard)\\job-postings"
2026-03-09T07:05:10.789613Z  INFO scan_sources: tailwindcss_oxide::scanner: Discovering "C:\\Users\\user1\\Documents\\GitHub\\tcl-1.0\\src\\app\\(employer-dashboard)\\job-postings\\page.tsx"
2026-03-09T07:05:10.789996Z  INFO scan_sources: tailwindcss_oxide::scanner: Discovering "C:\\Users\\user1\\Documents\\GitHub\\tcl-1.0\\src\\app\\(employer-dashboard)\\layout.tsx"
2026-03-09T07:05:10.790723Z  INFO scan_sources: tailwindcss_oxide::scanner: Discovering "C:\\Users\\user1\\Documents\\GitHub\\tcl-1.0\\src\\app\\api"
2026-03-09T07:05:10.791345Z  INFO scan_sources: tailwindcss_oxide::scanner: Discovering "C:\\Users\\user1\\Documents\\GitHub\\tcl-1.0\\src\\app\\api\\auth"
2026-03-09T07:05:10.799434Z  INFO scan_sources: tailwindcss_oxide::scanner: Discovering "C:\\Users\\user1\\Documents\\GitHub\\tcl-1.0\\src\\app\\api\\auth\\forgot-password"
2026-03-09T07:05:10.800173Z  INFO scan_sources: tailwindcss_oxide::scanner: Discovering "C:\\Users\\user1\\Documents\\GitHub\\tcl-1.0\\src\\app\\api\\auth\\forgot-password\\route.ts"
2026-03-09T07:05:10.800602Z  INFO scan_sources: tailwindcss_oxide::scanner: Discovering "C:\\Users\\user1\\Documents\\GitHub\\tcl-1.0\\src\\app\\api\\auth\\reset-password"
2026-03-09T07:05:10.801045Z  INFO scan_sources: tailwindcss_oxide::scanner: Discovering "C:\\Users\\user1\\Documents\\GitHub\\tcl-1.0\\src\\app\\api\\auth\\reset-password\\route.ts"
2026-03-09T07:05:10.801431Z  INFO scan_sources: tailwindcss_oxide::scanner: Discovering "C:\\Users\\user1\\Documents\\GitHub\\tcl-1.0\\src\\app\\api\\auth\\[...nextauth]"
2026-03-09T07:05:10.801888Z  INFO scan_sources: tailwindcss_oxide::scanner: Discovering "C:\\Users\\user1\\Documents\\GitHub\\tcl-1.0\\src\\app\\api\\auth\\[...nextauth]\\route.ts"
2026-03-09T07:05:10.802351Z  INFO scan_sources: tailwindcss_oxide::scanner: Discovering "C:\\Users\\user1\\Documents\\GitHub\\tcl-1.0\\src\\app\\api\\profile"
2026-03-09T07:05:10.803349Z  INFO scan_sources: tailwindcss_oxide::scanner: Discovering "C:\\Users\\user1\\Documents\\GitHub\\tcl-1.0\\src\\app\\api\\profile\\achievements"
2026-03-09T07:05:10.803842Z  INFO scan_sources: tailwindcss_oxide::scanner: Discovering "C:\\Users\\user1\\Documents\\GitHub\\tcl-1.0\\src\\app\\api\\profile\\achievements\\route.ts"
2026-03-09T07:05:10.804256Z  INFO scan_sources: tailwindcss_oxide::scanner: Discovering "C:\\Users\\user1\\Documents\\GitHub\\tcl-1.0\\src\\app\\api\\profile\\education"
2026-03-09T07:05:10.804826Z  INFO scan_sources: tailwindcss_oxide::scanner: Discovering "C:\\Users\\user1\\Documents\\GitHub\\tcl-1.0\\src\\app\\api\\profile\\education\\route.ts"
2026-03-09T07:05:10.805307Z  INFO scan_sources: tailwindcss_oxide::scanner: Discovering "C:\\Users\\user1\\Documents\\GitHub\\tcl-1.0\\src\\app\\api\\profile\\experience"
2026-03-09T07:05:10.805767Z  INFO scan_sources: tailwindcss_oxide::scanner: Discovering "C:\\Users\\user1\\Documents\\GitHub\\tcl-1.0\\src\\app\\api\\profile\\experience\\route.ts"
2026-03-09T07:05:10.806197Z  INFO scan_sources: tailwindcss_oxide::scanner: Discovering "C:\\Users\\user1\\Documents\\GitHub\\tcl-1.0\\src\\app\\api\\profile\\languages"
2026-03-09T07:05:10.806654Z  INFO scan_sources: tailwindcss_oxide::scanner: Discovering "C:\\Users\\user1\\Documents\\GitHub\\tcl-1.0\\src\\app\\api\\profile\\languages\\route.ts"
2026-03-09T07:05:10.807142Z  INFO scan_sources: tailwindcss_oxide::scanner: Discovering "C:\\Users\\user1\\Documents\\GitHub\\tcl-1.0\\src\\app\\api\\profile\\projects"
2026-03-09T07:05:10.807552Z  INFO scan_sources: tailwindcss_oxide::scanner: Discovering "C:\\Users\\user1\\Documents\\GitHub\\tcl-1.0\\src\\app\\api\\profile\\projects\\route.ts"
2026-03-09T07:05:10.807829Z  INFO scan_sources: tailwindcss_oxide::scanner: Discovering "C:\\Users\\user1\\Documents\\GitHub\\tcl-1.0\\src\\app\\api\\profile\\route.ts"
2026-03-09T07:05:10.808126Z  INFO scan_sources: tailwindcss_oxide::scanner: Discovering "C:\\Users\\user1\\Documents\\GitHub\\tcl-1.0\\src\\app\\api\\profile\\skills"
2026-03-09T07:05:10.810979Z  INFO scan_sources: tailwindcss_oxide::scanner: Discovering "C:\\Users\\user1\\Documents\\GitHub\\tcl-1.0\\src\\app\\api\\profile\\skills\\route.ts"
2026-03-09T07:05:10.811659Z  INFO scan_sources: tailwindcss_oxide::scanner: Discovering "C:\\Users\\user1\\Documents\\GitHub\\tcl-1.0\\src\\app\\basic-profile"
2026-03-09T07:05:10.812191Z  INFO scan_sources: tailwindcss_oxide::scanner: Discovering "C:\\Users\\user1\\Documents\\GitHub\\tcl-1.0\\src\\app\\basic-profile\\page.tsx"
2026-03-09T07:05:10.812821Z  INFO scan_sources: tailwindcss_oxide::scanner: Discovering "C:\\Users\\user1\\Documents\\GitHub\\tcl-1.0\\src\\app\\company"
2026-03-09T07:05:10.813751Z  INFO scan_sources: tailwindcss_oxide::scanner: Discovering "C:\\Users\\user1\\Documents\\GitHub\\tcl-1.0\\src\\app\\company\\[id]"
2026-03-09T07:05:10.814860Z  INFO scan_sources: tailwindcss_oxide::scanner: Discovering "C:\\Users\\user1\\Documents\\GitHub\\tcl-1.0\\src\\app\\company\\[id]\\page.tsx"
2026-03-09T07:05:10.815478Z  INFO scan_sources: tailwindcss_oxide::scanner: Discovering "C:\\Users\\user1\\Documents\\GitHub\\tcl-1.0\\src\\app\\detailed-seeker-profile"
2026-03-09T07:05:10.816229Z  INFO scan_sources: tailwindcss_oxide::scanner: Discovering "C:\\Users\\user1\\Documents\\GitHub\\tcl-1.0\\src\\app\\detailed-seeker-profile\\page.tsx"
2026-03-09T07:05:10.816824Z  INFO scan_sources: tailwindcss_oxide::scanner: Discovering "C:\\Users\\user1\\Documents\\GitHub\\tcl-1.0\\src\\app\\employers"
2026-03-09T07:05:10.817575Z  INFO scan_sources: tailwindcss_oxide::scanner: Discovering "C:\\Users\\user1\\Documents\\GitHub\\tcl-1.0\\src\\app\\employers\\client-registration"
2026-03-09T07:05:10.818066Z  INFO scan_sources: tailwindcss_oxide::scanner: Discovering "C:\\Users\\user1\\Documents\\GitHub\\tcl-1.0\\src\\app\\employers\\client-registration\\page.tsx"
2026-03-09T07:05:10.818364Z  INFO scan_sources: tailwindcss_oxide::scanner: Discovering "C:\\Users\\user1\\Documents\\GitHub\\tcl-1.0\\src\\app\\employers\\page.tsx"
2026-03-09T07:05:10.818790Z  INFO scan_sources: tailwindcss_oxide::scanner: Discovering "C:\\Users\\user1\\Documents\\GitHub\\tcl-1.0\\src\\app\\forgot-password"
2026-03-09T07:05:10.819386Z  INFO scan_sources: tailwindcss_oxide::scanner: Discovering "C:\\Users\\user1\\Documents\\GitHub\\tcl-1.0\\src\\app\\forgot-password\\page.tsx"
2026-03-09T07:05:10.819730Z  INFO scan_sources: tailwindcss_oxide::scanner: Discovering "C:\\Users\\user1\\Documents\\GitHub\\tcl-1.0\\src\\app\\globals.css"
2026-03-09T07:05:10.819955Z  INFO scan_sources: tailwindcss_oxide::scanner: Discovering "C:\\Users\\user1\\Documents\\GitHub\\tcl-1.0\\src\\app\\icon.svg"
2026-03-09T07:05:10.820396Z  INFO scan_sources: tailwindcss_oxide::scanner: Discovering "C:\\Users\\user1\\Documents\\GitHub\\tcl-1.0\\src\\app\\job"
2026-03-09T07:05:10.821070Z  INFO scan_sources: tailwindcss_oxide::scanner: Discovering "C:\\Users\\user1\\Documents\\GitHub\\tcl-1.0\\src\\app\\job\\[id]"
2026-03-09T07:05:10.821492Z  INFO scan_sources: tailwindcss_oxide::scanner: Discovering "C:\\Users\\user1\\Documents\\GitHub\\tcl-1.0\\src\\app\\job\\[id]\\page.tsx"
2026-03-09T07:05:10.821802Z  INFO scan_sources: tailwindcss_oxide::scanner: Discovering "C:\\Users\\user1\\Documents\\GitHub\\tcl-1.0\\src\\app\\layout.tsx"
2026-03-09T07:05:10.822099Z  INFO scan_sources: tailwindcss_oxide::scanner: Discovering "C:\\Users\\user1\\Documents\\GitHub\\tcl-1.0\\src\\app\\login"
2026-03-09T07:05:10.822500Z  INFO scan_sources: tailwindcss_oxide::scanner: Discovering "C:\\Users\\user1\\Documents\\GitHub\\tcl-1.0\\src\\app\\login\\page.tsx"
2026-03-09T07:05:10.822841Z  INFO scan_sources: tailwindcss_oxide::scanner: Discovering "C:\\Users\\user1\\Documents\\GitHub\\tcl-1.0\\src\\app\\onboarding"
2026-03-09T07:05:10.823378Z  INFO scan_sources: tailwindcss_oxide::scanner: Discovering "C:\\Users\\user1\\Documents\\GitHub\\tcl-1.0\\src\\app\\onboarding\\education"
2026-03-09T07:05:10.823780Z  INFO scan_sources: tailwindcss_oxide::scanner: Discovering "C:\\Users\\user1\\Documents\\GitHub\\tcl-1.0\\src\\app\\onboarding\\education\\page.tsx"
2026-03-09T07:05:10.824258Z  INFO scan_sources: tailwindcss_oxide::scanner: Discovering "C:\\Users\\user1\\Documents\\GitHub\\tcl-1.0\\src\\app\\onboarding\\employment"
2026-03-09T07:05:10.824679Z  INFO scan_sources: tailwindcss_oxide::scanner: Discovering "C:\\Users\\user1\\Documents\\GitHub\\tcl-1.0\\src\\app\\onboarding\\employment\\page.tsx"
2026-03-09T07:05:10.828421Z  INFO scan_sources: tailwindcss_oxide::scanner: Discovering "C:\\Users\\user1\\Documents\\GitHub\\tcl-1.0\\src\\app\\onboarding\\layout.tsx"
2026-03-09T07:05:10.829406Z  INFO scan_sources: tailwindcss_oxide::scanner: Discovering "C:\\Users\\user1\\Documents\\GitHub\\tcl-1.0\\src\\app\\onboarding\\page.tsx"
2026-03-09T07:05:10.830696Z  INFO scan_sources: tailwindcss_oxide::scanner: Discovering "C:\\Users\\user1\\Documents\\GitHub\\tcl-1.0\\src\\app\\onboarding\\preferences"
2026-03-09T07:05:10.831205Z  INFO scan_sources: tailwindcss_oxide::scanner: Discovering "C:\\Users\\user1\\Documents\\GitHub\\tcl-1.0\\src\\app\\onboarding\\preferences\\page.tsx"
2026-03-09T07:05:10.831544Z  INFO scan_sources: tailwindcss_oxide::scanner: Discovering "C:\\Users\\user1\\Documents\\GitHub\\tcl-1.0\\src\\app\\page.tsx"
2026-03-09T07:05:10.831851Z  INFO scan_sources: tailwindcss_oxide::scanner: Discovering "C:\\Users\\user1\\Documents\\GitHub\\tcl-1.0\\src\\app\\register"
2026-03-09T07:05:10.832316Z  INFO scan_sources: tailwindcss_oxide::scanner: Discovering "C:\\Users\\user1\\Documents\\GitHub\\tcl-1.0\\src\\app\\register\\page.tsx"
2026-03-09T07:05:10.832670Z  INFO scan_sources: tailwindcss_oxide::scanner: Discovering "C:\\Users\\user1\\Documents\\GitHub\\tcl-1.0\\src\\app\\reset-password"
2026-03-09T07:05:10.833306Z  INFO scan_sources: tailwindcss_oxide::scanner: Discovering "C:\\Users\\user1\\Documents\\GitHub\\tcl-1.0\\src\\app\\reset-password\\[token]"
2026-03-09T07:05:10.833776Z  INFO scan_sources: tailwindcss_oxide::scanner: Discovering "C:\\Users\\user1\\Documents\\GitHub\\tcl-1.0\\src\\app\\reset-password\\[token]\\page.tsx"
2026-03-09T07:05:10.835409Z  INFO scan_sources: tailwindcss_oxide::scanner: Discovering "C:\\Users\\user1\\Documents\\GitHub\\tcl-1.0\\src\\app\\search"
2026-03-09T07:05:10.837081Z  INFO scan_sources: tailwindcss_oxide::scanner: Discovering "C:\\Users\\user1\\Documents\\GitHub\\tcl-1.0\\src\\app\\search\\page.tsx"
2026-03-09T07:05:10.837614Z  INFO scan_sources: tailwindcss_oxide::scanner: Discovering "C:\\Users\\user1\\Documents\\GitHub\\tcl-1.0\\src\\app\\seeker"
2026-03-09T07:05:10.838359Z  INFO scan_sources: tailwindcss_oxide::scanner: Discovering "C:\\Users\\user1\\Documents\\GitHub\\tcl-1.0\\src\\app\\seeker\\dashboard"
2026-03-09T07:05:10.838991Z  INFO scan_sources: tailwindcss_oxide::scanner: Discovering "C:\\Users\\user1\\Documents\\GitHub\\tcl-1.0\\src\\app\\seeker\\dashboard\\page.tsx"
2026-03-09T07:05:10.839253Z  INFO scan_sources: tailwindcss_oxide::scanner: Discovering "C:\\Users\\user1\\Documents\\GitHub\\tcl-1.0\\src\\app\\seeker\\dashboard\\UserDashboardClient.tsx"
2026-03-09T07:05:10.839952Z  INFO scan_sources: tailwindcss_oxide::scanner: Discovering "C:\\Users\\user1\\Documents\\GitHub\\tcl-1.0\\src\\app\\seeker\\profile"
2026-03-09T07:05:10.840856Z  INFO scan_sources: tailwindcss_oxide::scanner: Discovering "C:\\Users\\user1\\Documents\\GitHub\\tcl-1.0\\src\\app\\seeker\\profile\\page.tsx"
2026-03-09T07:05:10.841427Z  INFO scan_sources: tailwindcss_oxide::scanner: Discovering "C:\\Users\\user1\\Documents\\GitHub\\tcl-1.0\\src\\app\\user-applications"
2026-03-09T07:05:10.842732Z  INFO scan_sources: tailwindcss_oxide::scanner: Discovering "C:\\Users\\user1\\Documents\\GitHub\\tcl-1.0\\src\\app\\user-applications\\page.tsx"
2026-03-09T07:05:10.843820Z  INFO scan_sources: tailwindcss_oxide::scanner: Discovering "C:\\Users\\user1\\Documents\\GitHub\\tcl-1.0\\src\\auth.ts"
2026-03-09T07:05:10.845363Z  INFO scan_sources: tailwindcss_oxide::scanner: Discovering "C:\\Users\\user1\\Documents\\GitHub\\tcl-1.0\\src\\components"
2026-03-09T07:05:10.846059Z  INFO scan_sources: tailwindcss_oxide::scanner: Discovering "C:\\Users\\user1\\Documents\\GitHub\\tcl-1.0\\src\\components\\auth"
2026-03-09T07:05:10.846791Z  INFO scan_sources: tailwindcss_oxide::scanner: Discovering "C:\\Users\\user1\\Documents\\GitHub\\tcl-1.0\\src\\components\\auth\\AuthCard.tsx"
2026-03-09T07:05:10.846990Z  INFO scan_sources: tailwindcss_oxide::scanner: Discovering "C:\\Users\\user1\\Documents\\GitHub\\tcl-1.0\\src\\components\\auth\\AuthModal.tsx"
2026-03-09T07:05:10.847153Z  INFO scan_sources: tailwindcss_oxide::scanner: Discovering "C:\\Users\\user1\\Documents\\GitHub\\tcl-1.0\\src\\components\\auth\\EmployerAuthModal.tsx"
2026-03-09T07:05:10.847302Z  INFO scan_sources: tailwindcss_oxide::scanner: Discovering "C:\\Users\\user1\\Documents\\GitHub\\tcl-1.0\\src\\components\\auth\\ForgotPasswordForm.tsx"
2026-03-09T07:05:10.847470Z  INFO scan_sources: tailwindcss_oxide::scanner: Discovering "C:\\Users\\user1\\Documents\\GitHub\\tcl-1.0\\src\\components\\auth\\LoginForm.tsx"
2026-03-09T07:05:10.847643Z  INFO scan_sources: tailwindcss_oxide::scanner: Discovering "C:\\Users\\user1\\Documents\\GitHub\\tcl-1.0\\src\\components\\auth\\RegisterForm.tsx"
2026-03-09T07:05:10.847826Z  INFO scan_sources: tailwindcss_oxide::scanner: Discovering "C:\\Users\\user1\\Documents\\GitHub\\tcl-1.0\\src\\components\\auth\\RegistrationJourneyIllustration.tsx"
2026-03-09T07:05:10.848029Z  INFO scan_sources: tailwindcss_oxide::scanner: Discovering "C:\\Users\\user1\\Documents\\GitHub\\tcl-1.0\\src\\components\\auth\\ResetPasswordForm.tsx"
2026-03-09T07:05:10.848217Z  INFO scan_sources: tailwindcss_oxide::scanner: Discovering "C:\\Users\\user1\\Documents\\GitHub\\tcl-1.0\\src\\components\\auth\\SeekerRegisterForm.tsx"
2026-03-09T07:05:10.848397Z  INFO scan_sources: tailwindcss_oxide::scanner: Discovering "C:\\Users\\user1\\Documents\\GitHub\\tcl-1.0\\src\\components\\auth\\SessionProvider.tsx"
2026-03-09T07:05:10.848829Z  INFO scan_sources: tailwindcss_oxide::scanner: Discovering "C:\\Users\\user1\\Documents\\GitHub\\tcl-1.0\\src\\components\\company"
2026-03-09T07:05:10.849463Z  INFO scan_sources: tailwindcss_oxide::scanner: Discovering "C:\\Users\\user1\\Documents\\GitHub\\tcl-1.0\\src\\components\\company\\AboutSection.tsx"
2026-03-09T07:05:10.849870Z  INFO scan_sources: tailwindcss_oxide::scanner: Discovering "C:\\Users\\user1\\Documents\\GitHub\\tcl-1.0\\src\\components\\company\\CompanyHero.tsx"
2026-03-09T07:05:10.850042Z  INFO scan_sources: tailwindcss_oxide::scanner: Discovering "C:\\Users\\user1\\Documents\\GitHub\\tcl-1.0\\src\\components\\company\\CompanySidebar.tsx"
2026-03-09T07:05:10.850189Z  INFO scan_sources: tailwindcss_oxide::scanner: Discovering "C:\\Users\\user1\\Documents\\GitHub\\tcl-1.0\\src\\components\\company\\CultureGrid.tsx"
2026-03-09T07:05:10.850336Z  INFO scan_sources: tailwindcss_oxide::scanner: Discovering "C:\\Users\\user1\\Documents\\GitHub\\tcl-1.0\\src\\components\\company\\LocationSection.tsx"
2026-03-09T07:05:10.850479Z  INFO scan_sources: tailwindcss_oxide::scanner: Discovering "C:\\Users\\user1\\Documents\\GitHub\\tcl-1.0\\src\\components\\company\\OpenRolesList.tsx"
2026-03-09T07:05:10.850620Z  INFO scan_sources: tailwindcss_oxide::scanner: Discovering "C:\\Users\\user1\\Documents\\GitHub\\tcl-1.0\\src\\components\\company\\PerksSection.tsx"
2026-03-09T07:05:10.850884Z  INFO scan_sources: tailwindcss_oxide::scanner: Discovering "C:\\Users\\user1\\Documents\\GitHub\\tcl-1.0\\src\\components\\company\\StatsSection.tsx"
2026-03-09T07:05:10.851304Z  INFO scan_sources: tailwindcss_oxide::scanner: Discovering "C:\\Users\\user1\\Documents\\GitHub\\tcl-1.0\\src\\components\\dashboard"
2026-03-09T07:05:10.851722Z  INFO scan_sources: tailwindcss_oxide::scanner: Discovering "C:\\Users\\user1\\Documents\\GitHub\\tcl-1.0\\src\\components\\dashboard\\DashboardBlogSection.tsx"
2026-03-09T07:05:10.851908Z  INFO scan_sources: tailwindcss_oxide::scanner: Discovering "C:\\Users\\user1\\Documents\\GitHub\\tcl-1.0\\src\\components\\dashboard\\DashboardJobCard.tsx"
2026-03-09T07:05:10.852079Z  INFO scan_sources: tailwindcss_oxide::scanner: Discovering "C:\\Users\\user1\\Documents\\GitHub\\tcl-1.0\\src\\components\\dashboard\\MobileComponents.tsx"
2026-03-09T07:05:10.852257Z  INFO scan_sources: tailwindcss_oxide::scanner: Discovering "C:\\Users\\user1\\Documents\\GitHub\\tcl-1.0\\src\\components\\dashboard\\ProfileSidebar.tsx"
2026-03-09T07:05:10.852418Z  INFO scan_sources: tailwindcss_oxide::scanner: Discovering "C:\\Users\\user1\\Documents\\GitHub\\tcl-1.0\\src\\components\\dashboard\\RightSidebar.tsx"
2026-03-09T07:05:10.852587Z  INFO scan_sources: tailwindcss_oxide::scanner: Discovering "C:\\Users\\user1\\Documents\\GitHub\\tcl-1.0\\src\\components\\dashboard\\SidebarNav.tsx"
2026-03-09T07:05:10.852732Z  INFO scan_sources: tailwindcss_oxide::scanner: Discovering "C:\\Users\\user1\\Documents\\GitHub\\tcl-1.0\\src\\components\\dashboard\\StatsWidget.tsx"
2026-03-09T07:05:10.852882Z  INFO scan_sources: tailwindcss_oxide::scanner: Discovering "C:\\Users\\user1\\Documents\\GitHub\\tcl-1.0\\src\\components\\dashboard\\UpgradeBanner.tsx"
2026-03-09T07:05:10.853265Z  INFO scan_sources: tailwindcss_oxide::scanner: Discovering "C:\\Users\\user1\\Documents\\GitHub\\tcl-1.0\\src\\components\\employer"
2026-03-09T07:05:10.853638Z  INFO scan_sources: tailwindcss_oxide::scanner: Discovering "C:\\Users\\user1\\Documents\\GitHub\\tcl-1.0\\src\\components\\employer\\EmployerFooter.tsx"
2026-03-09T07:05:10.853793Z  INFO scan_sources: tailwindcss_oxide::scanner: Discovering "C:\\Users\\user1\\Documents\\GitHub\\tcl-1.0\\src\\components\\employer\\EmployerNavbar.tsx"
2026-03-09T07:05:10.854234Z  INFO scan_sources: tailwindcss_oxide::scanner: Discovering "C:\\Users\\user1\\Documents\\GitHub\\tcl-1.0\\src\\components\\employer-application"
2026-03-09T07:05:10.855175Z  INFO scan_sources: tailwindcss_oxide::scanner: Discovering "C:\\Users\\user1\\Documents\\GitHub\\tcl-1.0\\src\\components\\employer-application\\ActiveJobsStrip.tsx"
2026-03-09T07:05:10.855438Z  INFO scan_sources: tailwindcss_oxide::scanner: Discovering "C:\\Users\\user1\\Documents\\GitHub\\tcl-1.0\\src\\components\\employer-application\\applicantsData.ts"
2026-03-09T07:05:10.855610Z  INFO scan_sources: tailwindcss_oxide::scanner: Discovering "C:\\Users\\user1\\Documents\\GitHub\\tcl-1.0\\src\\components\\employer-application\\ApplicantsTable.tsx"
2026-03-09T07:05:10.855767Z  INFO scan_sources: tailwindcss_oxide::scanner: Discovering "C:\\Users\\user1\\Documents\\GitHub\\tcl-1.0\\src\\components\\employer-application\\ApplicationsContent.tsx"
2026-03-09T07:05:10.855931Z  INFO scan_sources: tailwindcss_oxide::scanner: Discovering "C:\\Users\\user1\\Documents\\GitHub\\tcl-1.0\\src\\components\\employer-application\\ApplicationsMobileHeader.tsx"
2026-03-09T07:05:10.856092Z  INFO scan_sources: tailwindcss_oxide::scanner: Discovering "C:\\Users\\user1\\Documents\\GitHub\\tcl-1.0\\src\\components\\employer-application\\ApplicationsPagination.tsx"
2026-03-09T07:05:10.856254Z  INFO scan_sources: tailwindcss_oxide::scanner: Discovering "C:\\Users\\user1\\Documents\\GitHub\\tcl-1.0\\src\\components\\employer-application\\ApplicationsTopBar.tsx"
2026-03-09T07:05:10.856460Z  INFO scan_sources: tailwindcss_oxide::scanner: Discovering "C:\\Users\\user1\\Documents\\GitHub\\tcl-1.0\\src\\components\\employer-application\\FilterPanel.tsx"
2026-03-09T07:05:10.856593Z  INFO scan_sources: tailwindcss_oxide::scanner: Discovering "C:\\Users\\user1\\Documents\\GitHub\\tcl-1.0\\src\\components\\employer-application\\StatusFilterTabs.tsx"
2026-03-09T07:05:10.857025Z  INFO scan_sources: tailwindcss_oxide::scanner: Discovering "C:\\Users\\user1\\Documents\\GitHub\\tcl-1.0\\src\\components\\employer-dashboard"
2026-03-09T07:05:10.857571Z  INFO scan_sources: tailwindcss_oxide::scanner: Discovering "C:\\Users\\user1\\Documents\\GitHub\\tcl-1.0\\src\\components\\employer-dashboard\\DashboardSidebar.tsx"
2026-03-09T07:05:10.857783Z  INFO scan_sources: tailwindcss_oxide::scanner: Discovering "C:\\Users\\user1\\Documents\\GitHub\\tcl-1.0\\src\\components\\employer-dashboard\\DashboardTopBar.tsx"
2026-03-09T07:05:10.857967Z  INFO scan_sources: tailwindcss_oxide::scanner: Discovering "C:\\Users\\user1\\Documents\\GitHub\\tcl-1.0\\src\\components\\employer-dashboard\\MetricsRow.tsx"
2026-03-09T07:05:10.858161Z  INFO scan_sources: tailwindcss_oxide::scanner: Discovering "C:\\Users\\user1\\Documents\\GitHub\\tcl-1.0\\src\\components\\employer-dashboard\\MobileBottomNav.tsx"
2026-03-09T07:05:10.863174Z  INFO scan_sources: tailwindcss_oxide::scanner: Discovering "C:\\Users\\user1\\Documents\\GitHub\\tcl-1.0\\src\\components\\employer-dashboard\\QuickActionsPanel.tsx"
2026-03-09T07:05:10.863392Z  INFO scan_sources: tailwindcss_oxide::scanner: Discovering "C:\\Users\\user1\\Documents\\GitHub\\tcl-1.0\\src\\components\\employer-dashboard\\RecentApplicationsTable.tsx"
2026-03-09T07:05:10.863577Z  INFO scan_sources: tailwindcss_oxide::scanner: Discovering "C:\\Users\\user1\\Documents\\GitHub\\tcl-1.0\\src\\components\\employer-dashboard\\TabletNavStrip.tsx"
2026-03-09T07:05:10.863837Z  INFO scan_sources: tailwindcss_oxide::scanner: Discovering "C:\\Users\\user1\\Documents\\GitHub\\tcl-1.0\\src\\components\\employer-dashboard\\UpcomingInterviewsCard.tsx"
2026-03-09T07:05:10.864293Z  INFO scan_sources: tailwindcss_oxide::scanner: Discovering "C:\\Users\\user1\\Documents\\GitHub\\tcl-1.0\\src\\components\\employers"
2026-03-09T07:05:10.865212Z  INFO scan_sources: tailwindcss_oxide::scanner: Discovering "C:\\Users\\user1\\Documents\\GitHub\\tcl-1.0\\src\\components\\employers\\BuiltForEveryEmployerSection.tsx"
2026-03-09T07:05:10.865447Z  INFO scan_sources: tailwindcss_oxide::scanner: Discovering "C:\\Users\\user1\\Documents\\GitHub\\tcl-1.0\\src\\components\\employers\\CTASection.tsx"
2026-03-09T07:05:10.865660Z  INFO scan_sources: tailwindcss_oxide::scanner: Discovering "C:\\Users\\user1\\Documents\\GitHub\\tcl-1.0\\src\\components\\employers\\FAQSection.tsx"
2026-03-09T07:05:10.865868Z  INFO scan_sources: tailwindcss_oxide::scanner: Discovering "C:\\Users\\user1\\Documents\\GitHub\\tcl-1.0\\src\\components\\employers\\HeroSection.tsx"
2026-03-09T07:05:10.866079Z  INFO scan_sources: tailwindcss_oxide::scanner: Discovering "C:\\Users\\user1\\Documents\\GitHub\\tcl-1.0\\src\\components\\employers\\HiringProcessSection.tsx"
2026-03-09T07:05:10.866312Z  INFO scan_sources: tailwindcss_oxide::scanner: Discovering "C:\\Users\\user1\\Documents\\GitHub\\tcl-1.0\\src\\components\\employers\\PowerfulToolsSection.tsx"
2026-03-09T07:05:10.866914Z  INFO scan_sources: tailwindcss_oxide::scanner: Discovering "C:\\Users\\user1\\Documents\\GitHub\\tcl-1.0\\src\\components\\home"
2026-03-09T07:05:10.867615Z  INFO scan_sources: tailwindcss_oxide::scanner: Discovering "C:\\Users\\user1\\Documents\\GitHub\\tcl-1.0\\src\\components\\home\\CategorySection.tsx"
2026-03-09T07:05:10.867932Z  INFO scan_sources: tailwindcss_oxide::scanner: Discovering "C:\\Users\\user1\\Documents\\GitHub\\tcl-1.0\\src\\components\\home\\HeroSection.tsx"
2026-03-09T07:05:10.868171Z  INFO scan_sources: tailwindcss_oxide::scanner: Discovering "C:\\Users\\user1\\Documents\\GitHub\\tcl-1.0\\src\\components\\home\\JobCard.tsx"
2026-03-09T07:05:10.868920Z  INFO scan_sources: tailwindcss_oxide::scanner: Discovering "C:\\Users\\user1\\Documents\\GitHub\\tcl-1.0\\src\\components\\home\\JobOpeningsSection.tsx"
2026-03-09T07:05:10.869270Z  INFO scan_sources: tailwindcss_oxide::scanner: Discovering "C:\\Users\\user1\\Documents\\GitHub\\tcl-1.0\\src\\components\\home\\RecruiterCTA.tsx"
2026-03-09T07:05:10.869538Z  INFO scan_sources: tailwindcss_oxide::scanner: Discovering "C:\\Users\\user1\\Documents\\GitHub\\tcl-1.0\\src\\components\\home\\TrustedCompanies.tsx"
2026-03-09T07:05:10.870032Z  INFO scan_sources: tailwindcss_oxide::scanner: Discovering "C:\\Users\\user1\\Documents\\GitHub\\tcl-1.0\\src\\components\\job-posting"
2026-03-09T07:05:10.870578Z  INFO scan_sources: tailwindcss_oxide::scanner: Discovering "C:\\Users\\user1\\Documents\\GitHub\\tcl-1.0\\src\\components\\job-posting\\JobCard.tsx"
2026-03-09T07:05:10.871586Z  INFO scan_sources: tailwindcss_oxide::scanner: Discovering "C:\\Users\\user1\\Documents\\GitHub\\tcl-1.0\\src\\components\\job-posting\\JobPostingsContent.tsx"
2026-03-09T07:05:10.872065Z  INFO scan_sources: tailwindcss_oxide::scanner: Discovering "C:\\Users\\user1\\Documents\\GitHub\\tcl-1.0\\src\\components\\job-posting\\JobPostingsHeader.tsx"
2026-03-09T07:05:10.872304Z  INFO scan_sources: tailwindcss_oxide::scanner: Discovering "C:\\Users\\user1\\Documents\\GitHub\\tcl-1.0\\src\\components\\job-posting\\JobPostsList.tsx"
2026-03-09T07:05:10.872500Z  INFO scan_sources: tailwindcss_oxide::scanner: Discovering "C:\\Users\\user1\\Documents\\GitHub\\tcl-1.0\\src\\components\\job-posting\\StatusFilterStrip.tsx"
2026-03-09T07:05:10.873015Z  INFO scan_sources: tailwindcss_oxide::scanner: Discovering "C:\\Users\\user1\\Documents\\GitHub\\tcl-1.0\\src\\components\\layout"
2026-03-09T07:05:10.873701Z  INFO scan_sources: tailwindcss_oxide::scanner: Discovering "C:\\Users\\user1\\Documents\\GitHub\\tcl-1.0\\src\\components\\layout\\EmployerNavbar.tsx"
2026-03-09T07:05:10.873921Z  INFO scan_sources: tailwindcss_oxide::scanner: Discovering "C:\\Users\\user1\\Documents\\GitHub\\tcl-1.0\\src\\components\\layout\\Footer.tsx"
2026-03-09T07:05:10.874120Z  INFO scan_sources: tailwindcss_oxide::scanner: Discovering "C:\\Users\\user1\\Documents\\GitHub\\tcl-1.0\\src\\components\\layout\\LayoutWrapper.tsx"
2026-03-09T07:05:10.874307Z  INFO scan_sources: tailwindcss_oxide::scanner: Discovering "C:\\Users\\user1\\Documents\\GitHub\\tcl-1.0\\src\\components\\layout\\LoggedInNavbar.tsx"
2026-03-09T07:05:10.874441Z  INFO scan_sources: tailwindcss_oxide::scanner: Discovering "C:\\Users\\user1\\Documents\\GitHub\\tcl-1.0\\src\\components\\layout\\MobileBottomNav.tsx"
2026-03-09T07:05:10.874566Z  INFO scan_sources: tailwindcss_oxide::scanner: Discovering "C:\\Users\\user1\\Documents\\GitHub\\tcl-1.0\\src\\components\\layout\\Navbar.tsx"
2026-03-09T07:05:10.874684Z  INFO scan_sources: tailwindcss_oxide::scanner: Discovering "C:\\Users\\user1\\Documents\\GitHub\\tcl-1.0\\src\\components\\layout\\NavbarClient.tsx"
2026-03-09T07:05:10.874800Z  INFO scan_sources: tailwindcss_oxide::scanner: Discovering "C:\\Users\\user1\\Documents\\GitHub\\tcl-1.0\\src\\components\\layout\\NotificationPopup.tsx"
2026-03-09T07:05:10.875756Z  INFO scan_sources: tailwindcss_oxide::scanner: Discovering "C:\\Users\\user1\\Documents\\GitHub\\tcl-1.0\\src\\components\\onboarding"
2026-03-09T07:05:10.876443Z  INFO scan_sources: tailwindcss_oxide::scanner: Discovering "C:\\Users\\user1\\Documents\\GitHub\\tcl-1.0\\src\\components\\onboarding\\OnboardingSidebar.tsx"
2026-03-09T07:05:10.876759Z  INFO scan_sources: tailwindcss_oxide::scanner: Discovering "C:\\Users\\user1\\Documents\\GitHub\\tcl-1.0\\src\\components\\onboarding\\OnboardingStepper.tsx"
2026-03-09T07:05:10.877464Z  INFO scan_sources: tailwindcss_oxide::scanner: Discovering "C:\\Users\\user1\\Documents\\GitHub\\tcl-1.0\\src\\components\\profile"
2026-03-09T07:05:10.878188Z  INFO scan_sources: tailwindcss_oxide::scanner: Discovering "C:\\Users\\user1\\Documents\\GitHub\\tcl-1.0\\src\\components\\profile\\DatePicker.tsx"
2026-03-09T07:05:10.878400Z  INFO scan_sources: tailwindcss_oxide::scanner: Discovering "C:\\Users\\user1\\Documents\\GitHub\\tcl-1.0\\src\\components\\profile\\FileUpload.tsx"
2026-03-09T07:05:10.878565Z  INFO scan_sources: tailwindcss_oxide::scanner: Discovering "C:\\Users\\user1\\Documents\\GitHub\\tcl-1.0\\src\\components\\profile\\FormInput.tsx"
2026-03-09T07:05:10.878774Z  INFO scan_sources: tailwindcss_oxide::scanner: Discovering "C:\\Users\\user1\\Documents\\GitHub\\tcl-1.0\\src\\components\\profile\\FormSelect.tsx"
2026-03-09T07:05:10.878942Z  INFO scan_sources: tailwindcss_oxide::scanner: Discovering "C:\\Users\\user1\\Documents\\GitHub\\tcl-1.0\\src\\components\\profile\\ProgressBar.tsx"
2026-03-09T07:05:10.879165Z  INFO scan_sources: tailwindcss_oxide::scanner: Discovering "C:\\Users\\user1\\Documents\\GitHub\\tcl-1.0\\src\\components\\profile\\RangeSlider.tsx"
2026-03-09T07:05:10.879401Z  INFO scan_sources: tailwindcss_oxide::scanner: Discovering "C:\\Users\\user1\\Documents\\GitHub\\tcl-1.0\\src\\components\\profile\\SectionCard.tsx"
2026-03-09T07:05:10.879837Z  INFO scan_sources: tailwindcss_oxide::scanner: Discovering "C:\\Users\\user1\\Documents\\GitHub\\tcl-1.0\\src\\components\\profile\\sections"
2026-03-09T07:05:10.880433Z  INFO scan_sources: tailwindcss_oxide::scanner: Discovering "C:\\Users\\user1\\Documents\\GitHub\\tcl-1.0\\src\\components\\profile\\sections\\AchievementsSection.tsx"
2026-03-09T07:05:10.880686Z  INFO scan_sources: tailwindcss_oxide::scanner: Discovering "C:\\Users\\user1\\Documents\\GitHub\\tcl-1.0\\src\\components\\profile\\sections\\BasicAccountSection.tsx"
2026-03-09T07:05:10.880893Z  INFO scan_sources: tailwindcss_oxide::scanner: Discovering "C:\\Users\\user1\\Documents\\GitHub\\tcl-1.0\\src\\components\\profile\\sections\\EducationSection.tsx"
2026-03-09T07:05:10.881041Z  INFO scan_sources: tailwindcss_oxide::scanner: Discovering "C:\\Users\\user1\\Documents\\GitHub\\tcl-1.0\\src\\components\\profile\\sections\\PersonalDetailsSection.tsx"
2026-03-09T07:05:10.881217Z  INFO scan_sources: tailwindcss_oxide::scanner: Discovering "C:\\Users\\user1\\Documents\\GitHub\\tcl-1.0\\src\\components\\profile\\sections\\PreferencesSection.tsx"
2026-03-09T07:05:10.881335Z  INFO scan_sources: tailwindcss_oxide::scanner: Discovering "C:\\Users\\user1\\Documents\\GitHub\\tcl-1.0\\src\\components\\profile\\sections\\ProfessionalStatusSection.tsx"
2026-03-09T07:05:10.881449Z  INFO scan_sources: tailwindcss_oxide::scanner: Discovering "C:\\Users\\user1\\Documents\\GitHub\\tcl-1.0\\src\\components\\profile\\sections\\ProfileSummarySection.tsx"
2026-03-09T07:05:10.881590Z  INFO scan_sources: tailwindcss_oxide::scanner: Discovering "C:\\Users\\user1\\Documents\\GitHub\\tcl-1.0\\src\\components\\profile\\sections\\ProjectsSection.tsx"
2026-03-09T07:05:10.881705Z  INFO scan_sources: tailwindcss_oxide::scanner: Discovering "C:\\Users\\user1\\Documents\\GitHub\\tcl-1.0\\src\\components\\profile\\sections\\ResumeLinksSection.tsx"
2026-03-09T07:05:10.882056Z  INFO scan_sources: tailwindcss_oxide::scanner: Discovering "C:\\Users\\user1\\Documents\\GitHub\\tcl-1.0\\src\\components\\profile\\sections\\SkillsSection.tsx"
2026-03-09T07:05:10.882319Z  INFO scan_sources: tailwindcss_oxide::scanner: Discovering "C:\\Users\\user1\\Documents\\GitHub\\tcl-1.0\\src\\components\\profile\\sections\\VerificationSection.tsx"
2026-03-09T07:05:10.882501Z  INFO scan_sources: tailwindcss_oxide::scanner: Discovering "C:\\Users\\user1\\Documents\\GitHub\\tcl-1.0\\src\\components\\profile\\sections\\WorkExperienceSection.tsx"
2026-03-09T07:05:10.882789Z  INFO scan_sources: tailwindcss_oxide::scanner: Discovering "C:\\Users\\user1\\Documents\\GitHub\\tcl-1.0\\src\\components\\profile\\SegmentedControl.tsx"
2026-03-09T07:05:10.882970Z  INFO scan_sources: tailwindcss_oxide::scanner: Discovering "C:\\Users\\user1\\Documents\\GitHub\\tcl-1.0\\src\\components\\profile\\SkillBadge.tsx"
2026-03-09T07:05:10.883313Z  INFO scan_sources: tailwindcss_oxide::scanner: Discovering "C:\\Users\\user1\\Documents\\GitHub\\tcl-1.0\\src\\components\\profile\\smart"
2026-03-09T07:05:10.883767Z  INFO scan_sources: tailwindcss_oxide::scanner: Discovering "C:\\Users\\user1\\Documents\\GitHub\\tcl-1.0\\src\\components\\profile\\smart\\SmartSuggest.tsx"
2026-03-09T07:05:10.884117Z  INFO scan_sources: tailwindcss_oxide::scanner: Discovering "C:\\Users\\user1\\Documents\\GitHub\\tcl-1.0\\src\\components\\profile\\TagInput.tsx"
2026-03-09T07:05:10.884356Z  INFO scan_sources: tailwindcss_oxide::scanner: Discovering "C:\\Users\\user1\\Documents\\GitHub\\tcl-1.0\\src\\components\\profile\\Timeline.tsx"
2026-03-09T07:05:10.884723Z  INFO scan_sources: tailwindcss_oxide::scanner: Discovering "C:\\Users\\user1\\Documents\\GitHub\\tcl-1.0\\src\\components\\profile\\wizard"
2026-03-09T07:05:10.885268Z  INFO scan_sources: tailwindcss_oxide::scanner: Discovering "C:\\Users\\user1\\Documents\\GitHub\\tcl-1.0\\src\\components\\profile\\wizard\\ProfileWizard.tsx"
2026-03-09T07:05:10.885476Z  INFO scan_sources: tailwindcss_oxide::scanner: Discovering "C:\\Users\\user1\\Documents\\GitHub\\tcl-1.0\\src\\components\\profile\\wizard\\StepProgress.tsx"
2026-03-09T07:05:10.885834Z  INFO scan_sources: tailwindcss_oxide::scanner: Discovering "C:\\Users\\user1\\Documents\\GitHub\\tcl-1.0\\src\\components\\profile\\wizard\\steps"
2026-03-09T07:05:10.886375Z  INFO scan_sources: tailwindcss_oxide::scanner: Discovering "C:\\Users\\user1\\Documents\\GitHub\\tcl-1.0\\src\\components\\profile\\wizard\\steps\\index.ts"
2026-03-09T07:05:10.886580Z  INFO scan_sources: tailwindcss_oxide::scanner: Discovering "C:\\Users\\user1\\Documents\\GitHub\\tcl-1.0\\src\\components\\profile\\wizard\\steps\\Step1Account.tsx"
2026-03-09T07:05:10.886752Z  INFO scan_sources: tailwindcss_oxide::scanner: Discovering "C:\\Users\\user1\\Documents\\GitHub\\tcl-1.0\\src\\components\\profile\\wizard\\steps\\Step2Personal.tsx"
2026-03-09T07:05:10.886936Z  INFO scan_sources: tailwindcss_oxide::scanner: Discovering "C:\\Users\\user1\\Documents\\GitHub\\tcl-1.0\\src\\components\\profile\\wizard\\steps\\Step3Professional.tsx"
2026-03-09T07:05:10.887127Z  INFO scan_sources: tailwindcss_oxide::scanner: Discovering "C:\\Users\\user1\\Documents\\GitHub\\tcl-1.0\\src\\components\\profile\\wizard\\steps\\Step5Skills.tsx"
2026-03-09T07:05:10.887416Z  INFO scan_sources: tailwindcss_oxide::scanner: Discovering "C:\\Users\\user1\\Documents\\GitHub\\tcl-1.0\\src\\components\\profile\\wizard\\StepTransition.tsx"
2026-03-09T07:05:10.887618Z  INFO scan_sources: tailwindcss_oxide::scanner: Discovering "C:\\Users\\user1\\Documents\\GitHub\\tcl-1.0\\src\\components\\profile\\wizard\\WizardNavigation.tsx"
2026-03-09T07:05:10.888151Z  INFO scan_sources: tailwindcss_oxide::scanner: Discovering "C:\\Users\\user1\\Documents\\GitHub\\tcl-1.0\\src\\components\\search"
2026-03-09T07:05:10.888762Z  INFO scan_sources: tailwindcss_oxide::scanner: Discovering "C:\\Users\\user1\\Documents\\GitHub\\tcl-1.0\\src\\components\\search\\SearchJobCard.tsx"
2026-03-09T07:05:10.889210Z  INFO scan_sources: tailwindcss_oxide::scanner: Discovering "C:\\Users\\user1\\Documents\\GitHub\\tcl-1.0\\src\\components\\seeker"
2026-03-09T07:05:10.889872Z  INFO scan_sources: tailwindcss_oxide::scanner: Discovering "C:\\Users\\user1\\Documents\\GitHub\\tcl-1.0\\src\\components\\seeker\\profile"
2026-03-09T07:05:10.890409Z  INFO scan_sources: tailwindcss_oxide::scanner: Discovering "C:\\Users\\user1\\Documents\\GitHub\\tcl-1.0\\src\\components\\seeker\\profile\\EmptyState.tsx"
2026-03-09T07:05:10.890727Z  INFO scan_sources: tailwindcss_oxide::scanner: Discovering "C:\\Users\\user1\\Documents\\GitHub\\tcl-1.0\\src\\components\\seeker\\profile\\modals"
2026-03-09T07:05:10.891265Z  INFO scan_sources: tailwindcss_oxide::scanner: Discovering "C:\\Users\\user1\\Documents\\GitHub\\tcl-1.0\\src\\components\\seeker\\profile\\modals\\EditAcademicAchievementsModal.tsx"
2026-03-09T07:05:10.891470Z  INFO scan_sources: tailwindcss_oxide::scanner: Discovering "C:\\Users\\user1\\Documents\\GitHub\\tcl-1.0\\src\\components\\seeker\\profile\\modals\\EditAwardModal.tsx"
2026-03-09T07:05:10.891915Z  INFO scan_sources: tailwindcss_oxide::scanner: Discovering "C:\\Users\\user1\\Documents\\GitHub\\tcl-1.0\\src\\components\\seeker\\profile\\modals\\EditBasicDetailsModal.tsx"
2026-03-09T07:05:10.894886Z  INFO scan_sources: tailwindcss_oxide::scanner: Discovering "C:\\Users\\user1\\Documents\\GitHub\\tcl-1.0\\src\\components\\seeker\\profile\\modals\\EditCertificationModal.tsx"
2026-03-09T07:05:10.895368Z  INFO scan_sources: tailwindcss_oxide::scanner: Discovering "C:\\Users\\user1\\Documents\\GitHub\\tcl-1.0\\src\\components\\seeker\\profile\\modals\\EditClubModal.tsx"
2026-03-09T07:05:10.896318Z  INFO scan_sources: tailwindcss_oxide::scanner: Discovering "C:\\Users\\user1\\Documents\\GitHub\\tcl-1.0\\src\\components\\seeker\\profile\\modals\\EditCompetitiveExamModal.tsx"
2026-03-09T07:05:10.896805Z  INFO scan_sources: tailwindcss_oxide::scanner: Discovering "C:\\Users\\user1\\Documents\\GitHub\\tcl-1.0\\src\\components\\seeker\\profile\\modals\\EditEducationModal.tsx"
2026-03-09T07:05:10.898446Z  INFO scan_sources: tailwindcss_oxide::scanner: Discovering "C:\\Users\\user1\\Documents\\GitHub\\tcl-1.0\\src\\components\\seeker\\profile\\modals\\EditEmploymentModal.tsx"
2026-03-09T07:05:10.898686Z  INFO scan_sources: tailwindcss_oxide::scanner: Discovering "C:\\Users\\user1\\Documents\\GitHub\\tcl-1.0\\src\\components\\seeker\\profile\\modals\\EditInternshipModal.tsx"
2026-03-09T07:05:10.898863Z  INFO scan_sources: tailwindcss_oxide::scanner: Discovering "C:\\Users\\user1\\Documents\\GitHub\\tcl-1.0\\src\\components\\seeker\\profile\\modals\\EditLanguagesModal.tsx"
2026-03-09T07:05:10.899017Z  INFO scan_sources: tailwindcss_oxide::scanner: Discovering "C:\\Users\\user1\\Documents\\GitHub\\tcl-1.0\\src\\components\\seeker\\profile\\modals\\EditPreferencesModal.tsx"
2026-03-09T07:05:10.899172Z  INFO scan_sources: tailwindcss_oxide::scanner: Discovering "C:\\Users\\user1\\Documents\\GitHub\\tcl-1.0\\src\\components\\seeker\\profile\\modals\\EditProfileSummaryModal.tsx"
2026-03-09T07:05:10.899356Z  INFO scan_sources: tailwindcss_oxide::scanner: Discovering "C:\\Users\\user1\\Documents\\GitHub\\tcl-1.0\\src\\components\\seeker\\profile\\modals\\EditProjectModal.tsx"
2026-03-09T07:05:10.899578Z  INFO scan_sources: tailwindcss_oxide::scanner: Discovering "C:\\Users\\user1\\Documents\\GitHub\\tcl-1.0\\src\\components\\seeker\\profile\\modals\\EditResumeModal.tsx"
2026-03-09T07:05:10.899772Z  INFO scan_sources: tailwindcss_oxide::scanner: Discovering "C:\\Users\\user1\\Documents\\GitHub\\tcl-1.0\\src\\components\\seeker\\profile\\modals\\EditSkillsModal.tsx"
2026-03-09T07:05:10.900162Z  INFO scan_sources: tailwindcss_oxide::scanner: Discovering "C:\\Users\\user1\\Documents\\GitHub\\tcl-1.0\\src\\components\\seeker\\profile\\ProfileHeader.tsx"
2026-03-09T07:05:10.900344Z  INFO scan_sources: tailwindcss_oxide::scanner: Discovering "C:\\Users\\user1\\Documents\\GitHub\\tcl-1.0\\src\\components\\seeker\\profile\\SectionContainer.tsx"
2026-03-09T07:05:10.900836Z  INFO scan_sources: tailwindcss_oxide::scanner: Discovering "C:\\Users\\user1\\Documents\\GitHub\\tcl-1.0\\src\\components\\seeker\\profile\\sections"
2026-03-09T07:05:10.901382Z  INFO scan_sources: tailwindcss_oxide::scanner: Discovering "C:\\Users\\user1\\Documents\\GitHub\\tcl-1.0\\src\\components\\seeker\\profile\\sections\\AcademicAchievements.tsx"
2026-03-09T07:05:10.901551Z  INFO scan_sources: tailwindcss_oxide::scanner: Discovering "C:\\Users\\user1\\Documents\\GitHub\\tcl-1.0\\src\\components\\seeker\\profile\\sections\\Accomplishments.tsx"
2026-03-09T07:05:10.901893Z  INFO scan_sources: tailwindcss_oxide::scanner: Discovering "C:\\Users\\user1\\Documents\\GitHub\\tcl-1.0\\src\\components\\seeker\\profile\\sections\\BasicDetails.tsx"
2026-03-09T07:05:10.902109Z  INFO scan_sources: tailwindcss_oxide::scanner: Discovering "C:\\Users\\user1\\Documents\\GitHub\\tcl-1.0\\src\\components\\seeker\\profile\\sections\\CareerPreferences.tsx"
2026-03-09T07:05:10.902298Z  INFO scan_sources: tailwindcss_oxide::scanner: Discovering "C:\\Users\\user1\\Documents\\GitHub\\tcl-1.0\\src\\components\\seeker\\profile\\sections\\CompetitiveExams.tsx"
2026-03-09T07:05:10.902483Z  INFO scan_sources: tailwindcss_oxide::scanner: Discovering "C:\\Users\\user1\\Documents\\GitHub\\tcl-1.0\\src\\components\\seeker\\profile\\sections\\Education.tsx"
2026-03-09T07:05:10.902667Z  INFO scan_sources: tailwindcss_oxide::scanner: Discovering "C:\\Users\\user1\\Documents\\GitHub\\tcl-1.0\\src\\components\\seeker\\profile\\sections\\Employment.tsx"
2026-03-09T07:05:10.902845Z  INFO scan_sources: tailwindcss_oxide::scanner: Discovering "C:\\Users\\user1\\Documents\\GitHub\\tcl-1.0\\src\\components\\seeker\\profile\\sections\\Internships.tsx"
2026-03-09T07:05:10.903021Z  INFO scan_sources: tailwindcss_oxide::scanner: Discovering "C:\\Users\\user1\\Documents\\GitHub\\tcl-1.0\\src\\components\\seeker\\profile\\sections\\KeySkills.tsx"
2026-03-09T07:05:10.903181Z  INFO scan_sources: tailwindcss_oxide::scanner: Discovering "C:\\Users\\user1\\Documents\\GitHub\\tcl-1.0\\src\\components\\seeker\\profile\\sections\\Languages.tsx"
2026-03-09T07:05:10.903347Z  INFO scan_sources: tailwindcss_oxide::scanner: Discovering "C:\\Users\\user1\\Documents\\GitHub\\tcl-1.0\\src\\components\\seeker\\profile\\sections\\ProfileSummary.tsx"
2026-03-09T07:05:10.903502Z  INFO scan_sources: tailwindcss_oxide::scanner: Discovering "C:\\Users\\user1\\Documents\\GitHub\\tcl-1.0\\src\\components\\seeker\\profile\\sections\\Projects.tsx"
2026-03-09T07:05:10.903731Z  INFO scan_sources: tailwindcss_oxide::scanner: Discovering "C:\\Users\\user1\\Documents\\GitHub\\tcl-1.0\\src\\components\\seeker\\profile\\sections\\Resume.tsx"
2026-03-09T07:05:10.904142Z  INFO scan_sources: tailwindcss_oxide::scanner: Discovering "C:\\Users\\user1\\Documents\\GitHub\\tcl-1.0\\src\\components\\seeker\\profile\\Sidebar.tsx"
2026-03-09T07:05:10.904775Z  INFO scan_sources: tailwindcss_oxide::scanner: Discovering "C:\\Users\\user1\\Documents\\GitHub\\tcl-1.0\\src\\components\\seeker\\profile\\UserProfileLayout.tsx"
2026-03-09T07:05:10.905211Z  INFO scan_sources: tailwindcss_oxide::scanner: Discovering "C:\\Users\\user1\\Documents\\GitHub\\tcl-1.0\\src\\components\\ui"
2026-03-09T07:05:10.905596Z  INFO scan_sources: tailwindcss_oxide::scanner: Discovering "C:\\Users\\user1\\Documents\\GitHub\\tcl-1.0\\src\\components\\ui\\Button.tsx"
2026-03-09T07:05:10.905877Z  INFO scan_sources: tailwindcss_oxide::scanner: Discovering "C:\\Users\\user1\\Documents\\GitHub\\tcl-1.0\\src\\components\\user-applications"
2026-03-09T07:05:10.906205Z  INFO scan_sources: tailwindcss_oxide::scanner: Discovering "C:\\Users\\user1\\Documents\\GitHub\\tcl-1.0\\src\\components\\user-applications\\ApplicationsContainer.tsx"
2026-03-09T07:05:10.906324Z  INFO scan_sources: tailwindcss_oxide::scanner: Discovering "C:\\Users\\user1\\Documents\\GitHub\\tcl-1.0\\src\\components\\user-applications\\ApplicationSlideOver.tsx"
2026-03-09T07:05:10.906437Z  INFO scan_sources: tailwindcss_oxide::scanner: Discovering "C:\\Users\\user1\\Documents\\GitHub\\tcl-1.0\\src\\components\\user-applications\\ApplicationTable.tsx"
2026-03-09T07:05:10.906556Z  INFO scan_sources: tailwindcss_oxide::scanner: Discovering "C:\\Users\\user1\\Documents\\GitHub\\tcl-1.0\\src\\components\\user-applications\\StatCards.tsx"
2026-03-09T07:05:10.906844Z  INFO scan_sources: tailwindcss_oxide::scanner: Discovering "C:\\Users\\user1\\Documents\\GitHub\\tcl-1.0\\src\\data"
2026-03-09T07:05:10.907122Z  INFO scan_sources: tailwindcss_oxide::scanner: Discovering "C:\\Users\\user1\\Documents\\GitHub\\tcl-1.0\\src\\data\\applications-mock.ts"
2026-03-09T07:05:10.907273Z  INFO scan_sources: tailwindcss_oxide::scanner: Discovering "C:\\Users\\user1\\Documents\\GitHub\\tcl-1.0\\src\\data\\company-mock.ts"
2026-03-09T07:05:10.907397Z  INFO scan_sources: tailwindcss_oxide::scanner: Discovering "C:\\Users\\user1\\Documents\\GitHub\\tcl-1.0\\src\\data\\mock-data.ts"
2026-03-09T07:05:10.907510Z  INFO scan_sources: tailwindcss_oxide::scanner: Discovering "C:\\Users\\user1\\Documents\\GitHub\\tcl-1.0\\src\\data\\search-mock-data.ts"
2026-03-09T07:05:10.907785Z  INFO scan_sources: tailwindcss_oxide::scanner: Discovering "C:\\Users\\user1\\Documents\\GitHub\\tcl-1.0\\src\\hooks"
2026-03-09T07:05:10.908032Z  INFO scan_sources: tailwindcss_oxide::scanner: Discovering "C:\\Users\\user1\\Documents\\GitHub\\tcl-1.0\\src\\hooks\\useFormPersistence.ts"
2026-03-09T07:05:10.908380Z  INFO scan_sources: tailwindcss_oxide::scanner: Discovering "C:\\Users\\user1\\Documents\\GitHub\\tcl-1.0\\src\\lib"
2026-03-09T07:05:10.909380Z  INFO scan_sources: tailwindcss_oxide::scanner: Discovering "C:\\Users\\user1\\Documents\\GitHub\\tcl-1.0\\src\\lib\\db"
2026-03-09T07:05:10.909946Z  INFO scan_sources: tailwindcss_oxide::scanner: Discovering "C:\\Users\\user1\\Documents\\GitHub\\tcl-1.0\\src\\lib\\db\\db.ts"
2026-03-09T07:05:10.910173Z  INFO scan_sources: tailwindcss_oxide::scanner: Discovering "C:\\Users\\user1\\Documents\\GitHub\\tcl-1.0\\src\\lib\\db\\schema.ts"
2026-03-09T07:05:10.910430Z  INFO scan_sources: tailwindcss_oxide::scanner: Discovering "C:\\Users\\user1\\Documents\\GitHub\\tcl-1.0\\src\\lib\\db\\seed.ts"
2026-03-09T07:05:10.910762Z  INFO scan_sources: tailwindcss_oxide::scanner: Discovering "C:\\Users\\user1\\Documents\\GitHub\\tcl-1.0\\src\\lib\\email"
2026-03-09T07:05:10.911139Z  INFO scan_sources: tailwindcss_oxide::scanner: Discovering "C:\\Users\\user1\\Documents\\GitHub\\tcl-1.0\\src\\lib\\email\\mailer.ts"
2026-03-09T07:05:10.911476Z  INFO scan_sources: tailwindcss_oxide::scanner: Discovering "C:\\Users\\user1\\Documents\\GitHub\\tcl-1.0\\src\\lib\\profileCompletion.ts"
2026-03-09T07:05:10.911669Z  INFO scan_sources: tailwindcss_oxide::scanner: Discovering "C:\\Users\\user1\\Documents\\GitHub\\tcl-1.0\\src\\lib\\profileTypes.ts"
2026-03-09T07:05:10.911813Z  INFO scan_sources: tailwindcss_oxide::scanner: Discovering "C:\\Users\\user1\\Documents\\GitHub\\tcl-1.0\\src\\lib\\profileUtils.ts"
2026-03-09T07:05:10.912087Z  INFO scan_sources: tailwindcss_oxide::scanner: Discovering "C:\\Users\\user1\\Documents\\GitHub\\tcl-1.0\\src\\lib\\suggestionData.ts"
2026-03-09T07:05:10.912585Z  INFO scan_sources: tailwindcss_oxide::scanner: Discovering "C:\\Users\\user1\\Documents\\GitHub\\tcl-1.0\\src\\lib\\validation"
2026-03-09T07:05:10.913068Z  INFO scan_sources: tailwindcss_oxide::scanner: Discovering "C:\\Users\\user1\\Documents\\GitHub\\tcl-1.0\\src\\lib\\validation\\auth.ts"
2026-03-09T07:05:10.913359Z  INFO scan_sources: tailwindcss_oxide::scanner: Discovering "C:\\Users\\user1\\Documents\\GitHub\\tcl-1.0\\src\\lib\\wizardConfig.ts"
2026-03-09T07:05:10.913627Z  INFO scan_sources: tailwindcss_oxide::scanner: Discovering "C:\\Users\\user1\\Documents\\GitHub\\tcl-1.0\\src\\proxy.ts"
2026-03-09T07:05:10.913925Z  INFO scan_sources: tailwindcss_oxide::scanner: Discovering "C:\\Users\\user1\\Documents\\GitHub\\tcl-1.0\\src\\types"
2026-03-09T07:05:10.914384Z  INFO scan_sources: tailwindcss_oxide::scanner: Discovering "C:\\Users\\user1\\Documents\\GitHub\\tcl-1.0\\src\\types\\job.ts"
2026-03-09T07:05:10.914550Z  INFO scan_sources: tailwindcss_oxide::scanner: Discovering "C:\\Users\\user1\\Documents\\GitHub\\tcl-1.0\\src\\types\\next-auth.d.ts"
2026-03-09T07:05:10.915200Z  INFO scan_sources: tailwindcss_oxide::scanner: Discovering "C:\\Users\\user1\\Documents\\GitHub\\tcl-1.0\\trace.txt"
2026-03-09T07:05:10.915464Z  INFO scan_sources: tailwindcss_oxide::scanner: Discovering "C:\\Users\\user1\\Documents\\GitHub\\tcl-1.0\\tsconfig.json"
2026-03-09T07:05:10.915692Z  INFO scan_sources: tailwindcss_oxide::scanner: Discovering "C:\\Users\\user1\\Documents\\GitHub\\tcl-1.0\\y.txt"
2026-03-09T07:05:10.916049Z  INFO scan_sources: tailwindcss_oxide::scanner: exit
2026-03-09T07:05:10.916170Z  INFO extract_candidates: tailwindcss_oxide::scanner: enter
2026-03-09T07:05:10.916198Z  INFO extract_candidates:read_all_files: tailwindcss_oxide::scanner: enter
2026-03-09T07:05:10.916216Z  INFO extract_candidates:read_all_files: tailwindcss_oxide::scanner: Reading 232 file(s)
2026-03-09T07:05:10.918926Z  INFO tailwindcss_oxide::scanner: Reading "C:\\Users\\user1\\Documents\\GitHub\\tcl-1.0\\src\\components\\dashboard\\MobileComponents.tsx"
2026-03-09T07:05:10.918926Z  INFO tailwindcss_oxide::scanner: Reading "C:\\Users\\user1\\Documents\\GitHub\\tcl-1.0\\src\\app\\(employer-dashboard)\\employer-dashboard\\page.tsx"
2026-03-09T07:05:10.918926Z  INFO tailwindcss_oxide::scanner: Reading "C:\\Users\\user1\\Documents\\GitHub\\tcl-1.0\\src\\components\\seeker\\profile\\sections\\Resume.tsx"
2026-03-09T07:05:10.919022Z  INFO tailwindcss_oxide::scanner: Reading "C:\\Users\\user1\\Documents\\GitHub\\tcl-1.0\\src\\components\\profile\\SectionCard.tsx"
2026-03-09T07:05:10.918943Z  INFO tailwindcss_oxide::scanner: Reading "C:\\Users\\user1\\Documents\\GitHub\\tcl-1.0\\src\\app\\page.tsx"
2026-03-09T07:05:10.918926Z  INFO tailwindcss_oxide::scanner: Reading "C:\\Users\\user1\\Documents\\GitHub\\tcl-1.0\\src\\components\\seeker\\profile\\modals\\EditAcademicAchievementsModal.tsx"
2026-03-09T07:05:10.919071Z  INFO tailwindcss_oxide::scanner: Reading "C:\\Users\\user1\\Documents\\GitHub\\tcl-1.0\\src\\components\\employers\\HiringProcessSection.tsx"
2026-03-09T07:05:10.919162Z  INFO tailwindcss_oxide::scanner: Reading "C:\\Users\\user1\\Documents\\GitHub\\tcl-1.0\\src\\components\\dashboard\\ProfileSidebar.tsx"
2026-03-09T07:05:10.919182Z  INFO tailwindcss_oxide::scanner: Reading "C:\\Users\\user1\\Documents\\GitHub\\tcl-1.0\\src\\components\\profile\\sections\\AchievementsSection.tsx"
2026-03-09T07:05:10.919194Z  INFO tailwindcss_oxide::scanner: Reading "C:\\Users\\user1\\Documents\\GitHub\\tcl-1.0\\src\\components\\seeker\\profile\\Sidebar.tsx"
2026-03-09T07:05:10.919209Z  INFO tailwindcss_oxide::scanner: Reading "C:\\Users\\user1\\Documents\\GitHub\\tcl-1.0\\src\\app\\(employer-dashboard)\\employer-dashboard\\post-job\\page.tsx"
2026-03-09T07:05:10.919269Z  INFO tailwindcss_oxide::scanner: Reading "C:\\Users\\user1\\Documents\\GitHub\\tcl-1.0\\src\\components\\seeker\\profile\\modals\\EditAwardModal.tsx"
2026-03-09T07:05:10.919311Z  INFO tailwindcss_oxide::scanner: Reading "C:\\Users\\user1\\Documents\\GitHub\\tcl-1.0\\src\\app\\register\\page.tsx"
2026-03-09T07:05:10.919346Z  INFO tailwindcss_oxide::scanner: Reading "C:\\Users\\user1\\Documents\\GitHub\\tcl-1.0\\src\\components\\seeker\\profile\\UserProfileLayout.tsx"
2026-03-09T07:05:10.919378Z  INFO tailwindcss_oxide::scanner: Reading "C:\\Users\\user1\\Documents\\GitHub\\tcl-1.0\\src\\components\\employers\\PowerfulToolsSection.tsx"
2026-03-09T07:05:10.919316Z  INFO tailwindcss_oxide::scanner: Reading "C:\\Users\\user1\\Documents\\GitHub\\tcl-1.0\\src\\components\\dashboard\\RightSidebar.tsx"
2026-03-09T07:05:10.919409Z  INFO tailwindcss_oxide::scanner: Reading "C:\\Users\\user1\\Documents\\GitHub\\tcl-1.0\\src\\components\\seeker\\profile\\modals\\EditBasicDetailsModal.tsx"
2026-03-09T07:05:10.919463Z  INFO tailwindcss_oxide::scanner: Reading "C:\\Users\\user1\\Documents\\GitHub\\tcl-1.0\\.github\\CODEOWNERS"
2026-03-09T07:05:10.919490Z  INFO tailwindcss_oxide::scanner: Reading "C:\\Users\\user1\\Documents\\GitHub\\tcl-1.0\\src\\app\\reset-password\\[token]\\page.tsx"
2026-03-09T07:05:10.919506Z  INFO tailwindcss_oxide::scanner: Reading "C:\\Users\\user1\\Documents\\GitHub\\tcl-1.0\\src\\components\\ui\\Button.tsx"
2026-03-09T07:05:10.919537Z  INFO tailwindcss_oxide::scanner: Reading "C:\\Users\\user1\\Documents\\GitHub\\tcl-1.0\\src\\components\\home\\CategorySection.tsx"
2026-03-09T07:05:10.919556Z  INFO tailwindcss_oxide::scanner: Reading "C:\\Users\\user1\\Documents\\GitHub\\tcl-1.0\\src\\components\\seeker\\profile\\modals\\EditCertificationModal.tsx"
2026-03-09T07:05:10.919662Z  INFO tailwindcss_oxide::scanner: Reading "C:\\Users\\user1\\Documents\\GitHub\\tcl-1.0\\src\\components\\dashboard\\SidebarNav.tsx"
2026-03-09T07:05:10.919674Z  INFO tailwindcss_oxide::scanner: Reading "C:\\Users\\user1\\Documents\\GitHub\\tcl-1.0\\src\\components\\user-applications\\ApplicationsContainer.tsx"
2026-03-09T07:05:10.919681Z  INFO tailwindcss_oxide::scanner: Reading "C:\\Users\\user1\\Documents\\GitHub\\tcl-1.0\\src\\app\\(employer-dashboard)\\job-postings\\page.tsx"
2026-03-09T07:05:10.919687Z  INFO tailwindcss_oxide::scanner: Reading "C:\\Users\\user1\\Documents\\GitHub\\tcl-1.0\\src\\components\\home\\HeroSection.tsx"
2026-03-09T07:05:10.919715Z  INFO tailwindcss_oxide::scanner: Reading "C:\\Users\\user1\\Documents\\GitHub\\tcl-1.0\\src\\components\\seeker\\profile\\modals\\EditClubModal.tsx"
2026-03-09T07:05:10.919782Z  INFO tailwindcss_oxide::scanner: Reading "C:\\Users\\user1\\Documents\\GitHub\\tcl-1.0\\src\\components\\profile\\sections\\BasicAccountSection.tsx"
2026-03-09T07:05:10.919818Z  INFO tailwindcss_oxide::scanner: Reading "C:\\Users\\user1\\Documents\\GitHub\\tcl-1.0\\src\\components\\dashboard\\StatsWidget.tsx"
2026-03-09T07:05:10.919862Z  INFO tailwindcss_oxide::scanner: Reading "C:\\Users\\user1\\Documents\\GitHub\\tcl-1.0\\src\\app\\(employer-dashboard)\\layout.tsx"
2026-03-09T07:05:10.919880Z  INFO tailwindcss_oxide::scanner: Reading "C:\\Users\\user1\\Documents\\GitHub\\tcl-1.0\\src\\components\\user-applications\\ApplicationSlideOver.tsx"
2026-03-09T07:05:10.919905Z  INFO tailwindcss_oxide::scanner: Reading "C:\\Users\\user1\\Documents\\GitHub\\tcl-1.0\\src\\components\\home\\JobCard.tsx"
2026-03-09T07:05:10.919933Z  INFO tailwindcss_oxide::scanner: Reading "C:\\Users\\user1\\Documents\\GitHub\\tcl-1.0\\src\\components\\seeker\\profile\\modals\\EditCompetitiveExamModal.tsx"
2026-03-09T07:05:10.919958Z  INFO tailwindcss_oxide::scanner: Reading "C:\\Users\\user1\\Documents\\GitHub\\tcl-1.0\\src\\components\\dashboard\\UpgradeBanner.tsx"
2026-03-09T07:05:10.919996Z  INFO tailwindcss_oxide::scanner: Reading "C:\\Users\\user1\\Documents\\GitHub\\tcl-1.0\\src\\app\\api\\auth\\forgot-password\\route.ts"
2026-03-09T07:05:10.920001Z  INFO tailwindcss_oxide::scanner: Reading "C:\\Users\\user1\\Documents\\GitHub\\tcl-1.0\\src\\components\\profile\\sections\\EducationSection.tsx"
2026-03-09T07:05:10.920048Z  INFO tailwindcss_oxide::scanner: Reading "C:\\Users\\user1\\Documents\\GitHub\\tcl-1.0\\src\\components\\user-applications\\ApplicationTable.tsx"
2026-03-09T07:05:10.920074Z  INFO tailwindcss_oxide::scanner: Reading "C:\\Users\\user1\\Documents\\GitHub\\tcl-1.0\\src\\components\\home\\JobOpeningsSection.tsx"
2026-03-09T07:05:10.920092Z  INFO tailwindcss_oxide::scanner: Reading "C:\\Users\\user1\\Documents\\GitHub\\tcl-1.0\\src\\components\\seeker\\profile\\modals\\EditEducationModal.tsx"
2026-03-09T07:05:10.920125Z  INFO tailwindcss_oxide::scanner: Reading "C:\\Users\\user1\\Documents\\GitHub\\tcl-1.0\\src\\components\\employer\\EmployerFooter.tsx"
2026-03-09T07:05:10.920157Z  INFO tailwindcss_oxide::scanner: Reading "C:\\Users\\user1\\Documents\\GitHub\\tcl-1.0\\src\\app\\api\\auth\\reset-password\\route.ts"
2026-03-09T07:05:10.920213Z  INFO tailwindcss_oxide::scanner: Reading "C:\\Users\\user1\\Documents\\GitHub\\tcl-1.0\\src\\components\\home\\RecruiterCTA.tsx"
2026-03-09T07:05:10.920276Z  INFO tailwindcss_oxide::scanner: Reading "C:\\Users\\user1\\Documents\\GitHub\\tcl-1.0\\src\\components\\seeker\\profile\\modals\\EditEmploymentModal.tsx"
2026-03-09T07:05:10.920287Z  INFO tailwindcss_oxide::scanner: Reading "C:\\Users\\user1\\Documents\\GitHub\\tcl-1.0\\.github\\workflows\\ci.yml"
2026-03-09T07:05:10.920342Z  INFO tailwindcss_oxide::scanner: Reading "C:\\Users\\user1\\Documents\\GitHub\\tcl-1.0\\src\\app\\search\\page.tsx"
2026-03-09T07:05:10.920411Z  INFO tailwindcss_oxide::scanner: Reading "C:\\Users\\user1\\Documents\\GitHub\\tcl-1.0\\src\\components\\home\\TrustedCompanies.tsx"
2026-03-09T07:05:10.920457Z  INFO tailwindcss_oxide::scanner: Reading "C:\\Users\\user1\\Documents\\GitHub\\tcl-1.0\\src\\app\\api\\auth\\[...nextauth]\\route.ts"
2026-03-09T07:05:10.920566Z  INFO tailwindcss_oxide::scanner: Reading "C:\\Users\\user1\\Documents\\GitHub\\tcl-1.0\\src\\app\\seeker\\dashboard\\page.tsx"
2026-03-09T07:05:10.920629Z  INFO tailwindcss_oxide::scanner: Reading "C:\\Users\\user1\\Documents\\GitHub\\tcl-1.0\\src\\components\\profile\\sections\\PersonalDetailsSection.tsx"
2026-03-09T07:05:10.920655Z  INFO tailwindcss_oxide::scanner: Reading "C:\\Users\\user1\\Documents\\GitHub\\tcl-1.0\\.github\\workflows\\enforce-merge-chain.yml"
2026-03-09T07:05:10.920640Z  INFO tailwindcss_oxide::scanner: Reading "C:\\Users\\user1\\Documents\\GitHub\\tcl-1.0\\src\\components\\job-posting\\JobCard.tsx"
2026-03-09T07:05:10.920724Z  INFO tailwindcss_oxide::scanner: Reading "C:\\Users\\user1\\Documents\\GitHub\\tcl-1.0\\src\\app\\api\\profile\\achievements\\route.ts"
2026-03-09T07:05:10.920742Z  INFO tailwindcss_oxide::scanner: Reading "C:\\Users\\user1\\Documents\\GitHub\\tcl-1.0\\src\\app\\seeker\\dashboard\\UserDashboardClient.tsx"
2026-03-09T07:05:10.920639Z  INFO tailwindcss_oxide::scanner: Reading "C:\\Users\\user1\\Documents\\GitHub\\tcl-1.0\\src\\components\\seeker\\profile\\modals\\EditInternshipModal.tsx"
2026-03-09T07:05:10.920835Z  INFO tailwindcss_oxide::scanner: Reading "C:\\Users\\user1\\Documents\\GitHub\\tcl-1.0\\src\\components\\profile\\sections\\PreferencesSection.tsx"
2026-03-09T07:05:10.920920Z  INFO tailwindcss_oxide::scanner: Reading "C:\\Users\\user1\\Documents\\GitHub\\tcl-1.0\\src\\app\\seeker\\profile\\page.tsx"
2026-03-09T07:05:10.920926Z  INFO tailwindcss_oxide::scanner: Reading "C:\\Users\\user1\\Documents\\GitHub\\tcl-1.0\\src\\components\\seeker\\profile\\modals\\EditLanguagesModal.tsx"
2026-03-09T07:05:10.921099Z  INFO tailwindcss_oxide::scanner: Reading "C:\\Users\\user1\\Documents\\GitHub\\tcl-1.0\\src\\components\\employer\\EmployerNavbar.tsx"
2026-03-09T07:05:10.921106Z  INFO tailwindcss_oxide::scanner: Reading "C:\\Users\\user1\\Documents\\GitHub\\tcl-1.0\\src\\components\\user-applications\\StatCards.tsx"
2026-03-09T07:05:10.921327Z  INFO tailwindcss_oxide::scanner: Reading "C:\\Users\\user1\\Documents\\GitHub\\tcl-1.0\\src\\app\\user-applications\\page.tsx"
2026-03-09T07:05:10.921344Z  INFO tailwindcss_oxide::scanner: Reading "C:\\Users\\user1\\Documents\\GitHub\\tcl-1.0\\src\\components\\seeker\\profile\\modals\\EditPreferencesModal.tsx"
2026-03-09T07:05:10.921386Z  INFO tailwindcss_oxide::scanner: Reading "C:\\Users\\user1\\Documents\\GitHub\\tcl-1.0\\src\\data\\applications-mock.ts"
2026-03-09T07:05:10.921502Z  INFO tailwindcss_oxide::scanner: Reading "C:\\Users\\user1\\Documents\\GitHub\\tcl-1.0\\src\\auth.ts"
2026-03-09T07:05:10.921509Z  INFO tailwindcss_oxide::scanner: Reading "C:\\Users\\user1\\Documents\\GitHub\\tcl-1.0\\src\\components\\seeker\\profile\\modals\\EditProfileSummaryModal.tsx"
2026-03-09T07:05:10.921513Z  INFO tailwindcss_oxide::scanner: Reading "C:\\Users\\user1\\Documents\\GitHub\\tcl-1.0\\dashboard_log.txt"
2026-03-09T07:05:10.921607Z  INFO tailwindcss_oxide::scanner: Reading "C:\\Users\\user1\\Documents\\GitHub\\tcl-1.0\\src\\components\\job-posting\\JobPostingsContent.tsx"
2026-03-09T07:05:10.921665Z  INFO tailwindcss_oxide::scanner: Reading "C:\\Users\\user1\\Documents\\GitHub\\tcl-1.0\\src\\components\\auth\\AuthCard.tsx"
2026-03-09T07:05:10.921686Z  INFO tailwindcss_oxide::scanner: Reading "C:\\Users\\user1\\Documents\\GitHub\\tcl-1.0\\src\\components\\seeker\\profile\\modals\\EditProjectModal.tsx"
2026-03-09T07:05:10.921683Z  INFO tailwindcss_oxide::scanner: Reading "C:\\Users\\user1\\Documents\\GitHub\\tcl-1.0\\src\\data\\company-mock.ts"
2026-03-09T07:05:10.921790Z  INFO tailwindcss_oxide::scanner: Reading "C:\\Users\\user1\\Documents\\GitHub\\tcl-1.0\\src\\components\\job-posting\\JobPostingsHeader.tsx"
2026-03-09T07:05:10.921824Z  INFO tailwindcss_oxide::scanner: Reading "C:\\Users\\user1\\Documents\\GitHub\\tcl-1.0\\src\\components\\auth\\AuthModal.tsx"
2026-03-09T07:05:10.921845Z  INFO tailwindcss_oxide::scanner: Reading "C:\\Users\\user1\\Documents\\GitHub\\tcl-1.0\\src\\components\\seeker\\profile\\modals\\EditResumeModal.tsx"
2026-03-09T07:05:10.921947Z  INFO tailwindcss_oxide::scanner: Reading "C:\\Users\\user1\\Documents\\GitHub\\tcl-1.0\\src\\components\\job-posting\\JobPostsList.tsx"
2026-03-09T07:05:10.921964Z  INFO tailwindcss_oxide::scanner: Reading "C:\\Users\\user1\\Documents\\GitHub\\tcl-1.0\\src\\data\\mock-data.ts"
2026-03-09T07:05:10.921975Z  INFO tailwindcss_oxide::scanner: Reading "C:\\Users\\user1\\Documents\\GitHub\\tcl-1.0\\src\\components\\auth\\EmployerAuthModal.tsx"
2026-03-09T07:05:10.921997Z  INFO tailwindcss_oxide::scanner: Reading "C:\\Users\\user1\\Documents\\GitHub\\tcl-1.0\\src\\components\\profile\\sections\\ProfessionalStatusSection.tsx"
2026-03-09T07:05:10.922019Z  INFO tailwindcss_oxide::scanner: Reading "C:\\Users\\user1\\Documents\\GitHub\\tcl-1.0\\src\\components\\seeker\\profile\\modals\\EditSkillsModal.tsx"
2026-03-09T07:05:10.920942Z  INFO tailwindcss_oxide::scanner: Reading "C:\\Users\\user1\\Documents\\GitHub\\tcl-1.0\\src\\app\\api\\profile\\education\\route.ts"
2026-03-09T07:05:10.922096Z  INFO tailwindcss_oxide::scanner: Reading "C:\\Users\\user1\\Documents\\GitHub\\tcl-1.0\\src\\components\\job-posting\\StatusFilterStrip.tsx"
2026-03-09T07:05:10.922132Z  INFO tailwindcss_oxide::scanner: Reading "C:\\Users\\user1\\Documents\\GitHub\\tcl-1.0\\src\\data\\search-mock-data.ts"
2026-03-09T07:05:10.922169Z  INFO tailwindcss_oxide::scanner: Reading "C:\\Users\\user1\\Documents\\GitHub\\tcl-1.0\\src\\components\\seeker\\profile\\ProfileHeader.tsx"
2026-03-09T07:05:10.922235Z  INFO tailwindcss_oxide::scanner: Reading "C:\\Users\\user1\\Documents\\GitHub\\tcl-1.0\\src\\components\\employer-application\\ActiveJobsStrip.tsx"
2026-03-09T07:05:10.922243Z  INFO tailwindcss_oxide::scanner: Reading "C:\\Users\\user1\\Documents\\GitHub\\tcl-1.0\\diff.txt"
2026-03-09T07:05:10.922267Z  INFO tailwindcss_oxide::scanner: Reading "C:\\Users\\user1\\Documents\\GitHub\\tcl-1.0\\src\\hooks\\useFormPersistence.ts"
2026-03-09T07:05:10.922280Z  INFO tailwindcss_oxide::scanner: Reading "C:\\Users\\user1\\Documents\\GitHub\\tcl-1.0\\src\\app\\api\\profile\\experience\\route.ts"
2026-03-09T07:05:10.922293Z  INFO tailwindcss_oxide::scanner: Reading "C:\\Users\\user1\\Documents\\GitHub\\tcl-1.0\\src\\components\\layout\\EmployerNavbar.tsx"
2026-03-09T07:05:10.922338Z  INFO tailwindcss_oxide::scanner: Reading "C:\\Users\\user1\\Documents\\GitHub\\tcl-1.0\\src\\components\\seeker\\profile\\SectionContainer.tsx"
2026-03-09T07:05:10.922401Z  INFO tailwindcss_oxide::scanner: Reading "C:\\Users\\user1\\Documents\\GitHub\\tcl-1.0\\src\\components\\employer-application\\applicantsData.ts"
2026-03-09T07:05:10.922421Z  INFO tailwindcss_oxide::scanner: Reading "C:\\Users\\user1\\Documents\\GitHub\\tcl-1.0\\src\\lib\\db\\db.ts"
2026-03-09T07:05:10.922421Z  INFO tailwindcss_oxide::scanner: Reading "C:\\Users\\user1\\Documents\\GitHub\\tcl-1.0\\src\\app\\api\\profile\\languages\\route.ts"
2026-03-09T07:05:10.922454Z  INFO tailwindcss_oxide::scanner: Reading "C:\\Users\\user1\\Documents\\GitHub\\tcl-1.0\\drizzle\\0000_fine_kang.sql"
2026-03-09T07:05:10.922454Z  INFO tailwindcss_oxide::scanner: Reading "C:\\Users\\user1\\Documents\\GitHub\\tcl-1.0\\src\\components\\layout\\Footer.tsx"
2026-03-09T07:05:10.922579Z  INFO tailwindcss_oxide::scanner: Reading "C:\\Users\\user1\\Documents\\GitHub\\tcl-1.0\\src\\components\\employer-application\\ApplicantsTable.tsx"
2026-03-09T07:05:10.922508Z  INFO tailwindcss_oxide::scanner: Reading "C:\\Users\\user1\\Documents\\GitHub\\tcl-1.0\\src\\components\\seeker\\profile\\sections\\AcademicAchievements.tsx"
2026-03-09T07:05:10.922616Z  INFO tailwindcss_oxide::scanner: Reading "C:\\Users\\user1\\Documents\\GitHub\\tcl-1.0\\src\\lib\\db\\schema.ts"
2026-03-09T07:05:10.922797Z  INFO tailwindcss_oxide::scanner: Reading "C:\\Users\\user1\\Documents\\GitHub\\tcl-1.0\\src\\components\\seeker\\profile\\sections\\Accomplishments.tsx"
2026-03-09T07:05:10.922808Z  INFO tailwindcss_oxide::scanner: Reading "C:\\Users\\user1\\Documents\\GitHub\\tcl-1.0\\drizzle\\meta\\0000_snapshot.json"
2026-03-09T07:05:10.922830Z  INFO tailwindcss_oxide::scanner: Reading "C:\\Users\\user1\\Documents\\GitHub\\tcl-1.0\\src\\components\\employer-application\\ApplicationsContent.tsx"
2026-03-09T07:05:10.922979Z  INFO tailwindcss_oxide::scanner: Reading "C:\\Users\\user1\\Documents\\GitHub\\tcl-1.0\\src\\components\\seeker\\profile\\sections\\BasicDetails.tsx"
2026-03-09T07:05:10.923076Z  INFO tailwindcss_oxide::scanner: Reading "C:\\Users\\user1\\Documents\\GitHub\\tcl-1.0\\src\\components\\auth\\ForgotPasswordForm.tsx"
2026-03-09T07:05:10.923182Z  INFO tailwindcss_oxide::scanner: Reading "C:\\Users\\user1\\Documents\\GitHub\\tcl-1.0\\src\\components\\seeker\\profile\\sections\\CareerPreferences.tsx"
2026-03-09T07:05:10.923185Z  INFO tailwindcss_oxide::scanner: Reading "C:\\Users\\user1\\Documents\\GitHub\\tcl-1.0\\drizzle\\meta\\_journal.json"
2026-03-09T07:05:10.923185Z  INFO tailwindcss_oxide::scanner: Reading "C:\\Users\\user1\\Documents\\GitHub\\tcl-1.0\\src\\components\\layout\\LayoutWrapper.tsx"
2026-03-09T07:05:10.923079Z  INFO tailwindcss_oxide::scanner: Reading "C:\\Users\\user1\\Documents\\GitHub\\tcl-1.0\\src\\lib\\db\\seed.ts"
2026-03-09T07:05:10.923397Z  INFO tailwindcss_oxide::scanner: Reading "C:\\Users\\user1\\Documents\\GitHub\\tcl-1.0\\src\\components\\auth\\LoginForm.tsx"
2026-03-09T07:05:10.923397Z  INFO tailwindcss_oxide::scanner: Reading "C:\\Users\\user1\\Documents\\GitHub\\tcl-1.0\\src\\components\\employer-application\\ApplicationsMobileHeader.tsx"
2026-03-09T07:05:10.923569Z  INFO tailwindcss_oxide::scanner: Reading "C:\\Users\\user1\\Documents\\GitHub\\tcl-1.0\\src\\components\\profile\\sections\\ProfileSummarySection.tsx"
2026-03-09T07:05:10.923357Z  INFO tailwindcss_oxide::scanner: Reading "C:\\Users\\user1\\Documents\\GitHub\\tcl-1.0\\src\\components\\seeker\\profile\\sections\\CompetitiveExams.tsx"
2026-03-09T07:05:10.923724Z  INFO tailwindcss_oxide::scanner: Reading "C:\\Users\\user1\\Documents\\GitHub\\tcl-1.0\\src\\lib\\email\\mailer.ts"
2026-03-09T07:05:10.923413Z  INFO tailwindcss_oxide::scanner: Reading "C:\\Users\\user1\\Documents\\GitHub\\tcl-1.0\\src\\components\\layout\\LoggedInNavbar.tsx"
2026-03-09T07:05:10.923551Z  INFO tailwindcss_oxide::scanner: Reading "C:\\Users\\user1\\Documents\\GitHub\\tcl-1.0\\src\\app\\api\\profile\\projects\\route.ts"
2026-03-09T07:05:10.923821Z  INFO tailwindcss_oxide::scanner: Reading "C:\\Users\\user1\\Documents\\GitHub\\tcl-1.0\\src\\components\\employer-application\\ApplicationsPagination.tsx"
2026-03-09T07:05:10.923895Z  INFO tailwindcss_oxide::scanner: Reading "C:\\Users\\user1\\Documents\\GitHub\\tcl-1.0\\src\\components\\seeker\\profile\\sections\\Education.tsx"
2026-03-09T07:05:10.923918Z  INFO tailwindcss_oxide::scanner: Reading "C:\\Users\\user1\\Documents\\GitHub\\tcl-1.0\\src\\components\\layout\\MobileBottomNav.tsx"
2026-03-09T07:05:10.923928Z  INFO tailwindcss_oxide::scanner: Reading "C:\\Users\\user1\\Documents\\GitHub\\tcl-1.0\\src\\app\\api\\profile\\route.ts"
2026-03-09T07:05:10.924108Z  INFO tailwindcss_oxide::scanner: Reading "C:\\Users\\user1\\Documents\\GitHub\\tcl-1.0\\src\\app\\api\\profile\\skills\\route.ts"
2026-03-09T07:05:10.923664Z  INFO tailwindcss_oxide::scanner: Reading "C:\\Users\\user1\\Documents\\GitHub\\tcl-1.0\\drizzle.config.ts"
2026-03-09T07:05:10.924210Z  INFO tailwindcss_oxide::scanner: Reading "C:\\Users\\user1\\Documents\\GitHub\\tcl-1.0\\src\\components\\seeker\\profile\\sections\\Employment.tsx"
2026-03-09T07:05:10.924431Z  INFO tailwindcss_oxide::scanner: Reading "C:\\Users\\user1\\Documents\\GitHub\\tcl-1.0\\src\\components\\layout\\Navbar.tsx"
2026-03-09T07:05:10.924467Z  INFO tailwindcss_oxide::scanner: Reading "C:\\Users\\user1\\Documents\\GitHub\\tcl-1.0\\src\\components\\employer-application\\ApplicationsTopBar.tsx"
2026-03-09T07:05:10.924695Z  INFO tailwindcss_oxide::scanner: Reading "C:\\Users\\user1\\Documents\\GitHub\\tcl-1.0\\src\\components\\employer-application\\FilterPanel.tsx"
2026-03-09T07:05:10.924696Z  INFO tailwindcss_oxide::scanner: Reading "C:\\Users\\user1\\Documents\\GitHub\\tcl-1.0\\src\\components\\seeker\\profile\\sections\\Internships.tsx"
2026-03-09T07:05:10.924709Z  INFO tailwindcss_oxide::scanner: Reading "C:\\Users\\user1\\Documents\\GitHub\\tcl-1.0\\src\\components\\layout\\NavbarClient.tsx"
2026-03-09T07:05:10.924727Z  INFO tailwindcss_oxide::scanner: Reading "C:\\Users\\user1\\Documents\\GitHub\\tcl-1.0\\src\\app\\basic-profile\\page.tsx"
2026-03-09T07:05:10.924927Z  INFO tailwindcss_oxide::scanner: Reading "C:\\Users\\user1\\Documents\\GitHub\\tcl-1.0\\src\\components\\seeker\\profile\\sections\\KeySkills.tsx"
2026-03-09T07:05:10.924990Z  INFO tailwindcss_oxide::scanner: Reading "C:\\Users\\user1\\Documents\\GitHub\\tcl-1.0\\src\\components\\layout\\NotificationPopup.tsx"
2026-03-09T07:05:10.925180Z  INFO tailwindcss_oxide::scanner: Reading "C:\\Users\\user1\\Documents\\GitHub\\tcl-1.0\\src\\components\\seeker\\profile\\sections\\Languages.tsx"
2026-03-09T07:05:10.925391Z  INFO tailwindcss_oxide::scanner: Reading "C:\\Users\\user1\\Documents\\GitHub\\tcl-1.0\\src\\components\\seeker\\profile\\sections\\ProfileSummary.tsx"
2026-03-09T07:05:10.925394Z  INFO tailwindcss_oxide::scanner: Reading "C:\\Users\\user1\\Documents\\GitHub\\tcl-1.0\\src\\components\\onboarding\\OnboardingSidebar.tsx"
2026-03-09T07:05:10.925505Z  INFO tailwindcss_oxide::scanner: Reading "C:\\Users\\user1\\Documents\\GitHub\\tcl-1.0\\src\\components\\auth\\RegisterForm.tsx"
2026-03-09T07:05:10.925610Z  INFO tailwindcss_oxide::scanner: Reading "C:\\Users\\user1\\Documents\\GitHub\\tcl-1.0\\src\\components\\seeker\\profile\\sections\\Projects.tsx"
2026-03-09T07:05:10.925610Z  INFO tailwindcss_oxide::scanner: Reading "C:\\Users\\user1\\Documents\\GitHub\\tcl-1.0\\src\\components\\onboarding\\OnboardingStepper.tsx"
2026-03-09T07:05:10.934008Z  INFO tailwindcss_oxide::scanner: Reading "C:\\Users\\user1\\Documents\\GitHub\\tcl-1.0\\drop_tables.js"
2026-03-09T07:05:10.937194Z  INFO tailwindcss_oxide::scanner: Reading "C:\\Users\\user1\\Documents\\GitHub\\tcl-1.0\\Employer-dashboard-application.pen"
2026-03-09T07:05:10.937591Z  INFO tailwindcss_oxide::scanner: Reading "C:\\Users\\user1\\Documents\\GitHub\\tcl-1.0\\src\\components\\profile\\sections\\ProjectsSection.tsx"
2026-03-09T07:05:10.938311Z  INFO tailwindcss_oxide::scanner: Reading "C:\\Users\\user1\\Documents\\GitHub\\tcl-1.0\\src\\components\\profile\\sections\\ResumeLinksSection.tsx"
2026-03-09T07:05:10.938480Z  INFO tailwindcss_oxide::scanner: Reading "C:\\Users\\user1\\Documents\\GitHub\\tcl-1.0\\src\\components\\profile\\DatePicker.tsx"
2026-03-09T07:05:10.938940Z  INFO tailwindcss_oxide::scanner: Reading "C:\\Users\\user1\\Documents\\GitHub\\tcl-1.0\\src\\components\\profile\\FileUpload.tsx"
2026-03-09T07:05:10.939158Z  INFO tailwindcss_oxide::scanner: Reading "C:\\Users\\user1\\Documents\\GitHub\\tcl-1.0\\src\\components\\profile\\FormInput.tsx"
2026-03-09T07:05:10.939226Z  INFO tailwindcss_oxide::scanner: Reading "C:\\Users\\user1\\Documents\\GitHub\\tcl-1.0\\src\\components\\profile\\SkillBadge.tsx"
2026-03-09T07:05:10.939332Z  INFO tailwindcss_oxide::scanner: Reading "C:\\Users\\user1\\Documents\\GitHub\\tcl-1.0\\src\\components\\profile\\FormSelect.tsx"
2026-03-09T07:05:10.939520Z  INFO tailwindcss_oxide::scanner: Reading "C:\\Users\\user1\\Documents\\GitHub\\tcl-1.0\\src\\components\\profile\\smart\\SmartSuggest.tsx"
2026-03-09T07:05:10.940638Z  INFO tailwindcss_oxide::scanner: Reading "C:\\Users\\user1\\Documents\\GitHub\\tcl-1.0\\src\\components\\profile\\ProgressBar.tsx"
2026-03-09T07:05:10.941007Z  INFO tailwindcss_oxide::scanner: Reading "C:\\Users\\user1\\Documents\\GitHub\\tcl-1.0\\src\\components\\profile\\RangeSlider.tsx"
2026-03-09T07:05:10.941190Z  INFO tailwindcss_oxide::scanner: Reading "C:\\Users\\user1\\Documents\\GitHub\\tcl-1.0\\src\\lib\\validation\\auth.ts"
2026-03-09T07:05:10.941389Z  INFO tailwindcss_oxide::scanner: Reading "C:\\Users\\user1\\Documents\\GitHub\\tcl-1.0\\src\\lib\\wizardConfig.ts"
2026-03-09T07:05:10.946032Z  INFO tailwindcss_oxide::scanner: Reading "C:\\Users\\user1\\Documents\\GitHub\\tcl-1.0\\src\\components\\auth\\RegistrationJourneyIllustration.tsx"
2026-03-09T07:05:10.946201Z  INFO tailwindcss_oxide::scanner: Reading "C:\\Users\\user1\\Documents\\GitHub\\tcl-1.0\\src\\components\\employer-application\\StatusFilterTabs.tsx"
2026-03-09T07:05:10.946146Z  INFO tailwindcss_oxide::scanner: Reading "C:\\Users\\user1\\Documents\\GitHub\\tcl-1.0\\src\\components\\profile\\TagInput.tsx"
2026-03-09T07:05:10.946441Z  INFO tailwindcss_oxide::scanner: Reading "C:\\Users\\user1\\Documents\\GitHub\\tcl-1.0\\src\\lib\\profileCompletion.ts"
2026-03-09T07:05:10.946602Z  INFO tailwindcss_oxide::scanner: Reading "C:\\Users\\user1\\Documents\\GitHub\\tcl-1.0\\src\\components\\auth\\ResetPasswordForm.tsx"
2026-03-09T07:05:10.946666Z  INFO tailwindcss_oxide::scanner: Reading "C:\\Users\\user1\\Documents\\GitHub\\tcl-1.0\\src\\components\\profile\\Timeline.tsx"
2026-03-09T07:05:10.946929Z  INFO tailwindcss_oxide::scanner: Reading "C:\\Users\\user1\\Documents\\GitHub\\tcl-1.0\\src\\components\\employer-dashboard\\DashboardSidebar.tsx"
2026-03-09T07:05:10.947540Z  INFO tailwindcss_oxide::scanner: Reading "C:\\Users\\user1\\Documents\\GitHub\\tcl-1.0\\src\\app\\company\\[id]\\page.tsx"
2026-03-09T07:05:10.947047Z  INFO tailwindcss_oxide::scanner: Reading "C:\\Users\\user1\\Documents\\GitHub\\tcl-1.0\\src\\lib\\profileTypes.ts"
2026-03-09T07:05:10.947653Z  INFO tailwindcss_oxide::scanner: Reading "C:\\Users\\user1\\Documents\\GitHub\\tcl-1.0\\src\\components\\employer-dashboard\\DashboardTopBar.tsx"
2026-03-09T07:05:10.947861Z  INFO tailwindcss_oxide::scanner: Reading "C:\\Users\\user1\\Documents\\GitHub\\tcl-1.0\\src\\proxy.ts"
2026-03-09T07:05:10.947914Z  INFO tailwindcss_oxide::scanner: Reading "C:\\Users\\user1\\Documents\\GitHub\\tcl-1.0\\src\\lib\\profileUtils.ts"
2026-03-09T07:05:10.947970Z  INFO tailwindcss_oxide::scanner: Reading "C:\\Users\\user1\\Documents\\GitHub\\tcl-1.0\\src\\components\\profile\\sections\\SkillsSection.tsx"
2026-03-09T07:05:10.947574Z  INFO tailwindcss_oxide::scanner: Reading "C:\\Users\\user1\\Documents\\GitHub\\tcl-1.0\\eslint.config.mjs"
2026-03-09T07:05:10.948156Z  INFO tailwindcss_oxide::scanner: Reading "C:\\Users\\user1\\Documents\\GitHub\\tcl-1.0\\src\\lib\\suggestionData.ts"
2026-03-09T07:05:10.948312Z  INFO tailwindcss_oxide::scanner: Reading "C:\\Users\\user1\\Documents\\GitHub\\tcl-1.0\\fix-db-profile.ts"
2026-03-09T07:05:10.948335Z  INFO tailwindcss_oxide::scanner: Reading "C:\\Users\\user1\\Documents\\GitHub\\tcl-1.0\\src\\components\\profile\\sections\\VerificationSection.tsx"
2026-03-09T07:05:10.948462Z  INFO tailwindcss_oxide::scanner: Reading "C:\\Users\\user1\\Documents\\GitHub\\tcl-1.0\\fix-db.ts"
2026-03-09T07:05:10.948533Z  INFO tailwindcss_oxide::scanner: Reading "C:\\Users\\user1\\Documents\\GitHub\\tcl-1.0\\src\\components\\employer-dashboard\\MetricsRow.tsx"
2026-03-09T07:05:10.948546Z  INFO tailwindcss_oxide::scanner: Reading "C:\\Users\\user1\\Documents\\GitHub\\tcl-1.0\\src\\types\\job.ts"
2026-03-09T07:05:10.948553Z  INFO tailwindcss_oxide::scanner: Reading "C:\\Users\\user1\\Documents\\GitHub\\tcl-1.0\\src\\app\\detailed-seeker-profile\\page.tsx"
2026-03-09T07:05:10.946975Z  INFO tailwindcss_oxide::scanner: Reading "C:\\Users\\user1\\Documents\\GitHub\\tcl-1.0\\src\\components\\profile\\wizard\\ProfileWizard.tsx"
2026-03-09T07:05:10.948875Z  INFO tailwindcss_oxide::scanner: Reading "C:\\Users\\user1\\Documents\\GitHub\\tcl-1.0\\src\\components\\employer-dashboard\\MobileBottomNav.tsx"
2026-03-09T07:05:10.948899Z  INFO tailwindcss_oxide::scanner: Reading "C:\\Users\\user1\\Documents\\GitHub\\tcl-1.0\\next.config.ts"
2026-03-09T07:05:10.948935Z  INFO tailwindcss_oxide::scanner: Reading "C:\\Users\\user1\\Documents\\GitHub\\tcl-1.0\\src\\app\\employers\\client-registration\\page.tsx"
2026-03-09T07:05:10.949083Z  INFO tailwindcss_oxide::scanner: Reading "C:\\Users\\user1\\Documents\\GitHub\\tcl-1.0\\package.json"
2026-03-09T07:05:10.949132Z  INFO tailwindcss_oxide::scanner: Reading "C:\\Users\\user1\\Documents\\GitHub\\tcl-1.0\\src\\types\\next-auth.d.ts"
2026-03-09T07:05:10.949158Z  INFO tailwindcss_oxide::scanner: Reading "C:\\Users\\user1\\Documents\\GitHub\\tcl-1.0\\src\\app\\employers\\page.tsx"
2026-03-09T07:05:10.949212Z  INFO tailwindcss_oxide::scanner: Reading "C:\\Users\\user1\\Documents\\GitHub\\tcl-1.0\\src\\components\\profile\\sections\\WorkExperienceSection.tsx"
2026-03-09T07:05:10.949249Z  INFO tailwindcss_oxide::scanner: Reading "C:\\Users\\user1\\Documents\\GitHub\\tcl-1.0\\postcss.config.mjs"
2026-03-09T07:05:10.949389Z  INFO tailwindcss_oxide::scanner: Reading "C:\\Users\\user1\\Documents\\GitHub\\tcl-1.0\\src\\components\\profile\\SegmentedControl.tsx"
2026-03-09T07:05:10.949388Z  INFO tailwindcss_oxide::scanner: Reading "C:\\Users\\user1\\Documents\\GitHub\\tcl-1.0\\src\\app\\forgot-password\\page.tsx"
2026-03-09T07:05:10.949620Z  INFO tailwindcss_oxide::scanner: Reading "C:\\Users\\user1\\Documents\\GitHub\\tcl-1.0\\src\\app\\icon.svg"
2026-03-09T07:05:10.949628Z  INFO tailwindcss_oxide::scanner: Reading "C:\\Users\\user1\\Documents\\GitHub\\tcl-1.0\\src\\components\\profile\\wizard\\StepProgress.tsx"
2026-03-09T07:05:10.949662Z  INFO tailwindcss_oxide::scanner: Reading "C:\\Users\\user1\\Documents\\GitHub\\tcl-1.0\\trace.txt"
2026-03-09T07:05:10.949847Z  INFO tailwindcss_oxide::scanner: Reading "C:\\Users\\user1\\Documents\\GitHub\\tcl-1.0\\src\\app\\job\\[id]\\page.tsx"
2026-03-09T07:05:10.949849Z  INFO tailwindcss_oxide::scanner: Reading "C:\\Users\\user1\\Documents\\GitHub\\tcl-1.0\\public\\favicon.svg"
2026-03-09T07:05:10.949860Z  INFO tailwindcss_oxide::scanner: Reading "C:\\Users\\user1\\Documents\\GitHub\\tcl-1.0\\src\\components\\profile\\wizard\\steps\\Step1Account.tsx"
2026-03-09T07:05:10.950073Z  INFO tailwindcss_oxide::scanner: Reading "C:\\Users\\user1\\Documents\\GitHub\\tcl-1.0\\src\\components\\profile\\wizard\\steps\\index.ts"
2026-03-09T07:05:10.950144Z  INFO tailwindcss_oxide::scanner: Reading "C:\\Users\\user1\\Documents\\GitHub\\tcl-1.0\\tsconfig.json"
2026-03-09T07:05:10.950162Z  INFO tailwindcss_oxide::scanner: Reading "C:\\Users\\user1\\Documents\\GitHub\\tcl-1.0\\src\\components\\profile\\wizard\\steps\\Step2Personal.tsx"
2026-03-09T07:05:10.950347Z  INFO tailwindcss_oxide::scanner: Reading "C:\\Users\\user1\\Documents\\GitHub\\tcl-1.0\\src\\components\\profile\\wizard\\steps\\Step3Professional.tsx"
2026-03-09T07:05:10.950447Z  INFO tailwindcss_oxide::scanner: Reading "C:\\Users\\user1\\Documents\\GitHub\\tcl-1.0\\public\\file.svg"
2026-03-09T07:05:10.950478Z  INFO tailwindcss_oxide::scanner: Reading "C:\\Users\\user1\\Documents\\GitHub\\tcl-1.0\\public\\vercel.svg"
2026-03-09T07:05:10.950528Z  INFO tailwindcss_oxide::scanner: Reading "C:\\Users\\user1\\Documents\\GitHub\\tcl-1.0\\src\\components\\profile\\wizard\\steps\\Step5Skills.tsx"
2026-03-09T07:05:10.950670Z  INFO tailwindcss_oxide::scanner: Reading "C:\\Users\\user1\\Documents\\GitHub\\tcl-1.0\\src\\components\\profile\\wizard\\StepTransition.tsx"
2026-03-09T07:05:10.950744Z  INFO tailwindcss_oxide::scanner: Reading "C:\\Users\\user1\\Documents\\GitHub\\tcl-1.0\\y.txt"
2026-03-09T07:05:10.950913Z  INFO tailwindcss_oxide::scanner: Reading "C:\\Users\\user1\\Documents\\GitHub\\tcl-1.0\\public\\window.svg"
2026-03-09T07:05:10.950962Z  INFO tailwindcss_oxide::scanner: Reading "C:\\Users\\user1\\Documents\\GitHub\\tcl-1.0\\src\\components\\search\\SearchJobCard.tsx"
2026-03-09T07:05:10.950980Z  INFO tailwindcss_oxide::scanner: Reading "C:\\Users\\user1\\Documents\\GitHub\\tcl-1.0\\src\\components\\profile\\wizard\\WizardNavigation.tsx"
2026-03-09T07:05:10.951162Z  INFO tailwindcss_oxide::scanner: Reading "C:\\Users\\user1\\Documents\\GitHub\\tcl-1.0\\public\\globe.svg"
2026-03-09T07:05:10.951178Z  INFO tailwindcss_oxide::scanner: Reading "C:\\Users\\user1\\Documents\\GitHub\\tcl-1.0\\src\\components\\seeker\\profile\\EmptyState.tsx"
2026-03-09T07:05:10.951178Z  INFO tailwindcss_oxide::scanner: Reading "C:\\Users\\user1\\Documents\\GitHub\\tcl-1.0\\src\\components\\company\\PerksSection.tsx"
2026-03-09T07:05:10.951342Z  INFO tailwindcss_oxide::scanner: Reading "C:\\Users\\user1\\Documents\\GitHub\\tcl-1.0\\README.md"
2026-03-09T07:05:10.951428Z  INFO tailwindcss_oxide::scanner: Reading "C:\\Users\\user1\\Documents\\GitHub\\tcl-1.0\\src\\components\\company\\StatsSection.tsx"
2026-03-09T07:05:10.951536Z  INFO tailwindcss_oxide::scanner: Reading "C:\\Users\\user1\\Documents\\GitHub\\tcl-1.0\\src\\actions\\auth.actions.ts"
2026-03-09T07:05:10.951590Z  INFO tailwindcss_oxide::scanner: Reading "C:\\Users\\user1\\Documents\\GitHub\\tcl-1.0\\src\\components\\dashboard\\DashboardBlogSection.tsx"
2026-03-09T07:05:10.951625Z  INFO tailwindcss_oxide::scanner: Reading "C:\\Users\\user1\\Documents\\GitHub\\tcl-1.0\\public\\next.svg"
2026-03-09T07:05:10.951712Z  INFO tailwindcss_oxide::scanner: Reading "C:\\Users\\user1\\Documents\\GitHub\\tcl-1.0\\src\\actions\\employer.actions.ts"
2026-03-09T07:05:10.951785Z  INFO tailwindcss_oxide::scanner: Reading "C:\\Users\\user1\\Documents\\GitHub\\tcl-1.0\\src\\components\\auth\\SeekerRegisterForm.tsx"
2026-03-09T07:05:10.951784Z  INFO tailwindcss_oxide::scanner: Reading "C:\\Users\\user1\\Documents\\GitHub\\tcl-1.0\\src\\components\\company\\CompanyHero.tsx"
2026-03-09T07:05:10.951928Z  INFO tailwindcss_oxide::scanner: Reading "C:\\Users\\user1\\Documents\\GitHub\\tcl-1.0\\src\\components\\dashboard\\DashboardJobCard.tsx"
2026-03-09T07:05:10.951984Z  INFO tailwindcss_oxide::scanner: Reading "C:\\Users\\user1\\Documents\\GitHub\\tcl-1.0\\src\\components\\auth\\SessionProvider.tsx"
2026-03-09T07:05:10.952072Z  INFO tailwindcss_oxide::scanner: Reading "C:\\Users\\user1\\Documents\\GitHub\\tcl-1.0\\src\\actions\\onboarding.actions.ts"
2026-03-09T07:05:10.952084Z  INFO tailwindcss_oxide::scanner: Reading "C:\\Users\\user1\\Documents\\GitHub\\tcl-1.0\\src\\components\\employers\\BuiltForEveryEmployerSection.tsx"
2026-03-09T07:05:10.952191Z  INFO tailwindcss_oxide::scanner: Reading "C:\\Users\\user1\\Documents\\GitHub\\tcl-1.0\\src\\app\\(employer-dashboard)\\employer-applications\\page.tsx"
2026-03-09T07:05:10.952204Z  INFO tailwindcss_oxide::scanner: Reading "C:\\Users\\user1\\Documents\\GitHub\\tcl-1.0\\src\\components\\company\\AboutSection.tsx"
2026-03-09T07:05:10.952261Z  INFO tailwindcss_oxide::scanner: Reading "C:\\Users\\user1\\Documents\\GitHub\\tcl-1.0\\src\\components\\employers\\CTASection.tsx"
2026-03-09T07:05:10.952261Z  INFO tailwindcss_oxide::scanner: Reading "C:\\Users\\user1\\Documents\\GitHub\\tcl-1.0\\src\\components\\employers\\FAQSection.tsx"
2026-03-09T07:05:10.952365Z  INFO tailwindcss_oxide::scanner: Reading "C:\\Users\\user1\\Documents\\GitHub\\tcl-1.0\\src\\components\\company\\LocationSection.tsx"
2026-03-09T07:05:10.952415Z  INFO tailwindcss_oxide::scanner: Reading "C:\\Users\\user1\\Documents\\GitHub\\tcl-1.0\\src\\components\\company\\CultureGrid.tsx"
2026-03-09T07:05:10.952415Z  INFO tailwindcss_oxide::scanner: Reading "C:\\Users\\user1\\Documents\\GitHub\\tcl-1.0\\src\\app\\onboarding\\employment\\page.tsx"
2026-03-09T07:05:10.952555Z  INFO tailwindcss_oxide::scanner: Reading "C:\\Users\\user1\\Documents\\GitHub\\tcl-1.0\\src\\components\\company\\OpenRolesList.tsx"
2026-03-09T07:05:10.952595Z  INFO tailwindcss_oxide::scanner: Reading "C:\\Users\\user1\\Documents\\GitHub\\tcl-1.0\\src\\app\\onboarding\\layout.tsx"
2026-03-09T07:05:10.952597Z  INFO tailwindcss_oxide::scanner: Reading "C:\\Users\\user1\\Documents\\GitHub\\tcl-1.0\\src\\app\\onboarding\\page.tsx"
2026-03-09T07:05:10.952624Z  INFO tailwindcss_oxide::scanner: Reading "C:\\Users\\user1\\Documents\\GitHub\\tcl-1.0\\src\\components\\employers\\HeroSection.tsx"
2026-03-09T07:05:10.952746Z  INFO tailwindcss_oxide::scanner: Reading "C:\\Users\\user1\\Documents\\GitHub\\tcl-1.0\\src\\app\\login\\page.tsx"
2026-03-09T07:05:10.952813Z  INFO tailwindcss_oxide::scanner: Reading "C:\\Users\\user1\\Documents\\GitHub\\tcl-1.0\\src\\app\\onboarding\\preferences\\page.tsx"
2026-03-09T07:05:10.952813Z  INFO tailwindcss_oxide::scanner: Reading "C:\\Users\\user1\\Documents\\GitHub\\tcl-1.0\\src\\components\\employer-dashboard\\TabletNavStrip.tsx"
2026-03-09T07:05:10.952941Z  INFO tailwindcss_oxide::scanner: Reading "C:\\Users\\user1\\Documents\\GitHub\\tcl-1.0\\src\\actions\\job.actions.ts"
2026-03-09T07:05:10.952950Z  INFO tailwindcss_oxide::scanner: Reading "C:\\Users\\user1\\Documents\\GitHub\\tcl-1.0\\src\\components\\employer-dashboard\\UpcomingInterviewsCard.tsx"
2026-03-09T07:05:10.952796Z  INFO tailwindcss_oxide::scanner: Reading "C:\\Users\\user1\\Documents\\GitHub\\tcl-1.0\\src\\app\\onboarding\\education\\page.tsx"
2026-03-09T07:05:10.953039Z  INFO tailwindcss_oxide::scanner: Reading "C:\\Users\\user1\\Documents\\GitHub\\tcl-1.0\\src\\components\\employer-dashboard\\RecentApplicationsTable.tsx"
2026-03-09T07:05:10.953100Z  INFO tailwindcss_oxide::scanner: Reading "C:\\Users\\user1\\Documents\\GitHub\\tcl-1.0\\src\\components\\company\\CompanySidebar.tsx"
2026-03-09T07:05:10.953669Z  INFO tailwindcss_oxide::scanner: Reading "C:\\Users\\user1\\Documents\\GitHub\\tcl-1.0\\src\\components\\employer-dashboard\\QuickActionsPanel.tsx"
2026-03-09T07:05:10.953669Z  INFO tailwindcss_oxide::scanner: Reading "C:\\Users\\user1\\Documents\\GitHub\\tcl-1.0\\src\\app\\layout.tsx"
2026-03-09T07:05:10.955749Z  INFO extract_candidates:read_all_files: tailwindcss_oxide::scanner: exit
2026-03-09T07:05:10.955849Z  INFO extract_candidates:parse_all_blobs: tailwindcss_oxide::scanner: enter
2026-03-09T07:05:10.955884Z  INFO extract_candidates:parse_all_blobs:extract: tailwindcss_oxide::scanner: enter
2026-03-09T07:05:10.976206Z  INFO extract_candidates:parse_all_blobs:extract: tailwindcss_oxide::scanner: exit
2026-03-09T07:05:10.977212Z  INFO extract_candidates:parse_all_blobs: tailwindcss_oxide::scanner: exit
2026-03-09T07:05:10.977310Z  INFO extract_candidates:read_all_files: tailwindcss_oxide::scanner: enter
2026-03-09T07:05:10.977330Z  INFO extract_candidates:read_all_files: tailwindcss_oxide::scanner: Reading 1 file(s)
2026-03-09T07:05:10.977654Z  INFO extract_candidates:read_all_files: tailwindcss_oxide::scanner: Reading "C:\\Users\\user1\\Documents\\GitHub\\tcl-1.0\\src\\app\\globals.css"
2026-03-09T07:05:10.977701Z  INFO extract_candidates:read_all_files: tailwindcss_oxide::scanner: exit
2026-03-09T07:05:10.977730Z  INFO extract_candidates:extract_css_variables: tailwindcss_oxide::scanner: enter
2026-03-09T07:05:10.977742Z  INFO extract_candidates:extract_css_variables:extract: tailwindcss_oxide::scanner: enter
2026-03-09T07:05:10.977901Z  INFO extract_candidates:extract_css_variables:extract: tailwindcss_oxide::scanner: exit
2026-03-09T07:05:10.977935Z  INFO extract_candidates:extract_css_variables: tailwindcss_oxide::scanner: exit
2026-03-09T07:05:10.981115Z  INFO extract_candidates: tailwindcss_oxide::scanner: exit
2026-03-09T07:05:10.988387Z  INFO get_files: tailwindcss_oxide::scanner: enter
2026-03-09T07:05:10.988457Z  INFO get_files:scan_sources: tailwindcss_oxide::scanner: enter
2026-03-09T07:05:10.996182Z  INFO get_files:scan_sources: tailwindcss_oxide::scanner: Discovering "C:\\Users\\user1\\Documents\\GitHub\\tcl-1.0\\.github"
2026-03-09T07:05:10.996839Z  INFO get_files:scan_sources: tailwindcss_oxide::scanner: Discovering "C:\\Users\\user1\\Documents\\GitHub\\tcl-1.0\\.github\\workflows"
2026-03-09T07:05:10.997875Z  INFO get_files:scan_sources: tailwindcss_oxide::scanner: Discovering "C:\\Users\\user1\\Documents\\GitHub\\tcl-1.0\\drizzle"
2026-03-09T07:05:10.998477Z  INFO get_files:scan_sources: tailwindcss_oxide::scanner: Discovering "C:\\Users\\user1\\Documents\\GitHub\\tcl-1.0\\drizzle\\meta"
2026-03-09T07:05:11.000282Z  INFO get_files:scan_sources: tailwindcss_oxide::scanner: Discovering "C:\\Users\\user1\\Documents\\GitHub\\tcl-1.0\\public"
2026-03-09T07:05:11.001062Z  INFO get_files:scan_sources: tailwindcss_oxide::scanner: Discovering "C:\\Users\\user1\\Documents\\GitHub\\tcl-1.0\\public\\home_trusted_Logo"
2026-03-09T07:05:11.001664Z  INFO get_files:scan_sources: tailwindcss_oxide::scanner: Discovering "C:\\Users\\user1\\Documents\\GitHub\\tcl-1.0\\public\\images"
2026-03-09T07:05:11.002172Z  INFO get_files:scan_sources: tailwindcss_oxide::scanner: Discovering "C:\\Users\\user1\\Documents\\GitHub\\tcl-1.0\\public\\images\\employers"
2026-03-09T07:05:11.002620Z  INFO get_files:scan_sources: tailwindcss_oxide::scanner: Discovering "C:\\Users\\user1\\Documents\\GitHub\\tcl-1.0\\public\\images\\employers\\tools"
2026-03-09T07:05:11.003655Z  INFO get_files:scan_sources: tailwindcss_oxide::scanner: Discovering "C:\\Users\\user1\\Documents\\GitHub\\tcl-1.0\\src"
2026-03-09T07:05:11.004119Z  INFO get_files:scan_sources: tailwindcss_oxide::scanner: Discovering "C:\\Users\\user1\\Documents\\GitHub\\tcl-1.0\\src\\actions"
2026-03-09T07:05:11.004964Z  INFO get_files:scan_sources: tailwindcss_oxide::scanner: Discovering "C:\\Users\\user1\\Documents\\GitHub\\tcl-1.0\\src\\app"
2026-03-09T07:05:11.005502Z  INFO get_files:scan_sources: tailwindcss_oxide::scanner: Discovering "C:\\Users\\user1\\Documents\\GitHub\\tcl-1.0\\src\\app\\(employer-dashboard)"
2026-03-09T07:05:11.006071Z  INFO get_files:scan_sources: tailwindcss_oxide::scanner: Discovering "C:\\Users\\user1\\Documents\\GitHub\\tcl-1.0\\src\\app\\(employer-dashboard)\\employer-applications"
2026-03-09T07:05:11.006749Z  INFO get_files:scan_sources: tailwindcss_oxide::scanner: Discovering "C:\\Users\\user1\\Documents\\GitHub\\tcl-1.0\\src\\app\\(employer-dashboard)\\employer-dashboard"
2026-03-09T07:05:11.007291Z  INFO get_files:scan_sources: tailwindcss_oxide::scanner: Discovering "C:\\Users\\user1\\Documents\\GitHub\\tcl-1.0\\src\\app\\(employer-dashboard)\\employer-dashboard\\post-job"
2026-03-09T07:05:11.007986Z  INFO get_files:scan_sources: tailwindcss_oxide::scanner: Discovering "C:\\Users\\user1\\Documents\\GitHub\\tcl-1.0\\src\\app\\(employer-dashboard)\\job-postings"
2026-03-09T07:05:11.008896Z  INFO get_files:scan_sources: tailwindcss_oxide::scanner: Discovering "C:\\Users\\user1\\Documents\\GitHub\\tcl-1.0\\src\\app\\api"
2026-03-09T07:05:11.009438Z  INFO get_files:scan_sources: tailwindcss_oxide::scanner: Discovering "C:\\Users\\user1\\Documents\\GitHub\\tcl-1.0\\src\\app\\api\\auth"
2026-03-09T07:05:11.010019Z  INFO get_files:scan_sources: tailwindcss_oxide::scanner: Discovering "C:\\Users\\user1\\Documents\\GitHub\\tcl-1.0\\src\\app\\api\\auth\\forgot-password"
2026-03-09T07:05:11.011112Z  INFO get_files:scan_sources: tailwindcss_oxide::scanner: Discovering "C:\\Users\\user1\\Documents\\GitHub\\tcl-1.0\\src\\app\\api\\auth\\reset-password"
2026-03-09T07:05:11.012219Z  INFO get_files:scan_sources: tailwindcss_oxide::scanner: Discovering "C:\\Users\\user1\\Documents\\GitHub\\tcl-1.0\\src\\app\\api\\auth\\[...nextauth]"
2026-03-09T07:05:11.013261Z  INFO get_files:scan_sources: tailwindcss_oxide::scanner: Discovering "C:\\Users\\user1\\Documents\\GitHub\\tcl-1.0\\src\\app\\api\\profile"
2026-03-09T07:05:11.013859Z  INFO get_files:scan_sources: tailwindcss_oxide::scanner: Discovering "C:\\Users\\user1\\Documents\\GitHub\\tcl-1.0\\src\\app\\api\\profile\\achievements"
2026-03-09T07:05:11.014685Z  INFO get_files:scan_sources: tailwindcss_oxide::scanner: Discovering "C:\\Users\\user1\\Documents\\GitHub\\tcl-1.0\\src\\app\\api\\profile\\education"
2026-03-09T07:05:11.015332Z  INFO get_files:scan_sources: tailwindcss_oxide::scanner: Discovering "C:\\Users\\user1\\Documents\\GitHub\\tcl-1.0\\src\\app\\api\\profile\\experience"
2026-03-09T07:05:11.016039Z  INFO get_files:scan_sources: tailwindcss_oxide::scanner: Discovering "C:\\Users\\user1\\Documents\\GitHub\\tcl-1.0\\src\\app\\api\\profile\\languages"
2026-03-09T07:05:11.016727Z  INFO get_files:scan_sources: tailwindcss_oxide::scanner: Discovering "C:\\Users\\user1\\Documents\\GitHub\\tcl-1.0\\src\\app\\api\\profile\\projects"
2026-03-09T07:05:11.017465Z  INFO get_files:scan_sources: tailwindcss_oxide::scanner: Discovering "C:\\Users\\user1\\Documents\\GitHub\\tcl-1.0\\src\\app\\api\\profile\\skills"
2026-03-09T07:05:11.018103Z  INFO get_files:scan_sources: tailwindcss_oxide::scanner: Discovering "C:\\Users\\user1\\Documents\\GitHub\\tcl-1.0\\src\\app\\basic-profile"
2026-03-09T07:05:11.018542Z  INFO get_files:scan_sources: tailwindcss_oxide::scanner: Discovering "C:\\Users\\user1\\Documents\\GitHub\\tcl-1.0\\src\\app\\company"
2026-03-09T07:05:11.018856Z  INFO get_files:scan_sources: tailwindcss_oxide::scanner: Discovering "C:\\Users\\user1\\Documents\\GitHub\\tcl-1.0\\src\\app\\company\\[id]"
2026-03-09T07:05:11.019423Z  INFO get_files:scan_sources: tailwindcss_oxide::scanner: Discovering "C:\\Users\\user1\\Documents\\GitHub\\tcl-1.0\\src\\app\\detailed-seeker-profile"
2026-03-09T07:05:11.019966Z  INFO get_files:scan_sources: tailwindcss_oxide::scanner: Discovering "C:\\Users\\user1\\Documents\\GitHub\\tcl-1.0\\src\\app\\employers"
2026-03-09T07:05:11.020311Z  INFO get_files:scan_sources: tailwindcss_oxide::scanner: Discovering "C:\\Users\\user1\\Documents\\GitHub\\tcl-1.0\\src\\app\\employers\\client-registration"
2026-03-09T07:05:11.020966Z  INFO get_files:scan_sources: tailwindcss_oxide::scanner: Discovering "C:\\Users\\user1\\Documents\\GitHub\\tcl-1.0\\src\\app\\forgot-password"
2026-03-09T07:05:11.021840Z  INFO get_files:scan_sources: tailwindcss_oxide::scanner: Discovering "C:\\Users\\user1\\Documents\\GitHub\\tcl-1.0\\src\\app\\job"
2026-03-09T07:05:11.022361Z  INFO get_files:scan_sources: tailwindcss_oxide::scanner: Discovering "C:\\Users\\user1\\Documents\\GitHub\\tcl-1.0\\src\\app\\job\\[id]"
2026-03-09T07:05:11.023192Z  INFO get_files:scan_sources: tailwindcss_oxide::scanner: Discovering "C:\\Users\\user1\\Documents\\GitHub\\tcl-1.0\\src\\app\\login"
2026-03-09T07:05:11.023956Z  INFO get_files:scan_sources: tailwindcss_oxide::scanner: Discovering "C:\\Users\\user1\\Documents\\GitHub\\tcl-1.0\\src\\app\\onboarding"
2026-03-09T07:05:11.024596Z  INFO get_files:scan_sources: tailwindcss_oxide::scanner: Discovering "C:\\Users\\user1\\Documents\\GitHub\\tcl-1.0\\src\\app\\onboarding\\education"
2026-03-09T07:05:11.026773Z  INFO get_files:scan_sources: tailwindcss_oxide::scanner: Discovering "C:\\Users\\user1\\Documents\\GitHub\\tcl-1.0\\src\\app\\onboarding\\employment"
2026-03-09T07:05:11.029151Z  INFO get_files:scan_sources: tailwindcss_oxide::scanner: Discovering "C:\\Users\\user1\\Documents\\GitHub\\tcl-1.0\\src\\app\\onboarding\\preferences"
2026-03-09T07:05:11.030472Z  INFO get_files:scan_sources: tailwindcss_oxide::scanner: Discovering "C:\\Users\\user1\\Documents\\GitHub\\tcl-1.0\\src\\app\\register"
2026-03-09T07:05:11.031236Z  INFO get_files:scan_sources: tailwindcss_oxide::scanner: Discovering "C:\\Users\\user1\\Documents\\GitHub\\tcl-1.0\\src\\app\\reset-password"
2026-03-09T07:05:11.031868Z  INFO get_files:scan_sources: tailwindcss_oxide::scanner: Discovering "C:\\Users\\user1\\Documents\\GitHub\\tcl-1.0\\src\\app\\reset-password\\[token]"
2026-03-09T07:05:11.032625Z  INFO get_files:scan_sources: tailwindcss_oxide::scanner: Discovering "C:\\Users\\user1\\Documents\\GitHub\\tcl-1.0\\src\\app\\search"
2026-03-09T07:05:11.033449Z  INFO get_files:scan_sources: tailwindcss_oxide::scanner: Discovering "C:\\Users\\user1\\Documents\\GitHub\\tcl-1.0\\src\\app\\seeker"
2026-03-09T07:05:11.034134Z  INFO get_files:scan_sources: tailwindcss_oxide::scanner: Discovering "C:\\Users\\user1\\Documents\\GitHub\\tcl-1.0\\src\\app\\seeker\\dashboard"
2026-03-09T07:05:11.034858Z  INFO get_files:scan_sources: tailwindcss_oxide::scanner: Discovering "C:\\Users\\user1\\Documents\\GitHub\\tcl-1.0\\src\\app\\seeker\\profile"
2026-03-09T07:05:11.035574Z  INFO get_files:scan_sources: tailwindcss_oxide::scanner: Discovering "C:\\Users\\user1\\Documents\\GitHub\\tcl-1.0\\src\\app\\user-applications"
2026-03-09T07:05:11.036374Z  INFO get_files:scan_sources: tailwindcss_oxide::scanner: Discovering "C:\\Users\\user1\\Documents\\GitHub\\tcl-1.0\\src\\components"
2026-03-09T07:05:11.036919Z  INFO get_files:scan_sources: tailwindcss_oxide::scanner: Discovering "C:\\Users\\user1\\Documents\\GitHub\\tcl-1.0\\src\\components\\auth"
2026-03-09T07:05:11.038320Z  INFO get_files:scan_sources: tailwindcss_oxide::scanner: Discovering "C:\\Users\\user1\\Documents\\GitHub\\tcl-1.0\\src\\components\\company"
2026-03-09T07:05:11.039621Z  INFO get_files:scan_sources: tailwindcss_oxide::scanner: Discovering "C:\\Users\\user1\\Documents\\GitHub\\tcl-1.0\\src\\components\\dashboard"
2026-03-09T07:05:11.040911Z  INFO get_files:scan_sources: tailwindcss_oxide::scanner: Discovering "C:\\Users\\user1\\Documents\\GitHub\\tcl-1.0\\src\\components\\employer"
2026-03-09T07:05:11.041725Z  INFO get_files:scan_sources: tailwindcss_oxide::scanner: Discovering "C:\\Users\\user1\\Documents\\GitHub\\tcl-1.0\\src\\components\\employer-application"
2026-03-09T07:05:11.043347Z  INFO get_files:scan_sources: tailwindcss_oxide::scanner: Discovering "C:\\Users\\user1\\Documents\\GitHub\\tcl-1.0\\src\\components\\employer-dashboard"
2026-03-09T07:05:11.044903Z  INFO get_files:scan_sources: tailwindcss_oxide::scanner: Discovering "C:\\Users\\user1\\Documents\\GitHub\\tcl-1.0\\src\\components\\employers"
2026-03-09T07:05:11.045983Z  INFO get_files:scan_sources: tailwindcss_oxide::scanner: Discovering "C:\\Users\\user1\\Documents\\GitHub\\tcl-1.0\\src\\components\\home"
2026-03-09T07:05:11.047201Z  INFO get_files:scan_sources: tailwindcss_oxide::scanner: Discovering "C:\\Users\\user1\\Documents\\GitHub\\tcl-1.0\\src\\components\\job-posting"
2026-03-09T07:05:11.048310Z  INFO get_files:scan_sources: tailwindcss_oxide::scanner: Discovering "C:\\Users\\user1\\Documents\\GitHub\\tcl-1.0\\src\\components\\layout"
2026-03-09T07:05:11.049848Z  INFO get_files:scan_sources: tailwindcss_oxide::scanner: Discovering "C:\\Users\\user1\\Documents\\GitHub\\tcl-1.0\\src\\components\\onboarding"
2026-03-09T07:05:11.050795Z  INFO get_files:scan_sources: tailwindcss_oxide::scanner: Discovering "C:\\Users\\user1\\Documents\\GitHub\\tcl-1.0\\src\\components\\profile"
2026-03-09T07:05:11.051934Z  INFO get_files:scan_sources: tailwindcss_oxide::scanner: Discovering "C:\\Users\\user1\\Documents\\GitHub\\tcl-1.0\\src\\components\\profile\\sections"
2026-03-09T07:05:11.053372Z  INFO get_files:scan_sources: tailwindcss_oxide::scanner: Discovering "C:\\Users\\user1\\Documents\\GitHub\\tcl-1.0\\src\\components\\profile\\smart"
2026-03-09T07:05:11.053981Z  INFO get_files:scan_sources: tailwindcss_oxide::scanner: Discovering "C:\\Users\\user1\\Documents\\GitHub\\tcl-1.0\\src\\components\\profile\\wizard"
2026-03-09T07:05:11.054491Z  INFO get_files:scan_sources: tailwindcss_oxide::scanner: Discovering "C:\\Users\\user1\\Documents\\GitHub\\tcl-1.0\\src\\components\\profile\\wizard\\steps"
2026-03-09T07:05:11.055387Z  INFO get_files:scan_sources: tailwindcss_oxide::scanner: Discovering "C:\\Users\\user1\\Documents\\GitHub\\tcl-1.0\\src\\components\\search"
2026-03-09T07:05:11.055849Z  INFO get_files:scan_sources: tailwindcss_oxide::scanner: Discovering "C:\\Users\\user1\\Documents\\GitHub\\tcl-1.0\\src\\components\\seeker"
2026-03-09T07:05:11.056235Z  INFO get_files:scan_sources: tailwindcss_oxide::scanner: Discovering "C:\\Users\\user1\\Documents\\GitHub\\tcl-1.0\\src\\components\\seeker\\profile"
2026-03-09T07:05:11.056622Z  INFO get_files:scan_sources: tailwindcss_oxide::scanner: Discovering "C:\\Users\\user1\\Documents\\GitHub\\tcl-1.0\\src\\components\\seeker\\profile\\modals"
2026-03-09T07:05:11.058295Z  INFO get_files:scan_sources: tailwindcss_oxide::scanner: Discovering "C:\\Users\\user1\\Documents\\GitHub\\tcl-1.0\\src\\components\\seeker\\profile\\sections"
2026-03-09T07:05:11.064800Z  INFO get_files:scan_sources: tailwindcss_oxide::scanner: Discovering "C:\\Users\\user1\\Documents\\GitHub\\tcl-1.0\\src\\components\\ui"
2026-03-09T07:05:11.065674Z  INFO get_files:scan_sources: tailwindcss_oxide::scanner: Discovering "C:\\Users\\user1\\Documents\\GitHub\\tcl-1.0\\src\\components\\user-applications"
2026-03-09T07:05:11.066704Z  INFO get_files:scan_sources: tailwindcss_oxide::scanner: Discovering "C:\\Users\\user1\\Documents\\GitHub\\tcl-1.0\\src\\data"
2026-03-09T07:05:11.067325Z  INFO get_files:scan_sources: tailwindcss_oxide::scanner: Discovering "C:\\Users\\user1\\Documents\\GitHub\\tcl-1.0\\src\\hooks"
2026-03-09T07:05:11.067775Z  INFO get_files:scan_sources: tailwindcss_oxide::scanner: Discovering "C:\\Users\\user1\\Documents\\GitHub\\tcl-1.0\\src\\lib"
2026-03-09T07:05:11.068087Z  INFO get_files:scan_sources: tailwindcss_oxide::scanner: Discovering "C:\\Users\\user1\\Documents\\GitHub\\tcl-1.0\\src\\lib\\db"
2026-03-09T07:05:11.068871Z  INFO get_files:scan_sources: tailwindcss_oxide::scanner: Discovering "C:\\Users\\user1\\Documents\\GitHub\\tcl-1.0\\src\\lib\\email"
2026-03-09T07:05:11.069851Z  INFO get_files:scan_sources: tailwindcss_oxide::scanner: Discovering "C:\\Users\\user1\\Documents\\GitHub\\tcl-1.0\\src\\lib\\validation"
2026-03-09T07:05:11.070724Z  INFO get_files:scan_sources: tailwindcss_oxide::scanner: Discovering "C:\\Users\\user1\\Documents\\GitHub\\tcl-1.0\\src\\types"
2026-03-09T07:05:11.071672Z  INFO get_files:scan_sources: tailwindcss_oxide::scanner: exit
2026-03-09T07:05:11.071927Z  INFO get_files: tailwindcss_oxide::scanner: exit
2026-03-09T07:05:11.075343Z  INFO get_globs: tailwindcss_oxide::scanner: enter
2026-03-09T07:05:11.075450Z  INFO get_globs:scan_sources: tailwindcss_oxide::scanner: enter
2026-03-09T07:05:11.080139Z  INFO get_globs:scan_sources: tailwindcss_oxide::scanner: Discovering "C:\\Users\\user1\\Documents\\GitHub\\tcl-1.0\\.github"
2026-03-09T07:05:11.080851Z  INFO get_globs:scan_sources: tailwindcss_oxide::scanner: Discovering "C:\\Users\\user1\\Documents\\GitHub\\tcl-1.0\\.github\\workflows"
2026-03-09T07:05:11.082618Z  INFO get_globs:scan_sources: tailwindcss_oxide::scanner: Discovering "C:\\Users\\user1\\Documents\\GitHub\\tcl-1.0\\drizzle"
2026-03-09T07:05:11.083424Z  INFO get_globs:scan_sources: tailwindcss_oxide::scanner: Discovering "C:\\Users\\user1\\Documents\\GitHub\\tcl-1.0\\drizzle\\meta"
2026-03-09T07:05:11.085943Z  INFO get_globs:scan_sources: tailwindcss_oxide::scanner: Discovering "C:\\Users\\user1\\Documents\\GitHub\\tcl-1.0\\public"
2026-03-09T07:05:11.087032Z  INFO get_globs:scan_sources: tailwindcss_oxide::scanner: Discovering "C:\\Users\\user1\\Documents\\GitHub\\tcl-1.0\\public\\home_trusted_Logo"
2026-03-09T07:05:11.087777Z  INFO get_globs:scan_sources: tailwindcss_oxide::scanner: Discovering "C:\\Users\\user1\\Documents\\GitHub\\tcl-1.0\\public\\images"
2026-03-09T07:05:11.088336Z  INFO get_globs:scan_sources: tailwindcss_oxide::scanner: Discovering "C:\\Users\\user1\\Documents\\GitHub\\tcl-1.0\\public\\images\\employers"
2026-03-09T07:05:11.088896Z  INFO get_globs:scan_sources: tailwindcss_oxide::scanner: Discovering "C:\\Users\\user1\\Documents\\GitHub\\tcl-1.0\\public\\images\\employers\\tools"
2026-03-09T07:05:11.090255Z  INFO get_globs:scan_sources: tailwindcss_oxide::scanner: Discovering "C:\\Users\\user1\\Documents\\GitHub\\tcl-1.0\\src"
2026-03-09T07:05:11.090764Z  INFO get_globs:scan_sources: tailwindcss_oxide::scanner: Discovering "C:\\Users\\user1\\Documents\\GitHub\\tcl-1.0\\src\\actions"
2026-03-09T07:05:11.091704Z  INFO get_globs:scan_sources: tailwindcss_oxide::scanner: Discovering "C:\\Users\\user1\\Documents\\GitHub\\tcl-1.0\\src\\app"
2026-03-09T07:05:11.092719Z  INFO get_globs:scan_sources: tailwindcss_oxide::scanner: Discovering "C:\\Users\\user1\\Documents\\GitHub\\tcl-1.0\\src\\app\\(employer-dashboard)"
2026-03-09T07:05:11.093092Z  INFO get_globs:scan_sources: tailwindcss_oxide::scanner: Discovering "C:\\Users\\user1\\Documents\\GitHub\\tcl-1.0\\src\\app\\(employer-dashboard)\\employer-applications"
2026-03-09T07:05:11.093543Z  INFO get_globs:scan_sources: tailwindcss_oxide::scanner: Discovering "C:\\Users\\user1\\Documents\\GitHub\\tcl-1.0\\src\\app\\(employer-dashboard)\\employer-dashboard"
2026-03-09T07:05:11.093916Z  INFO get_globs:scan_sources: tailwindcss_oxide::scanner: Discovering "C:\\Users\\user1\\Documents\\GitHub\\tcl-1.0\\src\\app\\(employer-dashboard)\\employer-dashboard\\post-job"
2026-03-09T07:05:11.094356Z  INFO get_globs:scan_sources: tailwindcss_oxide::scanner: Discovering "C:\\Users\\user1\\Documents\\GitHub\\tcl-1.0\\src\\app\\(employer-dashboard)\\job-postings"
2026-03-09T07:05:11.094940Z  INFO get_globs:scan_sources: tailwindcss_oxide::scanner: Discovering "C:\\Users\\user1\\Documents\\GitHub\\tcl-1.0\\src\\app\\api"
2026-03-09T07:05:11.095247Z  INFO get_globs:scan_sources: tailwindcss_oxide::scanner: Discovering "C:\\Users\\user1\\Documents\\GitHub\\tcl-1.0\\src\\app\\api\\auth"
2026-03-09T07:05:11.095570Z  INFO get_globs:scan_sources: tailwindcss_oxide::scanner: Discovering "C:\\Users\\user1\\Documents\\GitHub\\tcl-1.0\\src\\app\\api\\auth\\forgot-password"
2026-03-09T07:05:11.095982Z  INFO get_globs:scan_sources: tailwindcss_oxide::scanner: Discovering "C:\\Users\\user1\\Documents\\GitHub\\tcl-1.0\\src\\app\\api\\auth\\reset-password"
2026-03-09T07:05:11.096419Z  INFO get_globs:scan_sources: tailwindcss_oxide::scanner: Discovering "C:\\Users\\user1\\Documents\\GitHub\\tcl-1.0\\src\\app\\api\\auth\\[...nextauth]"
2026-03-09T07:05:11.096871Z  INFO get_globs:scan_sources: tailwindcss_oxide::scanner: Discovering "C:\\Users\\user1\\Documents\\GitHub\\tcl-1.0\\src\\app\\api\\profile"
2026-03-09T07:05:11.097168Z  INFO get_globs:scan_sources: tailwindcss_oxide::scanner: Discovering "C:\\Users\\user1\\Documents\\GitHub\\tcl-1.0\\src\\app\\api\\profile\\achievements"
2026-03-09T07:05:11.097569Z  INFO get_globs:scan_sources: tailwindcss_oxide::scanner: Discovering "C:\\Users\\user1\\Documents\\GitHub\\tcl-1.0\\src\\app\\api\\profile\\education"
2026-03-09T07:05:11.097961Z  INFO get_globs:scan_sources: tailwindcss_oxide::scanner: Discovering "C:\\Users\\user1\\Documents\\GitHub\\tcl-1.0\\src\\app\\api\\profile\\experience"
2026-03-09T07:05:11.098348Z  INFO get_globs:scan_sources: tailwindcss_oxide::scanner: Discovering "C:\\Users\\user1\\Documents\\GitHub\\tcl-1.0\\src\\app\\api\\profile\\languages"
2026-03-09T07:05:11.098730Z  INFO get_globs:scan_sources: tailwindcss_oxide::scanner: Discovering "C:\\Users\\user1\\Documents\\GitHub\\tcl-1.0\\src\\app\\api\\profile\\projects"
2026-03-09T07:05:11.099184Z  INFO get_globs:scan_sources: tailwindcss_oxide::scanner: Discovering "C:\\Users\\user1\\Documents\\GitHub\\tcl-1.0\\src\\app\\api\\profile\\skills"
2026-03-09T07:05:11.099669Z  INFO get_globs:scan_sources: tailwindcss_oxide::scanner: Discovering "C:\\Users\\user1\\Documents\\GitHub\\tcl-1.0\\src\\app\\basic-profile"
2026-03-09T07:05:11.100060Z  INFO get_globs:scan_sources: tailwindcss_oxide::scanner: Discovering "C:\\Users\\user1\\Documents\\GitHub\\tcl-1.0\\src\\app\\company"
2026-03-09T07:05:11.100357Z  INFO get_globs:scan_sources: tailwindcss_oxide::scanner: Discovering "C:\\Users\\user1\\Documents\\GitHub\\tcl-1.0\\src\\app\\company\\[id]"
2026-03-09T07:05:11.100854Z  INFO get_globs:scan_sources: tailwindcss_oxide::scanner: Discovering "C:\\Users\\user1\\Documents\\GitHub\\tcl-1.0\\src\\app\\detailed-seeker-profile"
2026-03-09T07:05:11.101287Z  INFO get_globs:scan_sources: tailwindcss_oxide::scanner: Discovering "C:\\Users\\user1\\Documents\\GitHub\\tcl-1.0\\src\\app\\employers"
2026-03-09T07:05:11.101605Z  INFO get_globs:scan_sources: tailwindcss_oxide::scanner: Discovering "C:\\Users\\user1\\Documents\\GitHub\\tcl-1.0\\src\\app\\employers\\client-registration"
2026-03-09T07:05:11.102115Z  INFO get_globs:scan_sources: tailwindcss_oxide::scanner: Discovering "C:\\Users\\user1\\Documents\\GitHub\\tcl-1.0\\src\\app\\forgot-password"
2026-03-09T07:05:11.102647Z  INFO get_globs:scan_sources: tailwindcss_oxide::scanner: Discovering "C:\\Users\\user1\\Documents\\GitHub\\tcl-1.0\\src\\app\\job"
2026-03-09T07:05:11.102934Z  INFO get_globs:scan_sources: tailwindcss_oxide::scanner: Discovering "C:\\Users\\user1\\Documents\\GitHub\\tcl-1.0\\src\\app\\job\\[id]"
2026-03-09T07:05:11.103392Z  INFO get_globs:scan_sources: tailwindcss_oxide::scanner: Discovering "C:\\Users\\user1\\Documents\\GitHub\\tcl-1.0\\src\\app\\login"
2026-03-09T07:05:11.103785Z  INFO get_globs:scan_sources: tailwindcss_oxide::scanner: Discovering "C:\\Users\\user1\\Documents\\GitHub\\tcl-1.0\\src\\app\\onboarding"
2026-03-09T07:05:11.104075Z  INFO get_globs:scan_sources: tailwindcss_oxide::scanner: Discovering "C:\\Users\\user1\\Documents\\GitHub\\tcl-1.0\\src\\app\\onboarding\\education"
2026-03-09T07:05:11.104683Z  INFO get_globs:scan_sources: tailwindcss_oxide::scanner: Discovering "C:\\Users\\user1\\Documents\\GitHub\\tcl-1.0\\src\\app\\onboarding\\employment"
2026-03-09T07:05:11.105425Z  INFO get_globs:scan_sources: tailwindcss_oxide::scanner: Discovering "C:\\Users\\user1\\Documents\\GitHub\\tcl-1.0\\src\\app\\onboarding\\preferences"
2026-03-09T07:05:11.106131Z  INFO get_globs:scan_sources: tailwindcss_oxide::scanner: Discovering "C:\\Users\\user1\\Documents\\GitHub\\tcl-1.0\\src\\app\\register"
2026-03-09T07:05:11.106605Z  INFO get_globs:scan_sources: tailwindcss_oxide::scanner: Discovering "C:\\Users\\user1\\Documents\\GitHub\\tcl-1.0\\src\\app\\reset-password"
2026-03-09T07:05:11.106964Z  INFO get_globs:scan_sources: tailwindcss_oxide::scanner: Discovering "C:\\Users\\user1\\Documents\\GitHub\\tcl-1.0\\src\\app\\reset-password\\[token]"
2026-03-09T07:05:11.107482Z  INFO get_globs:scan_sources: tailwindcss_oxide::scanner: Discovering "C:\\Users\\user1\\Documents\\GitHub\\tcl-1.0\\src\\app\\search"
2026-03-09T07:05:11.107940Z  INFO get_globs:scan_sources: tailwindcss_oxide::scanner: Discovering "C:\\Users\\user1\\Documents\\GitHub\\tcl-1.0\\src\\app\\seeker"
2026-03-09T07:05:11.108386Z  INFO get_globs:scan_sources: tailwindcss_oxide::scanner: Discovering "C:\\Users\\user1\\Documents\\GitHub\\tcl-1.0\\src\\app\\seeker\\dashboard"
2026-03-09T07:05:11.109106Z  INFO get_globs:scan_sources: tailwindcss_oxide::scanner: Discovering "C:\\Users\\user1\\Documents\\GitHub\\tcl-1.0\\src\\app\\seeker\\profile"
2026-03-09T07:05:11.109711Z  INFO get_globs:scan_sources: tailwindcss_oxide::scanner: Discovering "C:\\Users\\user1\\Documents\\GitHub\\tcl-1.0\\src\\app\\user-applications"
2026-03-09T07:05:11.110286Z  INFO get_globs:scan_sources: tailwindcss_oxide::scanner: Discovering "C:\\Users\\user1\\Documents\\GitHub\\tcl-1.0\\src\\components"
2026-03-09T07:05:11.110666Z  INFO get_globs:scan_sources: tailwindcss_oxide::scanner: Discovering "C:\\Users\\user1\\Documents\\GitHub\\tcl-1.0\\src\\components\\auth"
2026-03-09T07:05:11.111859Z  INFO get_globs:scan_sources: tailwindcss_oxide::scanner: Discovering "C:\\Users\\user1\\Documents\\GitHub\\tcl-1.0\\src\\components\\company"
2026-03-09T07:05:11.112813Z  INFO get_globs:scan_sources: tailwindcss_oxide::scanner: Discovering "C:\\Users\\user1\\Documents\\GitHub\\tcl-1.0\\src\\components\\dashboard"
2026-03-09T07:05:11.113899Z  INFO get_globs:scan_sources: tailwindcss_oxide::scanner: Discovering "C:\\Users\\user1\\Documents\\GitHub\\tcl-1.0\\src\\components\\employer"
2026-03-09T07:05:11.115617Z  INFO get_globs:scan_sources: tailwindcss_oxide::scanner: Discovering "C:\\Users\\user1\\Documents\\GitHub\\tcl-1.0\\src\\components\\employer-application"
2026-03-09T07:05:11.118069Z  INFO get_globs:scan_sources: tailwindcss_oxide::scanner: Discovering "C:\\Users\\user1\\Documents\\GitHub\\tcl-1.0\\src\\components\\employer-dashboard"
2026-03-09T07:05:11.119534Z  INFO get_globs:scan_sources: tailwindcss_oxide::scanner: Discovering "C:\\Users\\user1\\Documents\\GitHub\\tcl-1.0\\src\\components\\employers"
2026-03-09T07:05:11.120612Z  INFO get_globs:scan_sources: tailwindcss_oxide::scanner: Discovering "C:\\Users\\user1\\Documents\\GitHub\\tcl-1.0\\src\\components\\home"
2026-03-09T07:05:11.121658Z  INFO get_globs:scan_sources: tailwindcss_oxide::scanner: Discovering "C:\\Users\\user1\\Documents\\GitHub\\tcl-1.0\\src\\components\\job-posting"
2026-03-09T07:05:11.122634Z  INFO get_globs:scan_sources: tailwindcss_oxide::scanner: Discovering "C:\\Users\\user1\\Documents\\GitHub\\tcl-1.0\\src\\components\\layout"
2026-03-09T07:05:11.124096Z  INFO get_globs:scan_sources: tailwindcss_oxide::scanner: Discovering "C:\\Users\\user1\\Documents\\GitHub\\tcl-1.0\\src\\components\\onboarding"
2026-03-09T07:05:11.127284Z  INFO get_globs:scan_sources: tailwindcss_oxide::scanner: Discovering "C:\\Users\\user1\\Documents\\GitHub\\tcl-1.0\\src\\components\\profile"
2026-03-09T07:05:11.130783Z  INFO get_globs:scan_sources: tailwindcss_oxide::scanner: Discovering "C:\\Users\\user1\\Documents\\GitHub\\tcl-1.0\\src\\components\\profile\\sections"
2026-03-09T07:05:11.133644Z  INFO get_globs:scan_sources: tailwindcss_oxide::scanner: Discovering "C:\\Users\\user1\\Documents\\GitHub\\tcl-1.0\\src\\components\\profile\\smart"
2026-03-09T07:05:11.135385Z  INFO get_globs:scan_sources: tailwindcss_oxide::scanner: Discovering "C:\\Users\\user1\\Documents\\GitHub\\tcl-1.0\\src\\components\\profile\\wizard"
2026-03-09T07:05:11.136582Z  INFO get_globs:scan_sources: tailwindcss_oxide::scanner: Discovering "C:\\Users\\user1\\Documents\\GitHub\\tcl-1.0\\src\\components\\profile\\wizard\\steps"
2026-03-09T07:05:11.138011Z  INFO get_globs:scan_sources: tailwindcss_oxide::scanner: Discovering "C:\\Users\\user1\\Documents\\GitHub\\tcl-1.0\\src\\components\\search"
2026-03-09T07:05:11.138798Z  INFO get_globs:scan_sources: tailwindcss_oxide::scanner: Discovering "C:\\Users\\user1\\Documents\\GitHub\\tcl-1.0\\src\\components\\seeker"
2026-03-09T07:05:11.139292Z  INFO get_globs:scan_sources: tailwindcss_oxide::scanner: Discovering "C:\\Users\\user1\\Documents\\GitHub\\tcl-1.0\\src\\components\\seeker\\profile"
2026-03-09T07:05:11.139996Z  INFO get_globs:scan_sources: tailwindcss_oxide::scanner: Discovering "C:\\Users\\user1\\Documents\\GitHub\\tcl-1.0\\src\\components\\seeker\\profile\\modals"
2026-03-09T07:05:11.142658Z  INFO get_globs:scan_sources: tailwindcss_oxide::scanner: Discovering "C:\\Users\\user1\\Documents\\GitHub\\tcl-1.0\\src\\components\\seeker\\profile\\sections"
2026-03-09T07:05:11.145357Z  INFO get_globs:scan_sources: tailwindcss_oxide::scanner: Discovering "C:\\Users\\user1\\Documents\\GitHub\\tcl-1.0\\src\\components\\ui"
2026-03-09T07:05:11.147283Z  INFO get_globs:scan_sources: tailwindcss_oxide::scanner: Discovering "C:\\Users\\user1\\Documents\\GitHub\\tcl-1.0\\src\\components\\user-applications"
2026-03-09T07:05:11.149382Z  INFO get_globs:scan_sources: tailwindcss_oxide::scanner: Discovering "C:\\Users\\user1\\Documents\\GitHub\\tcl-1.0\\src\\data"
2026-03-09T07:05:11.150907Z  INFO get_globs:scan_sources: tailwindcss_oxide::scanner: Discovering "C:\\Users\\user1\\Documents\\GitHub\\tcl-1.0\\src\\hooks"
2026-03-09T07:05:11.151711Z  INFO get_globs:scan_sources: tailwindcss_oxide::scanner: Discovering "C:\\Users\\user1\\Documents\\GitHub\\tcl-1.0\\src\\lib"
2026-03-09T07:05:11.152209Z  INFO get_globs:scan_sources: tailwindcss_oxide::scanner: Discovering "C:\\Users\\user1\\Documents\\GitHub\\tcl-1.0\\src\\lib\\db"
2026-03-09T07:05:11.153092Z  INFO get_globs:scan_sources: tailwindcss_oxide::scanner: Discovering "C:\\Users\\user1\\Documents\\GitHub\\tcl-1.0\\src\\lib\\email"
2026-03-09T07:05:11.154410Z  INFO get_globs:scan_sources: tailwindcss_oxide::scanner: Discovering "C:\\Users\\user1\\Documents\\GitHub\\tcl-1.0\\src\\lib\\validation"
2026-03-09T07:05:11.155632Z  INFO get_globs:scan_sources: tailwindcss_oxide::scanner: Discovering "C:\\Users\\user1\\Documents\\GitHub\\tcl-1.0\\src\\types"
2026-03-09T07:05:11.156979Z  INFO get_globs:scan_sources: tailwindcss_oxide::scanner: exit
2026-03-09T07:05:11.206924Z  INFO get_globs: tailwindcss_oxide::scanner: exit
