2026-03-09T07:02:52.719777Z  INFO tailwindcss_oxide::scanner: Provided sources:
2026-03-09T07:02:52.721059Z  INFO tailwindcss_oxide::scanner: Source: PublicSourceEntry { base: "C:\\Users\\user1\\Documents\\GitHub\\tcl-1.0", pattern: "**/*", negated: false }
2026-03-09T07:02:52.723449Z  INFO tailwindcss_oxide::scanner: Optimized sources:
2026-03-09T07:02:52.723530Z  INFO tailwindcss_oxide::scanner: Source: Auto { base: "C:\\Users\\user1\\Documents\\GitHub\\tcl-1.0" }
2026-03-09T07:02:52.754003Z  INFO scan_sources: tailwindcss_oxide::scanner: enter
2026-03-09T07:02:52.770096Z  INFO scan_sources: tailwindcss_oxide::scanner: Discovering "C:\\Users\\user1\\Documents\\GitHub\\tcl-1.0\\.github"
2026-03-09T07:02:52.771048Z  INFO scan_sources: tailwindcss_oxide::scanner: Discovering "C:\\Users\\user1\\Documents\\GitHub\\tcl-1.0\\.github\\CODEOWNERS"
2026-03-09T07:02:52.771479Z  INFO scan_sources: tailwindcss_oxide::scanner: Discovering "C:\\Users\\user1\\Documents\\GitHub\\tcl-1.0\\.github\\workflows"
2026-03-09T07:02:52.772425Z  INFO scan_sources: tailwindcss_oxide::scanner: Discovering "C:\\Users\\user1\\Documents\\GitHub\\tcl-1.0\\.github\\workflows\\ci.yml"
2026-03-09T07:02:52.773749Z  INFO scan_sources: tailwindcss_oxide::scanner: Discovering "C:\\Users\\user1\\Documents\\GitHub\\tcl-1.0\\.github\\workflows\\enforce-merge-chain.yml"
2026-03-09T07:02:52.778465Z  INFO scan_sources: tailwindcss_oxide::scanner: Discovering "C:\\Users\\user1\\Documents\\GitHub\\tcl-1.0\\dashboard_log.txt"
2026-03-09T07:02:52.780663Z  INFO scan_sources: tailwindcss_oxide::scanner: Discovering "C:\\Users\\user1\\Documents\\GitHub\\tcl-1.0\\diff.txt"
2026-03-09T07:02:52.781951Z  INFO scan_sources: tailwindcss_oxide::scanner: Discovering "C:\\Users\\user1\\Documents\\GitHub\\tcl-1.0\\drizzle"
2026-03-09T07:02:52.782627Z  INFO scan_sources: tailwindcss_oxide::scanner: Discovering "C:\\Users\\user1\\Documents\\GitHub\\tcl-1.0\\drizzle\\0000_fine_kang.sql"
2026-03-09T07:02:52.783371Z  INFO scan_sources: tailwindcss_oxide::scanner: Discovering "C:\\Users\\user1\\Documents\\GitHub\\tcl-1.0\\drizzle\\meta"
2026-03-09T07:02:52.784048Z  INFO scan_sources: tailwindcss_oxide::scanner: Discovering "C:\\Users\\user1\\Documents\\GitHub\\tcl-1.0\\drizzle\\meta\\0000_snapshot.json"
2026-03-09T07:02:52.784298Z  INFO scan_sources: tailwindcss_oxide::scanner: Discovering "C:\\Users\\user1\\Documents\\GitHub\\tcl-1.0\\drizzle\\meta\\_journal.json"
2026-03-09T07:02:52.784716Z  INFO scan_sources: tailwindcss_oxide::scanner: Discovering "C:\\Users\\user1\\Documents\\GitHub\\tcl-1.0\\drizzle.config.ts"
2026-03-09T07:02:52.784963Z  INFO scan_sources: tailwindcss_oxide::scanner: Discovering "C:\\Users\\user1\\Documents\\GitHub\\tcl-1.0\\drop_tables.js"
2026-03-09T07:02:52.785210Z  INFO scan_sources: tailwindcss_oxide::scanner: Discovering "C:\\Users\\user1\\Documents\\GitHub\\tcl-1.0\\Employer-dashboard-application.pen"
2026-03-09T07:02:52.786487Z  INFO scan_sources: tailwindcss_oxide::scanner: Discovering "C:\\Users\\user1\\Documents\\GitHub\\tcl-1.0\\eslint.config.mjs"
2026-03-09T07:02:52.786933Z  INFO scan_sources: tailwindcss_oxide::scanner: Discovering "C:\\Users\\user1\\Documents\\GitHub\\tcl-1.0\\fix-db-profile.ts"
2026-03-09T07:02:52.787305Z  INFO scan_sources: tailwindcss_oxide::scanner: Discovering "C:\\Users\\user1\\Documents\\GitHub\\tcl-1.0\\fix-db.ts"
2026-03-09T07:02:52.787533Z  INFO scan_sources: tailwindcss_oxide::scanner: Discovering "C:\\Users\\user1\\Documents\\GitHub\\tcl-1.0\\next.config.ts"
2026-03-09T07:02:52.789136Z  INFO scan_sources: tailwindcss_oxide::scanner: Discovering "C:\\Users\\user1\\Documents\\GitHub\\tcl-1.0\\package.json"
2026-03-09T07:02:52.790423Z  INFO scan_sources: tailwindcss_oxide::scanner: Discovering "C:\\Users\\user1\\Documents\\GitHub\\tcl-1.0\\postcss.config.mjs"
2026-03-09T07:02:52.791451Z  INFO scan_sources: tailwindcss_oxide::scanner: Discovering "C:\\Users\\user1\\Documents\\GitHub\\tcl-1.0\\public"
2026-03-09T07:02:52.791958Z  INFO scan_sources: tailwindcss_oxide::scanner: Discovering "C:\\Users\\user1\\Documents\\GitHub\\tcl-1.0\\public\\favicon.svg"
2026-03-09T07:02:52.792309Z  INFO scan_sources: tailwindcss_oxide::scanner: Discovering "C:\\Users\\user1\\Documents\\GitHub\\tcl-1.0\\public\\file.svg"
2026-03-09T07:02:52.792547Z  INFO scan_sources: tailwindcss_oxide::scanner: Discovering "C:\\Users\\user1\\Documents\\GitHub\\tcl-1.0\\public\\globe.svg"
2026-03-09T07:02:52.792909Z  INFO scan_sources: tailwindcss_oxide::scanner: Discovering "C:\\Users\\user1\\Documents\\GitHub\\tcl-1.0\\public\\home_trusted_Logo"
2026-03-09T07:02:52.793670Z  INFO scan_sources: tailwindcss_oxide::scanner: Discovering "C:\\Users\\user1\\Documents\\GitHub\\tcl-1.0\\public\\images"
2026-03-09T07:02:52.794540Z  INFO scan_sources: tailwindcss_oxide::scanner: Discovering "C:\\Users\\user1\\Documents\\GitHub\\tcl-1.0\\public\\images\\employers"
2026-03-09T07:02:52.796433Z  INFO scan_sources: tailwindcss_oxide::scanner: Discovering "C:\\Users\\user1\\Documents\\GitHub\\tcl-1.0\\public\\images\\employers\\tools"
2026-03-09T07:02:52.797286Z  INFO scan_sources: tailwindcss_oxide::scanner: Discovering "C:\\Users\\user1\\Documents\\GitHub\\tcl-1.0\\public\\next.svg"
2026-03-09T07:02:52.797549Z  INFO scan_sources: tailwindcss_oxide::scanner: Discovering "C:\\Users\\user1\\Documents\\GitHub\\tcl-1.0\\public\\vercel.svg"
2026-03-09T07:02:52.797786Z  INFO scan_sources: tailwindcss_oxide::scanner: Discovering "C:\\Users\\user1\\Documents\\GitHub\\tcl-1.0\\public\\window.svg"
2026-03-09T07:02:52.798098Z  INFO scan_sources: tailwindcss_oxide::scanner: Discovering "C:\\Users\\user1\\Documents\\GitHub\\tcl-1.0\\README.md"
2026-03-09T07:02:52.798451Z  INFO scan_sources: tailwindcss_oxide::scanner: Discovering "C:\\Users\\user1\\Documents\\GitHub\\tcl-1.0\\src"
2026-03-09T07:02:52.800428Z  INFO scan_sources: tailwindcss_oxide::scanner: Discovering "C:\\Users\\user1\\Documents\\GitHub\\tcl-1.0\\src\\actions"
2026-03-09T07:02:52.803490Z  INFO scan_sources: tailwindcss_oxide::scanner: Discovering "C:\\Users\\user1\\Documents\\GitHub\\tcl-1.0\\src\\actions\\auth.actions.ts"
2026-03-09T07:02:52.804071Z  INFO scan_sources: tailwindcss_oxide::scanner: Discovering "C:\\Users\\user1\\Documents\\GitHub\\tcl-1.0\\src\\actions\\employer.actions.ts"
2026-03-09T07:02:52.804361Z  INFO scan_sources: tailwindcss_oxide::scanner: Discovering "C:\\Users\\user1\\Documents\\GitHub\\tcl-1.0\\src\\actions\\job.actions.ts"
2026-03-09T07:02:52.804541Z  INFO scan_sources: tailwindcss_oxide::scanner: Discovering "C:\\Users\\user1\\Documents\\GitHub\\tcl-1.0\\src\\actions\\onboarding.actions.ts"
2026-03-09T07:02:52.804943Z  INFO scan_sources: tailwindcss_oxide::scanner: Discovering "C:\\Users\\user1\\Documents\\GitHub\\tcl-1.0\\src\\app"
2026-03-09T07:02:52.805525Z  INFO scan_sources: tailwindcss_oxide::scanner: Discovering "C:\\Users\\user1\\Documents\\GitHub\\tcl-1.0\\src\\app\\(employer-dashboard)"
2026-03-09T07:02:52.807404Z  INFO scan_sources: tailwindcss_oxide::scanner: Discovering "C:\\Users\\user1\\Documents\\GitHub\\tcl-1.0\\src\\app\\(employer-dashboard)\\employer-applications"
2026-03-09T07:02:52.807839Z  INFO scan_sources: tailwindcss_oxide::scanner: Discovering "C:\\Users\\user1\\Documents\\GitHub\\tcl-1.0\\src\\app\\(employer-dashboard)\\employer-applications\\page.tsx"
2026-03-09T07:02:52.808200Z  INFO scan_sources: tailwindcss_oxide::scanner: Discovering "C:\\Users\\user1\\Documents\\GitHub\\tcl-1.0\\src\\app\\(employer-dashboard)\\employer-dashboard"
2026-03-09T07:02:52.808589Z  INFO scan_sources: tailwindcss_oxide::scanner: Discovering "C:\\Users\\user1\\Documents\\GitHub\\tcl-1.0\\src\\app\\(employer-dashboard)\\employer-dashboard\\page.tsx"
2026-03-09T07:02:52.808886Z  INFO scan_sources: tailwindcss_oxide::scanner: Discovering "C:\\Users\\user1\\Documents\\GitHub\\tcl-1.0\\src\\app\\(employer-dashboard)\\employer-dashboard\\post-job"
2026-03-09T07:02:52.809631Z  INFO scan_sources: tailwindcss_oxide::scanner: Discovering "C:\\Users\\user1\\Documents\\GitHub\\tcl-1.0\\src\\app\\(employer-dashboard)\\employer-dashboard\\post-job\\page.tsx"
2026-03-09T07:02:52.810096Z  INFO scan_sources: tailwindcss_oxide::scanner: Discovering "C:\\Users\\user1\\Documents\\GitHub\\tcl-1.0\\src\\app\\(employer-dashboard)\\job-postings"
2026-03-09T07:02:52.810821Z  INFO scan_sources: tailwindcss_oxide::scanner: Discovering "C:\\Users\\user1\\Documents\\GitHub\\tcl-1.0\\src\\app\\(employer-dashboard)\\job-postings\\page.tsx"
2026-03-09T07:02:52.811540Z  INFO scan_sources: tailwindcss_oxide::scanner: Discovering "C:\\Users\\user1\\Documents\\GitHub\\tcl-1.0\\src\\app\\(employer-dashboard)\\layout.tsx"
2026-03-09T07:02:52.812024Z  INFO scan_sources: tailwindcss_oxide::scanner: Discovering "C:\\Users\\user1\\Documents\\GitHub\\tcl-1.0\\src\\app\\api"
2026-03-09T07:02:52.813004Z  INFO scan_sources: tailwindcss_oxide::scanner: Discovering "C:\\Users\\user1\\Documents\\GitHub\\tcl-1.0\\src\\app\\api\\auth"
2026-03-09T07:02:52.814831Z  INFO scan_sources: tailwindcss_oxide::scanner: Discovering "C:\\Users\\user1\\Documents\\GitHub\\tcl-1.0\\src\\app\\api\\auth\\forgot-password"
2026-03-09T07:02:52.815952Z  INFO scan_sources: tailwindcss_oxide::scanner: Discovering "C:\\Users\\user1\\Documents\\GitHub\\tcl-1.0\\src\\app\\api\\auth\\forgot-password\\route.ts"
2026-03-09T07:02:52.817259Z  INFO scan_sources: tailwindcss_oxide::scanner: Discovering "C:\\Users\\user1\\Documents\\GitHub\\tcl-1.0\\src\\app\\api\\auth\\reset-password"
2026-03-09T07:02:52.817802Z  INFO scan_sources: tailwindcss_oxide::scanner: Discovering "C:\\Users\\user1\\Documents\\GitHub\\tcl-1.0\\src\\app\\api\\auth\\reset-password\\route.ts"
2026-03-09T07:02:52.820265Z  INFO scan_sources: tailwindcss_oxide::scanner: Discovering "C:\\Users\\user1\\Documents\\GitHub\\tcl-1.0\\src\\app\\api\\auth\\[...nextauth]"
2026-03-09T07:02:52.825909Z  INFO scan_sources: tailwindcss_oxide::scanner: Discovering "C:\\Users\\user1\\Documents\\GitHub\\tcl-1.0\\src\\app\\api\\auth\\[...nextauth]\\route.ts"
2026-03-09T07:02:52.826457Z  INFO scan_sources: tailwindcss_oxide::scanner: Discovering "C:\\Users\\user1\\Documents\\GitHub\\tcl-1.0\\src\\app\\api\\profile"
2026-03-09T07:02:52.829754Z  INFO scan_sources: tailwindcss_oxide::scanner: Discovering "C:\\Users\\user1\\Documents\\GitHub\\tcl-1.0\\src\\app\\api\\profile\\achievements"
2026-03-09T07:02:52.830285Z  INFO scan_sources: tailwindcss_oxide::scanner: Discovering "C:\\Users\\user1\\Documents\\GitHub\\tcl-1.0\\src\\app\\api\\profile\\achievements\\route.ts"
2026-03-09T07:02:52.830806Z  INFO scan_sources: tailwindcss_oxide::scanner: Discovering "C:\\Users\\user1\\Documents\\GitHub\\tcl-1.0\\src\\app\\api\\profile\\education"
2026-03-09T07:02:52.831454Z  INFO scan_sources: tailwindcss_oxide::scanner: Discovering "C:\\Users\\user1\\Documents\\GitHub\\tcl-1.0\\src\\app\\api\\profile\\education\\route.ts"
2026-03-09T07:02:52.831955Z  INFO scan_sources: tailwindcss_oxide::scanner: Discovering "C:\\Users\\user1\\Documents\\GitHub\\tcl-1.0\\src\\app\\api\\profile\\experience"
2026-03-09T07:02:52.832522Z  INFO scan_sources: tailwindcss_oxide::scanner: Discovering "C:\\Users\\user1\\Documents\\GitHub\\tcl-1.0\\src\\app\\api\\profile\\experience\\route.ts"
2026-03-09T07:02:52.832984Z  INFO scan_sources: tailwindcss_oxide::scanner: Discovering "C:\\Users\\user1\\Documents\\GitHub\\tcl-1.0\\src\\app\\api\\profile\\languages"
2026-03-09T07:02:52.834170Z  INFO scan_sources: tailwindcss_oxide::scanner: Discovering "C:\\Users\\user1\\Documents\\GitHub\\tcl-1.0\\src\\app\\api\\profile\\languages\\route.ts"
2026-03-09T07:02:52.834613Z  INFO scan_sources: tailwindcss_oxide::scanner: Discovering "C:\\Users\\user1\\Documents\\GitHub\\tcl-1.0\\src\\app\\api\\profile\\projects"
2026-03-09T07:02:52.835123Z  INFO scan_sources: tailwindcss_oxide::scanner: Discovering "C:\\Users\\user1\\Documents\\GitHub\\tcl-1.0\\src\\app\\api\\profile\\projects\\route.ts"
2026-03-09T07:02:52.835451Z  INFO scan_sources: tailwindcss_oxide::scanner: Discovering "C:\\Users\\user1\\Documents\\GitHub\\tcl-1.0\\src\\app\\api\\profile\\route.ts"
2026-03-09T07:02:52.835856Z  INFO scan_sources: tailwindcss_oxide::scanner: Discovering "C:\\Users\\user1\\Documents\\GitHub\\tcl-1.0\\src\\app\\api\\profile\\skills"
2026-03-09T07:02:52.836435Z  INFO scan_sources: tailwindcss_oxide::scanner: Discovering "C:\\Users\\user1\\Documents\\GitHub\\tcl-1.0\\src\\app\\api\\profile\\skills\\route.ts"
2026-03-09T07:02:52.837047Z  INFO scan_sources: tailwindcss_oxide::scanner: Discovering "C:\\Users\\user1\\Documents\\GitHub\\tcl-1.0\\src\\app\\basic-profile"
2026-03-09T07:02:52.837667Z  INFO scan_sources: tailwindcss_oxide::scanner: Discovering "C:\\Users\\user1\\Documents\\GitHub\\tcl-1.0\\src\\app\\basic-profile\\page.tsx"
2026-03-09T07:02:52.838180Z  INFO scan_sources: tailwindcss_oxide::scanner: Discovering "C:\\Users\\user1\\Documents\\GitHub\\tcl-1.0\\src\\app\\company"
2026-03-09T07:02:52.838832Z  INFO scan_sources: tailwindcss_oxide::scanner: Discovering "C:\\Users\\user1\\Documents\\GitHub\\tcl-1.0\\src\\app\\company\\[id]"
2026-03-09T07:02:52.839741Z  INFO scan_sources: tailwindcss_oxide::scanner: Discovering "C:\\Users\\user1\\Documents\\GitHub\\tcl-1.0\\src\\app\\company\\[id]\\page.tsx"
2026-03-09T07:02:52.841446Z  INFO scan_sources: tailwindcss_oxide::scanner: Discovering "C:\\Users\\user1\\Documents\\GitHub\\tcl-1.0\\src\\app\\detailed-seeker-profile"
2026-03-09T07:02:52.845259Z  INFO scan_sources: tailwindcss_oxide::scanner: Discovering "C:\\Users\\user1\\Documents\\GitHub\\tcl-1.0\\src\\app\\detailed-seeker-profile\\page.tsx"
2026-03-09T07:02:52.846135Z  INFO scan_sources: tailwindcss_oxide::scanner: Discovering "C:\\Users\\user1\\Documents\\GitHub\\tcl-1.0\\src\\app\\employers"
2026-03-09T07:02:52.846837Z  INFO scan_sources: tailwindcss_oxide::scanner: Discovering "C:\\Users\\user1\\Documents\\GitHub\\tcl-1.0\\src\\app\\employers\\client-registration"
2026-03-09T07:02:52.847769Z  INFO scan_sources: tailwindcss_oxide::scanner: Discovering "C:\\Users\\user1\\Documents\\GitHub\\tcl-1.0\\src\\app\\employers\\client-registration\\page.tsx"
2026-03-09T07:02:52.848093Z  INFO scan_sources: tailwindcss_oxide::scanner: Discovering "C:\\Users\\user1\\Documents\\GitHub\\tcl-1.0\\src\\app\\employers\\page.tsx"
2026-03-09T07:02:52.848532Z  INFO scan_sources: tailwindcss_oxide::scanner: Discovering "C:\\Users\\user1\\Documents\\GitHub\\tcl-1.0\\src\\app\\forgot-password"
2026-03-09T07:02:52.848994Z  INFO scan_sources: tailwindcss_oxide::scanner: Discovering "C:\\Users\\user1\\Documents\\GitHub\\tcl-1.0\\src\\app\\forgot-password\\page.tsx"
2026-03-09T07:02:52.849461Z  INFO scan_sources: tailwindcss_oxide::scanner: Discovering "C:\\Users\\user1\\Documents\\GitHub\\tcl-1.0\\src\\app\\globals.css"
2026-03-09T07:02:52.849696Z  INFO scan_sources: tailwindcss_oxide::scanner: Discovering "C:\\Users\\user1\\Documents\\GitHub\\tcl-1.0\\src\\app\\icon.svg"
2026-03-09T07:02:52.850027Z  INFO scan_sources: tailwindcss_oxide::scanner: Discovering "C:\\Users\\user1\\Documents\\GitHub\\tcl-1.0\\src\\app\\job"
2026-03-09T07:02:52.850668Z  INFO scan_sources: tailwindcss_oxide::scanner: Discovering "C:\\Users\\user1\\Documents\\GitHub\\tcl-1.0\\src\\app\\job\\[id]"
2026-03-09T07:02:52.851564Z  INFO scan_sources: tailwindcss_oxide::scanner: Discovering "C:\\Users\\user1\\Documents\\GitHub\\tcl-1.0\\src\\app\\job\\[id]\\page.tsx"
2026-03-09T07:02:52.852103Z  INFO scan_sources: tailwindcss_oxide::scanner: Discovering "C:\\Users\\user1\\Documents\\GitHub\\tcl-1.0\\src\\app\\layout.tsx"
2026-03-09T07:02:52.852589Z  INFO scan_sources: tailwindcss_oxide::scanner: Discovering "C:\\Users\\user1\\Documents\\GitHub\\tcl-1.0\\src\\app\\login"
2026-03-09T07:02:52.853059Z  INFO scan_sources: tailwindcss_oxide::scanner: Discovering "C:\\Users\\user1\\Documents\\GitHub\\tcl-1.0\\src\\app\\login\\page.tsx"
2026-03-09T07:02:52.854127Z  INFO scan_sources: tailwindcss_oxide::scanner: Discovering "C:\\Users\\user1\\Documents\\GitHub\\tcl-1.0\\src\\app\\onboarding"
2026-03-09T07:02:52.854796Z  INFO scan_sources: tailwindcss_oxide::scanner: Discovering "C:\\Users\\user1\\Documents\\GitHub\\tcl-1.0\\src\\app\\onboarding\\education"
2026-03-09T07:02:52.855274Z  INFO scan_sources: tailwindcss_oxide::scanner: Discovering "C:\\Users\\user1\\Documents\\GitHub\\tcl-1.0\\src\\app\\onboarding\\education\\page.tsx"
2026-03-09T07:02:52.855929Z  INFO scan_sources: tailwindcss_oxide::scanner: Discovering "C:\\Users\\user1\\Documents\\GitHub\\tcl-1.0\\src\\app\\onboarding\\employment"
2026-03-09T07:02:52.856406Z  INFO scan_sources: tailwindcss_oxide::scanner: Discovering "C:\\Users\\user1\\Documents\\GitHub\\tcl-1.0\\src\\app\\onboarding\\employment\\page.tsx"
2026-03-09T07:02:52.856742Z  INFO scan_sources: tailwindcss_oxide::scanner: Discovering "C:\\Users\\user1\\Documents\\GitHub\\tcl-1.0\\src\\app\\onboarding\\layout.tsx"
2026-03-09T07:02:52.856934Z  INFO scan_sources: tailwindcss_oxide::scanner: Discovering "C:\\Users\\user1\\Documents\\GitHub\\tcl-1.0\\src\\app\\onboarding\\page.tsx"
2026-03-09T07:02:52.857255Z  INFO scan_sources: tailwindcss_oxide::scanner: Discovering "C:\\Users\\user1\\Documents\\GitHub\\tcl-1.0\\src\\app\\onboarding\\preferences"
2026-03-09T07:02:52.857777Z  INFO scan_sources: tailwindcss_oxide::scanner: Discovering "C:\\Users\\user1\\Documents\\GitHub\\tcl-1.0\\src\\app\\onboarding\\preferences\\page.tsx"
2026-03-09T07:02:52.858117Z  INFO scan_sources: tailwindcss_oxide::scanner: Discovering "C:\\Users\\user1\\Documents\\GitHub\\tcl-1.0\\src\\app\\page.tsx"
2026-03-09T07:02:52.858408Z  INFO scan_sources: tailwindcss_oxide::scanner: Discovering "C:\\Users\\user1\\Documents\\GitHub\\tcl-1.0\\src\\app\\register"
2026-03-09T07:02:52.858844Z  INFO scan_sources: tailwindcss_oxide::scanner: Discovering "C:\\Users\\user1\\Documents\\GitHub\\tcl-1.0\\src\\app\\register\\page.tsx"
2026-03-09T07:02:52.859251Z  INFO scan_sources: tailwindcss_oxide::scanner: Discovering "C:\\Users\\user1\\Documents\\GitHub\\tcl-1.0\\src\\app\\reset-password"
2026-03-09T07:02:52.859891Z  INFO scan_sources: tailwindcss_oxide::scanner: Discovering "C:\\Users\\user1\\Documents\\GitHub\\tcl-1.0\\src\\app\\reset-password\\[token]"
2026-03-09T07:02:52.860348Z  INFO scan_sources: tailwindcss_oxide::scanner: Discovering "C:\\Users\\user1\\Documents\\GitHub\\tcl-1.0\\src\\app\\reset-password\\[token]\\page.tsx"
2026-03-09T07:02:52.860843Z  INFO scan_sources: tailwindcss_oxide::scanner: Discovering "C:\\Users\\user1\\Documents\\GitHub\\tcl-1.0\\src\\app\\search"
2026-03-09T07:02:52.861375Z  INFO scan_sources: tailwindcss_oxide::scanner: Discovering "C:\\Users\\user1\\Documents\\GitHub\\tcl-1.0\\src\\app\\search\\page.tsx"
2026-03-09T07:02:52.861812Z  INFO scan_sources: tailwindcss_oxide::scanner: Discovering "C:\\Users\\user1\\Documents\\GitHub\\tcl-1.0\\src\\app\\seeker"
2026-03-09T07:02:52.862383Z  INFO scan_sources: tailwindcss_oxide::scanner: Discovering "C:\\Users\\user1\\Documents\\GitHub\\tcl-1.0\\src\\app\\seeker\\dashboard"
2026-03-09T07:02:52.862929Z  INFO scan_sources: tailwindcss_oxide::scanner: Discovering "C:\\Users\\user1\\Documents\\GitHub\\tcl-1.0\\src\\app\\seeker\\dashboard\\page.tsx"
2026-03-09T07:02:52.863143Z  INFO scan_sources: tailwindcss_oxide::scanner: Discovering "C:\\Users\\user1\\Documents\\GitHub\\tcl-1.0\\src\\app\\seeker\\dashboard\\UserDashboardClient.tsx"
2026-03-09T07:02:52.863607Z  INFO scan_sources: tailwindcss_oxide::scanner: Discovering "C:\\Users\\user1\\Documents\\GitHub\\tcl-1.0\\src\\app\\seeker\\profile"
2026-03-09T07:02:52.864077Z  INFO scan_sources: tailwindcss_oxide::scanner: Discovering "C:\\Users\\user1\\Documents\\GitHub\\tcl-1.0\\src\\app\\seeker\\profile\\page.tsx"
2026-03-09T07:02:52.864588Z  INFO scan_sources: tailwindcss_oxide::scanner: Discovering "C:\\Users\\user1\\Documents\\GitHub\\tcl-1.0\\src\\app\\user-applications"
2026-03-09T07:02:52.865073Z  INFO scan_sources: tailwindcss_oxide::scanner: Discovering "C:\\Users\\user1\\Documents\\GitHub\\tcl-1.0\\src\\app\\user-applications\\page.tsx"
2026-03-09T07:02:52.867146Z  INFO scan_sources: tailwindcss_oxide::scanner: Discovering "C:\\Users\\user1\\Documents\\GitHub\\tcl-1.0\\src\\auth.ts"
2026-03-09T07:02:52.867578Z  INFO scan_sources: tailwindcss_oxide::scanner: Discovering "C:\\Users\\user1\\Documents\\GitHub\\tcl-1.0\\src\\components"
2026-03-09T07:02:52.868252Z  INFO scan_sources: tailwindcss_oxide::scanner: Discovering "C:\\Users\\user1\\Documents\\GitHub\\tcl-1.0\\src\\components\\auth"
2026-03-09T07:02:52.869517Z  INFO scan_sources: tailwindcss_oxide::scanner: Discovering "C:\\Users\\user1\\Documents\\GitHub\\tcl-1.0\\src\\components\\auth\\AuthCard.tsx"
2026-03-09T07:02:52.869825Z  INFO scan_sources: tailwindcss_oxide::scanner: Discovering "C:\\Users\\user1\\Documents\\GitHub\\tcl-1.0\\src\\components\\auth\\AuthModal.tsx"
2026-03-09T07:02:52.870012Z  INFO scan_sources: tailwindcss_oxide::scanner: Discovering "C:\\Users\\user1\\Documents\\GitHub\\tcl-1.0\\src\\components\\auth\\EmployerAuthModal.tsx"
2026-03-09T07:02:52.870188Z  INFO scan_sources: tailwindcss_oxide::scanner: Discovering "C:\\Users\\user1\\Documents\\GitHub\\tcl-1.0\\src\\components\\auth\\ForgotPasswordForm.tsx"
2026-03-09T07:02:52.870362Z  INFO scan_sources: tailwindcss_oxide::scanner: Discovering "C:\\Users\\user1\\Documents\\GitHub\\tcl-1.0\\src\\components\\auth\\LoginForm.tsx"
2026-03-09T07:02:52.870531Z  INFO scan_sources: tailwindcss_oxide::scanner: Discovering "C:\\Users\\user1\\Documents\\GitHub\\tcl-1.0\\src\\components\\auth\\RegisterForm.tsx"
2026-03-09T07:02:52.870707Z  INFO scan_sources: tailwindcss_oxide::scanner: Discovering "C:\\Users\\user1\\Documents\\GitHub\\tcl-1.0\\src\\components\\auth\\RegistrationJourneyIllustration.tsx"
2026-03-09T07:02:52.871542Z  INFO scan_sources: tailwindcss_oxide::scanner: Discovering "C:\\Users\\user1\\Documents\\GitHub\\tcl-1.0\\src\\components\\auth\\ResetPasswordForm.tsx"
2026-03-09T07:02:52.871808Z  INFO scan_sources: tailwindcss_oxide::scanner: Discovering "C:\\Users\\user1\\Documents\\GitHub\\tcl-1.0\\src\\components\\auth\\SeekerRegisterForm.tsx"
2026-03-09T07:02:52.872026Z  INFO scan_sources: tailwindcss_oxide::scanner: Discovering "C:\\Users\\user1\\Documents\\GitHub\\tcl-1.0\\src\\components\\auth\\SessionProvider.tsx"
2026-03-09T07:02:52.872500Z  INFO scan_sources: tailwindcss_oxide::scanner: Discovering "C:\\Users\\user1\\Documents\\GitHub\\tcl-1.0\\src\\components\\company"
2026-03-09T07:02:52.874351Z  INFO scan_sources: tailwindcss_oxide::scanner: Discovering "C:\\Users\\user1\\Documents\\GitHub\\tcl-1.0\\src\\components\\company\\AboutSection.tsx"
2026-03-09T07:02:52.874564Z  INFO scan_sources: tailwindcss_oxide::scanner: Discovering "C:\\Users\\user1\\Documents\\GitHub\\tcl-1.0\\src\\components\\company\\CompanyHero.tsx"
2026-03-09T07:02:52.874743Z  INFO scan_sources: tailwindcss_oxide::scanner: Discovering "C:\\Users\\user1\\Documents\\GitHub\\tcl-1.0\\src\\components\\company\\CompanySidebar.tsx"
2026-03-09T07:02:52.875876Z  INFO scan_sources: tailwindcss_oxide::scanner: Discovering "C:\\Users\\user1\\Documents\\GitHub\\tcl-1.0\\src\\components\\company\\CultureGrid.tsx"
2026-03-09T07:02:52.876088Z  INFO scan_sources: tailwindcss_oxide::scanner: Discovering "C:\\Users\\user1\\Documents\\GitHub\\tcl-1.0\\src\\components\\company\\LocationSection.tsx"
2026-03-09T07:02:52.876271Z  INFO scan_sources: tailwindcss_oxide::scanner: Discovering "C:\\Users\\user1\\Documents\\GitHub\\tcl-1.0\\src\\components\\company\\OpenRolesList.tsx"
2026-03-09T07:02:52.876453Z  INFO scan_sources: tailwindcss_oxide::scanner: Discovering "C:\\Users\\user1\\Documents\\GitHub\\tcl-1.0\\src\\components\\company\\PerksSection.tsx"
2026-03-09T07:02:52.876635Z  INFO scan_sources: tailwindcss_oxide::scanner: Discovering "C:\\Users\\user1\\Documents\\GitHub\\tcl-1.0\\src\\components\\company\\StatsSection.tsx"
2026-03-09T07:02:52.877060Z  INFO scan_sources: tailwindcss_oxide::scanner: Discovering "C:\\Users\\user1\\Documents\\GitHub\\tcl-1.0\\src\\components\\dashboard"
2026-03-09T07:02:52.877811Z  INFO scan_sources: tailwindcss_oxide::scanner: Discovering "C:\\Users\\user1\\Documents\\GitHub\\tcl-1.0\\src\\components\\dashboard\\DashboardBlogSection.tsx"
2026-03-09T07:02:52.878028Z  INFO scan_sources: tailwindcss_oxide::scanner: Discovering "C:\\Users\\user1\\Documents\\GitHub\\tcl-1.0\\src\\components\\dashboard\\DashboardJobCard.tsx"
2026-03-09T07:02:52.878220Z  INFO scan_sources: tailwindcss_oxide::scanner: Discovering "C:\\Users\\user1\\Documents\\GitHub\\tcl-1.0\\src\\components\\dashboard\\MobileComponents.tsx"
2026-03-09T07:02:52.878425Z  INFO scan_sources: tailwindcss_oxide::scanner: Discovering "C:\\Users\\user1\\Documents\\GitHub\\tcl-1.0\\src\\components\\dashboard\\ProfileSidebar.tsx"
2026-03-09T07:02:52.878611Z  INFO scan_sources: tailwindcss_oxide::scanner: Discovering "C:\\Users\\user1\\Documents\\GitHub\\tcl-1.0\\src\\components\\dashboard\\RightSidebar.tsx"
2026-03-09T07:02:52.878782Z  INFO scan_sources: tailwindcss_oxide::scanner: Discovering "C:\\Users\\user1\\Documents\\GitHub\\tcl-1.0\\src\\components\\dashboard\\SidebarNav.tsx"
2026-03-09T07:02:52.879002Z  INFO scan_sources: tailwindcss_oxide::scanner: Discovering "C:\\Users\\user1\\Documents\\GitHub\\tcl-1.0\\src\\components\\dashboard\\StatsWidget.tsx"
2026-03-09T07:02:52.879227Z  INFO scan_sources: tailwindcss_oxide::scanner: Discovering "C:\\Users\\user1\\Documents\\GitHub\\tcl-1.0\\src\\components\\dashboard\\UpgradeBanner.tsx"
2026-03-09T07:02:52.880047Z  INFO scan_sources: tailwindcss_oxide::scanner: Discovering "C:\\Users\\user1\\Documents\\GitHub\\tcl-1.0\\src\\components\\employer"
2026-03-09T07:02:52.880571Z  INFO scan_sources: tailwindcss_oxide::scanner: Discovering "C:\\Users\\user1\\Documents\\GitHub\\tcl-1.0\\src\\components\\employer\\EmployerFooter.tsx"
2026-03-09T07:02:52.880797Z  INFO scan_sources: tailwindcss_oxide::scanner: Discovering "C:\\Users\\user1\\Documents\\GitHub\\tcl-1.0\\src\\components\\employer\\EmployerNavbar.tsx"
2026-03-09T07:02:52.881321Z  INFO scan_sources: tailwindcss_oxide::scanner: Discovering "C:\\Users\\user1\\Documents\\GitHub\\tcl-1.0\\src\\components\\employer-application"
2026-03-09T07:02:52.881933Z  INFO scan_sources: tailwindcss_oxide::scanner: Discovering "C:\\Users\\user1\\Documents\\GitHub\\tcl-1.0\\src\\components\\employer-application\\ActiveJobsStrip.tsx"
2026-03-09T07:02:52.882152Z  INFO scan_sources: tailwindcss_oxide::scanner: Discovering "C:\\Users\\user1\\Documents\\GitHub\\tcl-1.0\\src\\components\\employer-application\\applicantsData.ts"
2026-03-09T07:02:52.882355Z  INFO scan_sources: tailwindcss_oxide::scanner: Discovering "C:\\Users\\user1\\Documents\\GitHub\\tcl-1.0\\src\\components\\employer-application\\ApplicantsTable.tsx"
2026-03-09T07:02:52.882553Z  INFO scan_sources: tailwindcss_oxide::scanner: Discovering "C:\\Users\\user1\\Documents\\GitHub\\tcl-1.0\\src\\components\\employer-application\\ApplicationsContent.tsx"
2026-03-09T07:02:52.882750Z  INFO scan_sources: tailwindcss_oxide::scanner: Discovering "C:\\Users\\user1\\Documents\\GitHub\\tcl-1.0\\src\\components\\employer-application\\ApplicationsMobileHeader.tsx"
2026-03-09T07:02:52.882989Z  INFO scan_sources: tailwindcss_oxide::scanner: Discovering "C:\\Users\\user1\\Documents\\GitHub\\tcl-1.0\\src\\components\\employer-application\\ApplicationsPagination.tsx"
2026-03-09T07:02:52.883157Z  INFO scan_sources: tailwindcss_oxide::scanner: Discovering "C:\\Users\\user1\\Documents\\GitHub\\tcl-1.0\\src\\components\\employer-application\\ApplicationsTopBar.tsx"
2026-03-09T07:02:52.883353Z  INFO scan_sources: tailwindcss_oxide::scanner: Discovering "C:\\Users\\user1\\Documents\\GitHub\\tcl-1.0\\src\\components\\employer-application\\FilterPanel.tsx"
2026-03-09T07:02:52.883523Z  INFO scan_sources: tailwindcss_oxide::scanner: Discovering "C:\\Users\\user1\\Documents\\GitHub\\tcl-1.0\\src\\components\\employer-application\\StatusFilterTabs.tsx"
2026-03-09T07:02:52.883923Z  INFO scan_sources: tailwindcss_oxide::scanner: Discovering "C:\\Users\\user1\\Documents\\GitHub\\tcl-1.0\\src\\components\\employer-dashboard"
2026-03-09T07:02:52.884476Z  INFO scan_sources: tailwindcss_oxide::scanner: Discovering "C:\\Users\\user1\\Documents\\GitHub\\tcl-1.0\\src\\components\\employer-dashboard\\DashboardSidebar.tsx"
2026-03-09T07:02:52.884679Z  INFO scan_sources: tailwindcss_oxide::scanner: Discovering "C:\\Users\\user1\\Documents\\GitHub\\tcl-1.0\\src\\components\\employer-dashboard\\DashboardTopBar.tsx"
2026-03-09T07:02:52.884904Z  INFO scan_sources: tailwindcss_oxide::scanner: Discovering "C:\\Users\\user1\\Documents\\GitHub\\tcl-1.0\\src\\components\\employer-dashboard\\MetricsRow.tsx"
2026-03-09T07:02:52.885150Z  INFO scan_sources: tailwindcss_oxide::scanner: Discovering "C:\\Users\\user1\\Documents\\GitHub\\tcl-1.0\\src\\components\\employer-dashboard\\MobileBottomNav.tsx"
2026-03-09T07:02:52.885359Z  INFO scan_sources: tailwindcss_oxide::scanner: Discovering "C:\\Users\\user1\\Documents\\GitHub\\tcl-1.0\\src\\components\\employer-dashboard\\QuickActionsPanel.tsx"
2026-03-09T07:02:52.885674Z  INFO scan_sources: tailwindcss_oxide::scanner: Discovering "C:\\Users\\user1\\Documents\\GitHub\\tcl-1.0\\src\\components\\employer-dashboard\\RecentApplicationsTable.tsx"
2026-03-09T07:02:52.885870Z  INFO scan_sources: tailwindcss_oxide::scanner: Discovering "C:\\Users\\user1\\Documents\\GitHub\\tcl-1.0\\src\\components\\employer-dashboard\\TabletNavStrip.tsx"
2026-03-09T07:02:52.886068Z  INFO scan_sources: tailwindcss_oxide::scanner: Discovering "C:\\Users\\user1\\Documents\\GitHub\\tcl-1.0\\src\\components\\employer-dashboard\\UpcomingInterviewsCard.tsx"
2026-03-09T07:02:52.886450Z  INFO scan_sources: tailwindcss_oxide::scanner: Discovering "C:\\Users\\user1\\Documents\\GitHub\\tcl-1.0\\src\\components\\employers"
2026-03-09T07:02:52.886867Z  INFO scan_sources: tailwindcss_oxide::scanner: Discovering "C:\\Users\\user1\\Documents\\GitHub\\tcl-1.0\\src\\components\\employers\\BuiltForEveryEmployerSection.tsx"
2026-03-09T07:02:52.887060Z  INFO scan_sources: tailwindcss_oxide::scanner: Discovering "C:\\Users\\user1\\Documents\\GitHub\\tcl-1.0\\src\\components\\employers\\CTASection.tsx"
2026-03-09T07:02:52.887218Z  INFO scan_sources: tailwindcss_oxide::scanner: Discovering "C:\\Users\\user1\\Documents\\GitHub\\tcl-1.0\\src\\components\\employers\\FAQSection.tsx"
2026-03-09T07:02:52.887364Z  INFO scan_sources: tailwindcss_oxide::scanner: Discovering "C:\\Users\\user1\\Documents\\GitHub\\tcl-1.0\\src\\components\\employers\\HeroSection.tsx"
2026-03-09T07:02:52.887563Z  INFO scan_sources: tailwindcss_oxide::scanner: Discovering "C:\\Users\\user1\\Documents\\GitHub\\tcl-1.0\\src\\components\\employers\\HiringProcessSection.tsx"
2026-03-09T07:02:52.887745Z  INFO scan_sources: tailwindcss_oxide::scanner: Discovering "C:\\Users\\user1\\Documents\\GitHub\\tcl-1.0\\src\\components\\employers\\PowerfulToolsSection.tsx"
2026-03-09T07:02:52.888149Z  INFO scan_sources: tailwindcss_oxide::scanner: Discovering "C:\\Users\\user1\\Documents\\GitHub\\tcl-1.0\\src\\components\\home"
2026-03-09T07:02:52.888645Z  INFO scan_sources: tailwindcss_oxide::scanner: Discovering "C:\\Users\\user1\\Documents\\GitHub\\tcl-1.0\\src\\components\\home\\CategorySection.tsx"
2026-03-09T07:02:52.888856Z  INFO scan_sources: tailwindcss_oxide::scanner: Discovering "C:\\Users\\user1\\Documents\\GitHub\\tcl-1.0\\src\\components\\home\\HeroSection.tsx"
2026-03-09T07:02:52.889037Z  INFO scan_sources: tailwindcss_oxide::scanner: Discovering "C:\\Users\\user1\\Documents\\GitHub\\tcl-1.0\\src\\components\\home\\JobCard.tsx"
2026-03-09T07:02:52.889190Z  INFO scan_sources: tailwindcss_oxide::scanner: Discovering "C:\\Users\\user1\\Documents\\GitHub\\tcl-1.0\\src\\components\\home\\JobOpeningsSection.tsx"
2026-03-09T07:02:52.889513Z  INFO scan_sources: tailwindcss_oxide::scanner: Discovering "C:\\Users\\user1\\Documents\\GitHub\\tcl-1.0\\src\\components\\home\\RecruiterCTA.tsx"
2026-03-09T07:02:52.889794Z  INFO scan_sources: tailwindcss_oxide::scanner: Discovering "C:\\Users\\user1\\Documents\\GitHub\\tcl-1.0\\src\\components\\home\\TrustedCompanies.tsx"
2026-03-09T07:02:52.890194Z  INFO scan_sources: tailwindcss_oxide::scanner: Discovering "C:\\Users\\user1\\Documents\\GitHub\\tcl-1.0\\src\\components\\job-posting"
2026-03-09T07:02:52.890679Z  INFO scan_sources: tailwindcss_oxide::scanner: Discovering "C:\\Users\\user1\\Documents\\GitHub\\tcl-1.0\\src\\components\\job-posting\\JobCard.tsx"
2026-03-09T07:02:52.890898Z  INFO scan_sources: tailwindcss_oxide::scanner: Discovering "C:\\Users\\user1\\Documents\\GitHub\\tcl-1.0\\src\\components\\job-posting\\JobPostingsContent.tsx"
2026-03-09T07:02:52.891299Z  INFO scan_sources: tailwindcss_oxide::scanner: Discovering "C:\\Users\\user1\\Documents\\GitHub\\tcl-1.0\\src\\components\\job-posting\\JobPostingsHeader.tsx"
2026-03-09T07:02:52.891505Z  INFO scan_sources: tailwindcss_oxide::scanner: Discovering "C:\\Users\\user1\\Documents\\GitHub\\tcl-1.0\\src\\components\\job-posting\\JobPostsList.tsx"
2026-03-09T07:02:52.891757Z  INFO scan_sources: tailwindcss_oxide::scanner: Discovering "C:\\Users\\user1\\Documents\\GitHub\\tcl-1.0\\src\\components\\job-posting\\StatusFilterStrip.tsx"
2026-03-09T07:02:52.892227Z  INFO scan_sources: tailwindcss_oxide::scanner: Discovering "C:\\Users\\user1\\Documents\\GitHub\\tcl-1.0\\src\\components\\layout"
2026-03-09T07:02:52.892685Z  INFO scan_sources: tailwindcss_oxide::scanner: Discovering "C:\\Users\\user1\\Documents\\GitHub\\tcl-1.0\\src\\components\\layout\\EmployerNavbar.tsx"
2026-03-09T07:02:52.892874Z  INFO scan_sources: tailwindcss_oxide::scanner: Discovering "C:\\Users\\user1\\Documents\\GitHub\\tcl-1.0\\src\\components\\layout\\Footer.tsx"
2026-03-09T07:02:52.893051Z  INFO scan_sources: tailwindcss_oxide::scanner: Discovering "C:\\Users\\user1\\Documents\\GitHub\\tcl-1.0\\src\\components\\layout\\LayoutWrapper.tsx"
2026-03-09T07:02:52.893245Z  INFO scan_sources: tailwindcss_oxide::scanner: Discovering "C:\\Users\\user1\\Documents\\GitHub\\tcl-1.0\\src\\components\\layout\\LoggedInNavbar.tsx"
2026-03-09T07:02:52.893992Z  INFO scan_sources: tailwindcss_oxide::scanner: Discovering "C:\\Users\\user1\\Documents\\GitHub\\tcl-1.0\\src\\components\\layout\\MobileBottomNav.tsx"
2026-03-09T07:02:52.894369Z  INFO scan_sources: tailwindcss_oxide::scanner: Discovering "C:\\Users\\user1\\Documents\\GitHub\\tcl-1.0\\src\\components\\layout\\Navbar.tsx"
2026-03-09T07:02:52.894560Z  INFO scan_sources: tailwindcss_oxide::scanner: Discovering "C:\\Users\\user1\\Documents\\GitHub\\tcl-1.0\\src\\components\\layout\\NavbarClient.tsx"
2026-03-09T07:02:52.894736Z  INFO scan_sources: tailwindcss_oxide::scanner: Discovering "C:\\Users\\user1\\Documents\\GitHub\\tcl-1.0\\src\\components\\layout\\NotificationPopup.tsx"
2026-03-09T07:02:52.896778Z  INFO scan_sources: tailwindcss_oxide::scanner: Discovering "C:\\Users\\user1\\Documents\\GitHub\\tcl-1.0\\src\\components\\onboarding"
2026-03-09T07:02:52.897233Z  INFO scan_sources: tailwindcss_oxide::scanner: Discovering "C:\\Users\\user1\\Documents\\GitHub\\tcl-1.0\\src\\components\\onboarding\\OnboardingSidebar.tsx"
2026-03-09T07:02:52.897398Z  INFO scan_sources: tailwindcss_oxide::scanner: Discovering "C:\\Users\\user1\\Documents\\GitHub\\tcl-1.0\\src\\components\\onboarding\\OnboardingStepper.tsx"
2026-03-09T07:02:52.897787Z  INFO scan_sources: tailwindcss_oxide::scanner: Discovering "C:\\Users\\user1\\Documents\\GitHub\\tcl-1.0\\src\\components\\profile"
2026-03-09T07:02:52.898226Z  INFO scan_sources: tailwindcss_oxide::scanner: Discovering "C:\\Users\\user1\\Documents\\GitHub\\tcl-1.0\\src\\components\\profile\\DatePicker.tsx"
2026-03-09T07:02:52.898418Z  INFO scan_sources: tailwindcss_oxide::scanner: Discovering "C:\\Users\\user1\\Documents\\GitHub\\tcl-1.0\\src\\components\\profile\\FileUpload.tsx"
2026-03-09T07:02:52.898581Z  INFO scan_sources: tailwindcss_oxide::scanner: Discovering "C:\\Users\\user1\\Documents\\GitHub\\tcl-1.0\\src\\components\\profile\\FormInput.tsx"
2026-03-09T07:02:52.898734Z  INFO scan_sources: tailwindcss_oxide::scanner: Discovering "C:\\Users\\user1\\Documents\\GitHub\\tcl-1.0\\src\\components\\profile\\FormSelect.tsx"
2026-03-09T07:02:52.898883Z  INFO scan_sources: tailwindcss_oxide::scanner: Discovering "C:\\Users\\user1\\Documents\\GitHub\\tcl-1.0\\src\\components\\profile\\ProgressBar.tsx"
2026-03-09T07:02:52.899189Z  INFO scan_sources: tailwindcss_oxide::scanner: Discovering "C:\\Users\\user1\\Documents\\GitHub\\tcl-1.0\\src\\components\\profile\\RangeSlider.tsx"
2026-03-09T07:02:52.899392Z  INFO scan_sources: tailwindcss_oxide::scanner: Discovering "C:\\Users\\user1\\Documents\\GitHub\\tcl-1.0\\src\\components\\profile\\SectionCard.tsx"
2026-03-09T07:02:52.899813Z  INFO scan_sources: tailwindcss_oxide::scanner: Discovering "C:\\Users\\user1\\Documents\\GitHub\\tcl-1.0\\src\\components\\profile\\sections"
2026-03-09T07:02:52.900323Z  INFO scan_sources: tailwindcss_oxide::scanner: Discovering "C:\\Users\\user1\\Documents\\GitHub\\tcl-1.0\\src\\components\\profile\\sections\\AchievementsSection.tsx"
2026-03-09T07:02:52.900545Z  INFO scan_sources: tailwindcss_oxide::scanner: Discovering "C:\\Users\\user1\\Documents\\GitHub\\tcl-1.0\\src\\components\\profile\\sections\\BasicAccountSection.tsx"
2026-03-09T07:02:52.900733Z  INFO scan_sources: tailwindcss_oxide::scanner: Discovering "C:\\Users\\user1\\Documents\\GitHub\\tcl-1.0\\src\\components\\profile\\sections\\EducationSection.tsx"
2026-03-09T07:02:52.900910Z  INFO scan_sources: tailwindcss_oxide::scanner: Discovering "C:\\Users\\user1\\Documents\\GitHub\\tcl-1.0\\src\\components\\profile\\sections\\PersonalDetailsSection.tsx"
2026-03-09T07:02:52.901084Z  INFO scan_sources: tailwindcss_oxide::scanner: Discovering "C:\\Users\\user1\\Documents\\GitHub\\tcl-1.0\\src\\components\\profile\\sections\\PreferencesSection.tsx"
2026-03-09T07:02:52.901267Z  INFO scan_sources: tailwindcss_oxide::scanner: Discovering "C:\\Users\\user1\\Documents\\GitHub\\tcl-1.0\\src\\components\\profile\\sections\\ProfessionalStatusSection.tsx"
2026-03-09T07:02:52.901427Z  INFO scan_sources: tailwindcss_oxide::scanner: Discovering "C:\\Users\\user1\\Documents\\GitHub\\tcl-1.0\\src\\components\\profile\\sections\\ProfileSummarySection.tsx"
2026-03-09T07:02:52.901626Z  INFO scan_sources: tailwindcss_oxide::scanner: Discovering "C:\\Users\\user1\\Documents\\GitHub\\tcl-1.0\\src\\components\\profile\\sections\\ProjectsSection.tsx"
2026-03-09T07:02:52.904335Z  INFO scan_sources: tailwindcss_oxide::scanner: Discovering "C:\\Users\\user1\\Documents\\GitHub\\tcl-1.0\\src\\components\\profile\\sections\\ResumeLinksSection.tsx"
2026-03-09T07:02:52.904558Z  INFO scan_sources: tailwindcss_oxide::scanner: Discovering "C:\\Users\\user1\\Documents\\GitHub\\tcl-1.0\\src\\components\\profile\\sections\\SkillsSection.tsx"
2026-03-09T07:02:52.904734Z  INFO scan_sources: tailwindcss_oxide::scanner: Discovering "C:\\Users\\user1\\Documents\\GitHub\\tcl-1.0\\src\\components\\profile\\sections\\VerificationSection.tsx"
2026-03-09T07:02:52.904904Z  INFO scan_sources: tailwindcss_oxide::scanner: Discovering "C:\\Users\\user1\\Documents\\GitHub\\tcl-1.0\\src\\components\\profile\\sections\\WorkExperienceSection.tsx"
2026-03-09T07:02:52.905192Z  INFO scan_sources: tailwindcss_oxide::scanner: Discovering "C:\\Users\\user1\\Documents\\GitHub\\tcl-1.0\\src\\components\\profile\\SegmentedControl.tsx"
2026-03-09T07:02:52.905370Z  INFO scan_sources: tailwindcss_oxide::scanner: Discovering "C:\\Users\\user1\\Documents\\GitHub\\tcl-1.0\\src\\components\\profile\\SkillBadge.tsx"
2026-03-09T07:02:52.905708Z  INFO scan_sources: tailwindcss_oxide::scanner: Discovering "C:\\Users\\user1\\Documents\\GitHub\\tcl-1.0\\src\\components\\profile\\smart"
2026-03-09T07:02:52.906251Z  INFO scan_sources: tailwindcss_oxide::scanner: Discovering "C:\\Users\\user1\\Documents\\GitHub\\tcl-1.0\\src\\components\\profile\\smart\\SmartSuggest.tsx"
2026-03-09T07:02:52.906534Z  INFO scan_sources: tailwindcss_oxide::scanner: Discovering "C:\\Users\\user1\\Documents\\GitHub\\tcl-1.0\\src\\components\\profile\\TagInput.tsx"
2026-03-09T07:02:52.906723Z  INFO scan_sources: tailwindcss_oxide::scanner: Discovering "C:\\Users\\user1\\Documents\\GitHub\\tcl-1.0\\src\\components\\profile\\Timeline.tsx"
2026-03-09T07:02:52.907047Z  INFO scan_sources: tailwindcss_oxide::scanner: Discovering "C:\\Users\\user1\\Documents\\GitHub\\tcl-1.0\\src\\components\\profile\\wizard"
2026-03-09T07:02:52.907543Z  INFO scan_sources: tailwindcss_oxide::scanner: Discovering "C:\\Users\\user1\\Documents\\GitHub\\tcl-1.0\\src\\components\\profile\\wizard\\ProfileWizard.tsx"
2026-03-09T07:02:52.910071Z  INFO scan_sources: tailwindcss_oxide::scanner: Discovering "C:\\Users\\user1\\Documents\\GitHub\\tcl-1.0\\src\\components\\profile\\wizard\\StepProgress.tsx"
2026-03-09T07:02:52.910545Z  INFO scan_sources: tailwindcss_oxide::scanner: Discovering "C:\\Users\\user1\\Documents\\GitHub\\tcl-1.0\\src\\components\\profile\\wizard\\steps"
2026-03-09T07:02:52.911241Z  INFO scan_sources: tailwindcss_oxide::scanner: Discovering "C:\\Users\\user1\\Documents\\GitHub\\tcl-1.0\\src\\components\\profile\\wizard\\steps\\index.ts"
2026-03-09T07:02:52.911476Z  INFO scan_sources: tailwindcss_oxide::scanner: Discovering "C:\\Users\\user1\\Documents\\GitHub\\tcl-1.0\\src\\components\\profile\\wizard\\steps\\Step1Account.tsx"
2026-03-09T07:02:52.911659Z  INFO scan_sources: tailwindcss_oxide::scanner: Discovering "C:\\Users\\user1\\Documents\\GitHub\\tcl-1.0\\src\\components\\profile\\wizard\\steps\\Step2Personal.tsx"
2026-03-09T07:02:52.913885Z  INFO scan_sources: tailwindcss_oxide::scanner: Discovering "C:\\Users\\user1\\Documents\\GitHub\\tcl-1.0\\src\\components\\profile\\wizard\\steps\\Step3Professional.tsx"
2026-03-09T07:02:52.914129Z  INFO scan_sources: tailwindcss_oxide::scanner: Discovering "C:\\Users\\user1\\Documents\\GitHub\\tcl-1.0\\src\\components\\profile\\wizard\\steps\\Step5Skills.tsx"
2026-03-09T07:02:52.914439Z  INFO scan_sources: tailwindcss_oxide::scanner: Discovering "C:\\Users\\user1\\Documents\\GitHub\\tcl-1.0\\src\\components\\profile\\wizard\\StepTransition.tsx"
2026-03-09T07:02:52.914755Z  INFO scan_sources: tailwindcss_oxide::scanner: Discovering "C:\\Users\\user1\\Documents\\GitHub\\tcl-1.0\\src\\components\\profile\\wizard\\WizardNavigation.tsx"
2026-03-09T07:02:52.915350Z  INFO scan_sources: tailwindcss_oxide::scanner: Discovering "C:\\Users\\user1\\Documents\\GitHub\\tcl-1.0\\src\\components\\search"
2026-03-09T07:02:52.916111Z  INFO scan_sources: tailwindcss_oxide::scanner: Discovering "C:\\Users\\user1\\Documents\\GitHub\\tcl-1.0\\src\\components\\search\\SearchJobCard.tsx"
2026-03-09T07:02:52.916664Z  INFO scan_sources: tailwindcss_oxide::scanner: Discovering "C:\\Users\\user1\\Documents\\GitHub\\tcl-1.0\\src\\components\\seeker"
2026-03-09T07:02:52.919113Z  INFO scan_sources: tailwindcss_oxide::scanner: Discovering "C:\\Users\\user1\\Documents\\GitHub\\tcl-1.0\\src\\components\\seeker\\profile"
2026-03-09T07:02:52.920182Z  INFO scan_sources: tailwindcss_oxide::scanner: Discovering "C:\\Users\\user1\\Documents\\GitHub\\tcl-1.0\\src\\components\\seeker\\profile\\EmptyState.tsx"
2026-03-09T07:02:52.920904Z  INFO scan_sources: tailwindcss_oxide::scanner: Discovering "C:\\Users\\user1\\Documents\\GitHub\\tcl-1.0\\src\\components\\seeker\\profile\\modals"
2026-03-09T07:02:52.923080Z  INFO scan_sources: tailwindcss_oxide::scanner: Discovering "C:\\Users\\user1\\Documents\\GitHub\\tcl-1.0\\src\\components\\seeker\\profile\\modals\\EditAcademicAchievementsModal.tsx"
2026-03-09T07:02:52.923312Z  INFO scan_sources: tailwindcss_oxide::scanner: Discovering "C:\\Users\\user1\\Documents\\GitHub\\tcl-1.0\\src\\components\\seeker\\profile\\modals\\EditAwardModal.tsx"
2026-03-09T07:02:52.923498Z  INFO scan_sources: tailwindcss_oxide::scanner: Discovering "C:\\Users\\user1\\Documents\\GitHub\\tcl-1.0\\src\\components\\seeker\\profile\\modals\\EditBasicDetailsModal.tsx"
2026-03-09T07:02:52.923691Z  INFO scan_sources: tailwindcss_oxide::scanner: Discovering "C:\\Users\\user1\\Documents\\GitHub\\tcl-1.0\\src\\components\\seeker\\profile\\modals\\EditCertificationModal.tsx"
2026-03-09T07:02:52.923893Z  INFO scan_sources: tailwindcss_oxide::scanner: Discovering "C:\\Users\\user1\\Documents\\GitHub\\tcl-1.0\\src\\components\\seeker\\profile\\modals\\EditClubModal.tsx"
2026-03-09T07:02:52.924104Z  INFO scan_sources: tailwindcss_oxide::scanner: Discovering "C:\\Users\\user1\\Documents\\GitHub\\tcl-1.0\\src\\components\\seeker\\profile\\modals\\EditCompetitiveExamModal.tsx"
2026-03-09T07:02:52.924312Z  INFO scan_sources: tailwindcss_oxide::scanner: Discovering "C:\\Users\\user1\\Documents\\GitHub\\tcl-1.0\\src\\components\\seeker\\profile\\modals\\EditEducationModal.tsx"
2026-03-09T07:02:52.924492Z  INFO scan_sources: tailwindcss_oxide::scanner: Discovering "C:\\Users\\user1\\Documents\\GitHub\\tcl-1.0\\src\\components\\seeker\\profile\\modals\\EditEmploymentModal.tsx"
2026-03-09T07:02:52.924684Z  INFO scan_sources: tailwindcss_oxide::scanner: Discovering "C:\\Users\\user1\\Documents\\GitHub\\tcl-1.0\\src\\components\\seeker\\profile\\modals\\EditInternshipModal.tsx"
2026-03-09T07:02:52.924870Z  INFO scan_sources: tailwindcss_oxide::scanner: Discovering "C:\\Users\\user1\\Documents\\GitHub\\tcl-1.0\\src\\components\\seeker\\profile\\modals\\EditLanguagesModal.tsx"
2026-03-09T07:02:52.925046Z  INFO scan_sources: tailwindcss_oxide::scanner: Discovering "C:\\Users\\user1\\Documents\\GitHub\\tcl-1.0\\src\\components\\seeker\\profile\\modals\\EditPreferencesModal.tsx"
2026-03-09T07:02:52.925219Z  INFO scan_sources: tailwindcss_oxide::scanner: Discovering "C:\\Users\\user1\\Documents\\GitHub\\tcl-1.0\\src\\components\\seeker\\profile\\modals\\EditProfileSummaryModal.tsx"
2026-03-09T07:02:52.925395Z  INFO scan_sources: tailwindcss_oxide::scanner: Discovering "C:\\Users\\user1\\Documents\\GitHub\\tcl-1.0\\src\\components\\seeker\\profile\\modals\\EditProjectModal.tsx"
2026-03-09T07:02:52.925567Z  INFO scan_sources: tailwindcss_oxide::scanner: Discovering "C:\\Users\\user1\\Documents\\GitHub\\tcl-1.0\\src\\components\\seeker\\profile\\modals\\EditResumeModal.tsx"
2026-03-09T07:02:52.925798Z  INFO scan_sources: tailwindcss_oxide::scanner: Discovering "C:\\Users\\user1\\Documents\\GitHub\\tcl-1.0\\src\\components\\seeker\\profile\\modals\\EditSkillsModal.tsx"
2026-03-09T07:02:52.926102Z  INFO scan_sources: tailwindcss_oxide::scanner: Discovering "C:\\Users\\user1\\Documents\\GitHub\\tcl-1.0\\src\\components\\seeker\\profile\\ProfileHeader.tsx"
2026-03-09T07:02:52.926285Z  INFO scan_sources: tailwindcss_oxide::scanner: Discovering "C:\\Users\\user1\\Documents\\GitHub\\tcl-1.0\\src\\components\\seeker\\profile\\SectionContainer.tsx"
2026-03-09T07:02:52.926640Z  INFO scan_sources: tailwindcss_oxide::scanner: Discovering "C:\\Users\\user1\\Documents\\GitHub\\tcl-1.0\\src\\components\\seeker\\profile\\sections"
2026-03-09T07:02:52.927168Z  INFO scan_sources: tailwindcss_oxide::scanner: Discovering "C:\\Users\\user1\\Documents\\GitHub\\tcl-1.0\\src\\components\\seeker\\profile\\sections\\AcademicAchievements.tsx"
2026-03-09T07:02:52.927370Z  INFO scan_sources: tailwindcss_oxide::scanner: Discovering "C:\\Users\\user1\\Documents\\GitHub\\tcl-1.0\\src\\components\\seeker\\profile\\sections\\Accomplishments.tsx"
2026-03-09T07:02:52.927548Z  INFO scan_sources: tailwindcss_oxide::scanner: Discovering "C:\\Users\\user1\\Documents\\GitHub\\tcl-1.0\\src\\components\\seeker\\profile\\sections\\BasicDetails.tsx"
2026-03-09T07:02:52.927717Z  INFO scan_sources: tailwindcss_oxide::scanner: Discovering "C:\\Users\\user1\\Documents\\GitHub\\tcl-1.0\\src\\components\\seeker\\profile\\sections\\CareerPreferences.tsx"
2026-03-09T07:02:52.927921Z  INFO scan_sources: tailwindcss_oxide::scanner: Discovering "C:\\Users\\user1\\Documents\\GitHub\\tcl-1.0\\src\\components\\seeker\\profile\\sections\\CompetitiveExams.tsx"
2026-03-09T07:02:52.928102Z  INFO scan_sources: tailwindcss_oxide::scanner: Discovering "C:\\Users\\user1\\Documents\\GitHub\\tcl-1.0\\src\\components\\seeker\\profile\\sections\\Education.tsx"
2026-03-09T07:02:52.928267Z  INFO scan_sources: tailwindcss_oxide::scanner: Discovering "C:\\Users\\user1\\Documents\\GitHub\\tcl-1.0\\src\\components\\seeker\\profile\\sections\\Employment.tsx"
2026-03-09T07:02:52.928432Z  INFO scan_sources: tailwindcss_oxide::scanner: Discovering "C:\\Users\\user1\\Documents\\GitHub\\tcl-1.0\\src\\components\\seeker\\profile\\sections\\Internships.tsx"
2026-03-09T07:02:52.928607Z  INFO scan_sources: tailwindcss_oxide::scanner: Discovering "C:\\Users\\user1\\Documents\\GitHub\\tcl-1.0\\src\\components\\seeker\\profile\\sections\\KeySkills.tsx"
2026-03-09T07:02:52.928790Z  INFO scan_sources: tailwindcss_oxide::scanner: Discovering "C:\\Users\\user1\\Documents\\GitHub\\tcl-1.0\\src\\components\\seeker\\profile\\sections\\Languages.tsx"
2026-03-09T07:02:52.928979Z  INFO scan_sources: tailwindcss_oxide::scanner: Discovering "C:\\Users\\user1\\Documents\\GitHub\\tcl-1.0\\src\\components\\seeker\\profile\\sections\\ProfileSummary.tsx"
2026-03-09T07:02:52.929180Z  INFO scan_sources: tailwindcss_oxide::scanner: Discovering "C:\\Users\\user1\\Documents\\GitHub\\tcl-1.0\\src\\components\\seeker\\profile\\sections\\Projects.tsx"
2026-03-09T07:02:52.929556Z  INFO scan_sources: tailwindcss_oxide::scanner: Discovering "C:\\Users\\user1\\Documents\\GitHub\\tcl-1.0\\src\\components\\seeker\\profile\\sections\\Resume.tsx"
2026-03-09T07:02:52.930066Z  INFO scan_sources: tailwindcss_oxide::scanner: Discovering "C:\\Users\\user1\\Documents\\GitHub\\tcl-1.0\\src\\components\\seeker\\profile\\Sidebar.tsx"
2026-03-09T07:02:52.930293Z  INFO scan_sources: tailwindcss_oxide::scanner: Discovering "C:\\Users\\user1\\Documents\\GitHub\\tcl-1.0\\src\\components\\seeker\\profile\\UserProfileLayout.tsx"
2026-03-09T07:02:52.930771Z  INFO scan_sources: tailwindcss_oxide::scanner: Discovering "C:\\Users\\user1\\Documents\\GitHub\\tcl-1.0\\src\\components\\ui"
2026-03-09T07:02:52.931192Z  INFO scan_sources: tailwindcss_oxide::scanner: Discovering "C:\\Users\\user1\\Documents\\GitHub\\tcl-1.0\\src\\components\\ui\\Button.tsx"
2026-03-09T07:02:52.931564Z  INFO scan_sources: tailwindcss_oxide::scanner: Discovering "C:\\Users\\user1\\Documents\\GitHub\\tcl-1.0\\src\\components\\user-applications"
2026-03-09T07:02:52.932305Z  INFO scan_sources: tailwindcss_oxide::scanner: Discovering "C:\\Users\\user1\\Documents\\GitHub\\tcl-1.0\\src\\components\\user-applications\\ApplicationsContainer.tsx"
2026-03-09T07:02:52.932486Z  INFO scan_sources: tailwindcss_oxide::scanner: Discovering "C:\\Users\\user1\\Documents\\GitHub\\tcl-1.0\\src\\components\\user-applications\\ApplicationSlideOver.tsx"
2026-03-09T07:02:52.932640Z  INFO scan_sources: tailwindcss_oxide::scanner: Discovering "C:\\Users\\user1\\Documents\\GitHub\\tcl-1.0\\src\\components\\user-applications\\ApplicationTable.tsx"
2026-03-09T07:02:52.932816Z  INFO scan_sources: tailwindcss_oxide::scanner: Discovering "C:\\Users\\user1\\Documents\\GitHub\\tcl-1.0\\src\\components\\user-applications\\StatCards.tsx"
2026-03-09T07:02:52.933324Z  INFO scan_sources: tailwindcss_oxide::scanner: Discovering "C:\\Users\\user1\\Documents\\GitHub\\tcl-1.0\\src\\data"
2026-03-09T07:02:52.933745Z  INFO scan_sources: tailwindcss_oxide::scanner: Discovering "C:\\Users\\user1\\Documents\\GitHub\\tcl-1.0\\src\\data\\applications-mock.ts"
2026-03-09T07:02:52.934211Z  INFO scan_sources: tailwindcss_oxide::scanner: Discovering "C:\\Users\\user1\\Documents\\GitHub\\tcl-1.0\\src\\data\\company-mock.ts"
2026-03-09T07:02:52.934392Z  INFO scan_sources: tailwindcss_oxide::scanner: Discovering "C:\\Users\\user1\\Documents\\GitHub\\tcl-1.0\\src\\data\\mock-data.ts"
2026-03-09T07:02:52.934539Z  INFO scan_sources: tailwindcss_oxide::scanner: Discovering "C:\\Users\\user1\\Documents\\GitHub\\tcl-1.0\\src\\data\\search-mock-data.ts"
2026-03-09T07:02:52.934928Z  INFO scan_sources: tailwindcss_oxide::scanner: Discovering "C:\\Users\\user1\\Documents\\GitHub\\tcl-1.0\\src\\hooks"
2026-03-09T07:02:52.935361Z  INFO scan_sources: tailwindcss_oxide::scanner: Discovering "C:\\Users\\user1\\Documents\\GitHub\\tcl-1.0\\src\\hooks\\useFormPersistence.ts"
2026-03-09T07:02:52.935745Z  INFO scan_sources: tailwindcss_oxide::scanner: Discovering "C:\\Users\\user1\\Documents\\GitHub\\tcl-1.0\\src\\lib"
2026-03-09T07:02:52.936617Z  INFO scan_sources: tailwindcss_oxide::scanner: Discovering "C:\\Users\\user1\\Documents\\GitHub\\tcl-1.0\\src\\lib\\db"
2026-03-09T07:02:52.937348Z  INFO scan_sources: tailwindcss_oxide::scanner: Discovering "C:\\Users\\user1\\Documents\\GitHub\\tcl-1.0\\src\\lib\\db\\db.ts"
2026-03-09T07:02:52.937732Z  INFO scan_sources: tailwindcss_oxide::scanner: Discovering "C:\\Users\\user1\\Documents\\GitHub\\tcl-1.0\\src\\lib\\db\\schema.ts"
2026-03-09T07:02:52.937943Z  INFO scan_sources: tailwindcss_oxide::scanner: Discovering "C:\\Users\\user1\\Documents\\GitHub\\tcl-1.0\\src\\lib\\db\\seed.ts"
2026-03-09T07:02:52.938898Z  INFO scan_sources: tailwindcss_oxide::scanner: Discovering "C:\\Users\\user1\\Documents\\GitHub\\tcl-1.0\\src\\lib\\email"
2026-03-09T07:02:52.939542Z  INFO scan_sources: tailwindcss_oxide::scanner: Discovering "C:\\Users\\user1\\Documents\\GitHub\\tcl-1.0\\src\\lib\\email\\mailer.ts"
2026-03-09T07:02:52.939956Z  INFO scan_sources: tailwindcss_oxide::scanner: Discovering "C:\\Users\\user1\\Documents\\GitHub\\tcl-1.0\\src\\lib\\profileCompletion.ts"
2026-03-09T07:02:52.940188Z  INFO scan_sources: tailwindcss_oxide::scanner: Discovering "C:\\Users\\user1\\Documents\\GitHub\\tcl-1.0\\src\\lib\\profileTypes.ts"
2026-03-09T07:02:52.940361Z  INFO scan_sources: tailwindcss_oxide::scanner: Discovering "C:\\Users\\user1\\Documents\\GitHub\\tcl-1.0\\src\\lib\\profileUtils.ts"
2026-03-09T07:02:52.940918Z  INFO scan_sources: tailwindcss_oxide::scanner: Discovering "C:\\Users\\user1\\Documents\\GitHub\\tcl-1.0\\src\\lib\\suggestionData.ts"
2026-03-09T07:02:52.941404Z  INFO scan_sources: tailwindcss_oxide::scanner: Discovering "C:\\Users\\user1\\Documents\\GitHub\\tcl-1.0\\src\\lib\\validation"
2026-03-09T07:02:52.942405Z  INFO scan_sources: tailwindcss_oxide::scanner: Discovering "C:\\Users\\user1\\Documents\\GitHub\\tcl-1.0\\src\\lib\\validation\\auth.ts"
2026-03-09T07:02:52.943302Z  INFO scan_sources: tailwindcss_oxide::scanner: Discovering "C:\\Users\\user1\\Documents\\GitHub\\tcl-1.0\\src\\lib\\wizardConfig.ts"
2026-03-09T07:02:52.944003Z  INFO scan_sources: tailwindcss_oxide::scanner: Discovering "C:\\Users\\user1\\Documents\\GitHub\\tcl-1.0\\src\\proxy.ts"
2026-03-09T07:02:52.944438Z  INFO scan_sources: tailwindcss_oxide::scanner: Discovering "C:\\Users\\user1\\Documents\\GitHub\\tcl-1.0\\src\\types"
2026-03-09T07:02:52.944884Z  INFO scan_sources: tailwindcss_oxide::scanner: Discovering "C:\\Users\\user1\\Documents\\GitHub\\tcl-1.0\\src\\types\\job.ts"
2026-03-09T07:02:52.945097Z  INFO scan_sources: tailwindcss_oxide::scanner: Discovering "C:\\Users\\user1\\Documents\\GitHub\\tcl-1.0\\src\\types\\next-auth.d.ts"
2026-03-09T07:02:52.945502Z  INFO scan_sources: tailwindcss_oxide::scanner: Discovering "C:\\Users\\user1\\Documents\\GitHub\\tcl-1.0\\trace.txt"
2026-03-09T07:02:52.945732Z  INFO scan_sources: tailwindcss_oxide::scanner: Discovering "C:\\Users\\user1\\Documents\\GitHub\\tcl-1.0\\tsconfig.json"
2026-03-09T07:02:52.946032Z  INFO scan_sources: tailwindcss_oxide::scanner: Discovering "C:\\Users\\user1\\Documents\\GitHub\\tcl-1.0\\y.txt"
2026-03-09T07:02:52.947461Z  INFO scan_sources: tailwindcss_oxide::scanner: exit
2026-03-09T07:02:52.947832Z  INFO extract_candidates: tailwindcss_oxide::scanner: enter
2026-03-09T07:02:52.947887Z  INFO extract_candidates:read_all_files: tailwindcss_oxide::scanner: enter
2026-03-09T07:02:52.947938Z  INFO extract_candidates:read_all_files: tailwindcss_oxide::scanner: Reading 232 file(s)
2026-03-09T07:02:52.950366Z  INFO tailwindcss_oxide::scanner: Reading "C:\\Users\\user1\\Documents\\GitHub\\tcl-1.0\\src\\components\\seeker\\profile\\modals\\EditAcademicAchievementsModal.tsx"
2026-03-09T07:02:52.950431Z  INFO tailwindcss_oxide::scanner: Reading "C:\\Users\\user1\\Documents\\GitHub\\tcl-1.0\\src\\lib\\db\\schema.ts"
2026-03-09T07:02:52.950610Z  INFO tailwindcss_oxide::scanner: Reading "C:\\Users\\user1\\Documents\\GitHub\\tcl-1.0\\src\\app\\page.tsx"
2026-03-09T07:02:52.950662Z  INFO tailwindcss_oxide::scanner: Reading "C:\\Users\\user1\\Documents\\GitHub\\tcl-1.0\\.github\\CODEOWNERS"
2026-03-09T07:02:52.950743Z  INFO tailwindcss_oxide::scanner: Reading "C:\\Users\\user1\\Documents\\GitHub\\tcl-1.0\\src\\components\\seeker\\profile\\sections\\Resume.tsx"
2026-03-09T07:02:52.950908Z  INFO tailwindcss_oxide::scanner: Reading "C:\\Users\\user1\\Documents\\GitHub\\tcl-1.0\\src\\components\\seeker\\profile\\modals\\EditAwardModal.tsx"
2026-03-09T07:02:52.950989Z  INFO tailwindcss_oxide::scanner: Reading "C:\\Users\\user1\\Documents\\GitHub\\tcl-1.0\\src\\components\\user-applications\\StatCards.tsx"
2026-03-09T07:02:52.951089Z  INFO tailwindcss_oxide::scanner: Reading "C:\\Users\\user1\\Documents\\GitHub\\tcl-1.0\\.github\\workflows\\ci.yml"
2026-03-09T07:02:52.950849Z  INFO tailwindcss_oxide::scanner: Reading "C:\\Users\\user1\\Documents\\GitHub\\tcl-1.0\\src\\components\\employers\\HiringProcessSection.tsx"
2026-03-09T07:02:52.950876Z  INFO tailwindcss_oxide::scanner: Reading "C:\\Users\\user1\\Documents\\GitHub\\tcl-1.0\\src\\data\\mock-data.ts"
2026-03-09T07:02:52.951106Z  INFO tailwindcss_oxide::scanner: Reading "C:\\Users\\user1\\Documents\\GitHub\\tcl-1.0\\src\\components\\seeker\\profile\\modals\\EditBasicDetailsModal.tsx"
2026-03-09T07:02:52.951267Z  INFO tailwindcss_oxide::scanner: Reading "C:\\Users\\user1\\Documents\\GitHub\\tcl-1.0\\src\\lib\\db\\seed.ts"
2026-03-09T07:02:52.951433Z  INFO tailwindcss_oxide::scanner: Reading "C:\\Users\\user1\\Documents\\GitHub\\tcl-1.0\\src\\app\\register\\page.tsx"
2026-03-09T07:02:52.951458Z  INFO tailwindcss_oxide::scanner: Reading "C:\\Users\\user1\\Documents\\GitHub\\tcl-1.0\\src\\components\\employers\\PowerfulToolsSection.tsx"
2026-03-09T07:02:52.951500Z  INFO tailwindcss_oxide::scanner: Reading "C:\\Users\\user1\\Documents\\GitHub\\tcl-1.0\\.github\\workflows\\enforce-merge-chain.yml"
2026-03-09T07:02:52.951525Z  INFO tailwindcss_oxide::scanner: Reading "C:\\Users\\user1\\Documents\\GitHub\\tcl-1.0\\src\\data\\applications-mock.ts"
2026-03-09T07:02:52.951549Z  INFO tailwindcss_oxide::scanner: Reading "C:\\Users\\user1\\Documents\\GitHub\\tcl-1.0\\src\\data\\search-mock-data.ts"
2026-03-09T07:02:52.951436Z  INFO tailwindcss_oxide::scanner: Reading "C:\\Users\\user1\\Documents\\GitHub\\tcl-1.0\\src\\components\\seeker\\profile\\Sidebar.tsx"
2026-03-09T07:02:52.951690Z  INFO tailwindcss_oxide::scanner: Reading "C:\\Users\\user1\\Documents\\GitHub\\tcl-1.0\\src\\app\\reset-password\\[token]\\page.tsx"
2026-03-09T07:02:52.951739Z  INFO tailwindcss_oxide::scanner: Reading "C:\\Users\\user1\\Documents\\GitHub\\tcl-1.0\\src\\components\\seeker\\profile\\modals\\EditCertificationModal.tsx"
2026-03-09T07:02:52.951817Z  INFO tailwindcss_oxide::scanner: Reading "C:\\Users\\user1\\Documents\\GitHub\\tcl-1.0\\src\\lib\\email\\mailer.ts"
2026-03-09T07:02:52.951847Z  INFO tailwindcss_oxide::scanner: Reading "C:\\Users\\user1\\Documents\\GitHub\\tcl-1.0\\src\\components\\home\\CategorySection.tsx"
2026-03-09T07:02:52.951904Z  INFO tailwindcss_oxide::scanner: Reading "C:\\Users\\user1\\Documents\\GitHub\\tcl-1.0\\src\\data\\company-mock.ts"
2026-03-09T07:02:52.952008Z  INFO tailwindcss_oxide::scanner: Reading "C:\\Users\\user1\\Documents\\GitHub\\tcl-1.0\\src\\hooks\\useFormPersistence.ts"
2026-03-09T07:02:52.952075Z  INFO tailwindcss_oxide::scanner: Reading "C:\\Users\\user1\\Documents\\GitHub\\tcl-1.0\\dashboard_log.txt"
2026-03-09T07:02:52.952111Z  INFO tailwindcss_oxide::scanner: Reading "C:\\Users\\user1\\Documents\\GitHub\\tcl-1.0\\src\\app\\search\\page.tsx"
2026-03-09T07:02:52.952150Z  INFO tailwindcss_oxide::scanner: Reading "C:\\Users\\user1\\Documents\\GitHub\\tcl-1.0\\src\\components\\seeker\\profile\\UserProfileLayout.tsx"
2026-03-09T07:02:52.952203Z  INFO tailwindcss_oxide::scanner: Reading "C:\\Users\\user1\\Documents\\GitHub\\tcl-1.0\\src\\lib\\profileCompletion.ts"
2026-03-09T07:02:52.952241Z  INFO tailwindcss_oxide::scanner: Reading "C:\\Users\\user1\\Documents\\GitHub\\tcl-1.0\\src\\lib\\db\\db.ts"
2026-03-09T07:02:52.952254Z  INFO tailwindcss_oxide::scanner: Reading "C:\\Users\\user1\\Documents\\GitHub\\tcl-1.0\\src\\components\\seeker\\profile\\modals\\EditClubModal.tsx"
2026-03-09T07:02:52.952309Z  INFO tailwindcss_oxide::scanner: Reading "C:\\Users\\user1\\Documents\\GitHub\\tcl-1.0\\src\\components\\home\\HeroSection.tsx"
2026-03-09T07:02:52.952402Z  INFO tailwindcss_oxide::scanner: Reading "C:\\Users\\user1\\Documents\\GitHub\\tcl-1.0\\src\\app\\seeker\\dashboard\\page.tsx"
2026-03-09T07:02:52.952405Z  INFO tailwindcss_oxide::scanner: Reading "C:\\Users\\user1\\Documents\\GitHub\\tcl-1.0\\src\\components\\profile\\SectionCard.tsx"
2026-03-09T07:02:52.952536Z  INFO tailwindcss_oxide::scanner: Reading "C:\\Users\\user1\\Documents\\GitHub\\tcl-1.0\\src\\components\\ui\\Button.tsx"
2026-03-09T07:02:52.952567Z  INFO tailwindcss_oxide::scanner: Reading "C:\\Users\\user1\\Documents\\GitHub\\tcl-1.0\\src\\lib\\validation\\auth.ts"
2026-03-09T07:02:52.952651Z  INFO tailwindcss_oxide::scanner: Reading "C:\\Users\\user1\\Documents\\GitHub\\tcl-1.0\\src\\lib\\profileTypes.ts"
2026-03-09T07:02:52.952713Z  INFO tailwindcss_oxide::scanner: Reading "C:\\Users\\user1\\Documents\\GitHub\\tcl-1.0\\src\\components\\home\\JobCard.tsx"
2026-03-09T07:02:52.952803Z  INFO tailwindcss_oxide::scanner: Reading "C:\\Users\\user1\\Documents\\GitHub\\tcl-1.0\\src\\components\\seeker\\profile\\modals\\EditCompetitiveExamModal.tsx"
2026-03-09T07:02:52.952939Z  INFO tailwindcss_oxide::scanner: Reading "C:\\Users\\user1\\Documents\\GitHub\\tcl-1.0\\src\\lib\\wizardConfig.ts"
2026-03-09T07:02:52.952960Z  INFO tailwindcss_oxide::scanner: Reading "C:\\Users\\user1\\Documents\\GitHub\\tcl-1.0\\src\\components\\user-applications\\ApplicationsContainer.tsx"
2026-03-09T07:02:52.953007Z  INFO tailwindcss_oxide::scanner: Reading "C:\\Users\\user1\\Documents\\GitHub\\tcl-1.0\\src\\app\\seeker\\dashboard\\UserDashboardClient.tsx"
2026-03-09T07:02:52.953076Z  INFO tailwindcss_oxide::scanner: Reading "C:\\Users\\user1\\Documents\\GitHub\\tcl-1.0\\src\\components\\seeker\\profile\\modals\\EditEducationModal.tsx"
2026-03-09T07:02:52.952939Z  INFO tailwindcss_oxide::scanner: Reading "C:\\Users\\user1\\Documents\\GitHub\\tcl-1.0\\src\\components\\profile\\sections\\AchievementsSection.tsx"
2026-03-09T07:02:52.953262Z  INFO tailwindcss_oxide::scanner: Reading "C:\\Users\\user1\\Documents\\GitHub\\tcl-1.0\\src\\components\\seeker\\profile\\modals\\EditEmploymentModal.tsx"
2026-03-09T07:02:52.953297Z  INFO tailwindcss_oxide::scanner: Reading "C:\\Users\\user1\\Documents\\GitHub\\tcl-1.0\\src\\lib\\profileUtils.ts"
2026-03-09T07:02:52.953369Z  INFO tailwindcss_oxide::scanner: Reading "C:\\Users\\user1\\Documents\\GitHub\\tcl-1.0\\src\\components\\home\\JobOpeningsSection.tsx"
2026-03-09T07:02:52.953489Z  INFO tailwindcss_oxide::scanner: Reading "C:\\Users\\user1\\Documents\\GitHub\\tcl-1.0\\src\\proxy.ts"
2026-03-09T07:02:52.953626Z  INFO tailwindcss_oxide::scanner: Reading "C:\\Users\\user1\\Documents\\GitHub\\tcl-1.0\\src\\components\\user-applications\\ApplicationSlideOver.tsx"
2026-03-09T07:02:52.953846Z  INFO tailwindcss_oxide::scanner: Reading "C:\\Users\\user1\\Documents\\GitHub\\tcl-1.0\\src\\components\\home\\RecruiterCTA.tsx"
2026-03-09T07:02:52.953943Z  INFO tailwindcss_oxide::scanner: Reading "C:\\Users\\user1\\Documents\\GitHub\\tcl-1.0\\diff.txt"
2026-03-09T07:02:52.954093Z  INFO tailwindcss_oxide::scanner: Reading "C:\\Users\\user1\\Documents\\GitHub\\tcl-1.0\\src\\components\\profile\\sections\\BasicAccountSection.tsx"
2026-03-09T07:02:52.954198Z  INFO tailwindcss_oxide::scanner: Reading "C:\\Users\\user1\\Documents\\GitHub\\tcl-1.0\\drizzle\\0000_fine_kang.sql"
2026-03-09T07:02:52.954392Z  INFO tailwindcss_oxide::scanner: Reading "C:\\Users\\user1\\Documents\\GitHub\\tcl-1.0\\src\\app\\seeker\\profile\\page.tsx"
2026-03-09T07:02:52.954426Z  INFO tailwindcss_oxide::scanner: Reading "C:\\Users\\user1\\Documents\\GitHub\\tcl-1.0\\drizzle\\meta\\0000_snapshot.json"
2026-03-09T07:02:52.954531Z  INFO tailwindcss_oxide::scanner: Reading "C:\\Users\\user1\\Documents\\GitHub\\tcl-1.0\\src\\lib\\suggestionData.ts"
2026-03-09T07:02:52.954759Z  INFO tailwindcss_oxide::scanner: Reading "C:\\Users\\user1\\Documents\\GitHub\\tcl-1.0\\src\\components\\seeker\\profile\\modals\\EditInternshipModal.tsx"
2026-03-09T07:02:52.954785Z  INFO tailwindcss_oxide::scanner: Reading "C:\\Users\\user1\\Documents\\GitHub\\tcl-1.0\\src\\types\\job.ts"
2026-03-09T07:02:52.955001Z  INFO tailwindcss_oxide::scanner: Reading "C:\\Users\\user1\\Documents\\GitHub\\tcl-1.0\\src\\components\\seeker\\profile\\modals\\EditLanguagesModal.tsx"
2026-03-09T07:02:52.955034Z  INFO tailwindcss_oxide::scanner: Reading "C:\\Users\\user1\\Documents\\GitHub\\tcl-1.0\\src\\components\\seeker\\profile\\modals\\EditSkillsModal.tsx"
2026-03-09T07:02:52.955159Z  INFO tailwindcss_oxide::scanner: Reading "C:\\Users\\user1\\Documents\\GitHub\\tcl-1.0\\drizzle\\meta\\_journal.json"
2026-03-09T07:02:52.955316Z  INFO tailwindcss_oxide::scanner: Reading "C:\\Users\\user1\\Documents\\GitHub\\tcl-1.0\\src\\components\\user-applications\\ApplicationTable.tsx"
2026-03-09T07:02:52.955494Z  INFO tailwindcss_oxide::scanner: Reading "C:\\Users\\user1\\Documents\\GitHub\\tcl-1.0\\src\\app\\user-applications\\page.tsx"
2026-03-09T07:02:52.955493Z  INFO tailwindcss_oxide::scanner: Reading "C:\\Users\\user1\\Documents\\GitHub\\tcl-1.0\\src\\types\\next-auth.d.ts"
2026-03-09T07:02:52.955593Z  INFO tailwindcss_oxide::scanner: Reading "C:\\Users\\user1\\Documents\\GitHub\\tcl-1.0\\drizzle.config.ts"
2026-03-09T07:02:52.955661Z  INFO tailwindcss_oxide::scanner: Reading "C:\\Users\\user1\\Documents\\GitHub\\tcl-1.0\\src\\components\\seeker\\profile\\ProfileHeader.tsx"
2026-03-09T07:02:52.955876Z  INFO tailwindcss_oxide::scanner: Reading "C:\\Users\\user1\\Documents\\GitHub\\tcl-1.0\\src\\components\\seeker\\profile\\modals\\EditPreferencesModal.tsx"
2026-03-09T07:02:52.955876Z  INFO tailwindcss_oxide::scanner: Reading "C:\\Users\\user1\\Documents\\GitHub\\tcl-1.0\\src\\app\\(employer-dashboard)\\employer-dashboard\\page.tsx"
2026-03-09T07:02:52.956010Z  INFO tailwindcss_oxide::scanner: Reading "C:\\Users\\user1\\Documents\\GitHub\\tcl-1.0\\drop_tables.js"
2026-03-09T07:02:52.956009Z  INFO tailwindcss_oxide::scanner: Reading "C:\\Users\\user1\\Documents\\GitHub\\tcl-1.0\\src\\auth.ts"
2026-03-09T07:02:52.956206Z  INFO tailwindcss_oxide::scanner: Reading "C:\\Users\\user1\\Documents\\GitHub\\tcl-1.0\\src\\app\\(employer-dashboard)\\employer-dashboard\\post-job\\page.tsx"
2026-03-09T07:02:52.956336Z  INFO tailwindcss_oxide::scanner: Reading "C:\\Users\\user1\\Documents\\GitHub\\tcl-1.0\\src\\components\\seeker\\profile\\modals\\EditProfileSummaryModal.tsx"
2026-03-09T07:02:52.956392Z  INFO tailwindcss_oxide::scanner: Reading "C:\\Users\\user1\\Documents\\GitHub\\tcl-1.0\\src\\components\\auth\\AuthCard.tsx"
2026-03-09T07:02:52.956638Z  INFO tailwindcss_oxide::scanner: Reading "C:\\Users\\user1\\Documents\\GitHub\\tcl-1.0\\src\\components\\seeker\\profile\\SectionContainer.tsx"
2026-03-09T07:02:52.956745Z  INFO tailwindcss_oxide::scanner: Reading "C:\\Users\\user1\\Documents\\GitHub\\tcl-1.0\\src\\components\\home\\TrustedCompanies.tsx"
2026-03-09T07:02:52.956647Z  INFO tailwindcss_oxide::scanner: Reading "C:\\Users\\user1\\Documents\\GitHub\\tcl-1.0\\trace.txt"
2026-03-09T07:02:52.956891Z  INFO tailwindcss_oxide::scanner: Reading "C:\\Users\\user1\\Documents\\GitHub\\tcl-1.0\\src\\components\\seeker\\profile\\sections\\AcademicAchievements.tsx"
2026-03-09T07:02:52.956954Z  INFO tailwindcss_oxide::scanner: Reading "C:\\Users\\user1\\Documents\\GitHub\\tcl-1.0\\src\\components\\auth\\AuthModal.tsx"
2026-03-09T07:02:52.957044Z  INFO tailwindcss_oxide::scanner: Reading "C:\\Users\\user1\\Documents\\GitHub\\tcl-1.0\\src\\components\\seeker\\profile\\modals\\EditProjectModal.tsx"
2026-03-09T07:02:52.957175Z  INFO tailwindcss_oxide::scanner: Reading "C:\\Users\\user1\\Documents\\GitHub\\tcl-1.0\\src\\app\\(employer-dashboard)\\job-postings\\page.tsx"
2026-03-09T07:02:52.957255Z  INFO tailwindcss_oxide::scanner: Reading "C:\\Users\\user1\\Documents\\GitHub\\tcl-1.0\\tsconfig.json"
2026-03-09T07:02:52.957314Z  INFO tailwindcss_oxide::scanner: Reading "C:\\Users\\user1\\Documents\\GitHub\\tcl-1.0\\src\\components\\job-posting\\JobCard.tsx"
2026-03-09T07:02:52.957412Z  INFO tailwindcss_oxide::scanner: Reading "C:\\Users\\user1\\Documents\\GitHub\\tcl-1.0\\src\\components\\auth\\EmployerAuthModal.tsx"
2026-03-09T07:02:52.957526Z  INFO tailwindcss_oxide::scanner: Reading "C:\\Users\\user1\\Documents\\GitHub\\tcl-1.0\\src\\components\\seeker\\profile\\sections\\Accomplishments.tsx"
2026-03-09T07:02:52.957587Z  INFO tailwindcss_oxide::scanner: Reading "C:\\Users\\user1\\Documents\\GitHub\\tcl-1.0\\src\\components\\seeker\\profile\\modals\\EditResumeModal.tsx"
2026-03-09T07:02:52.957741Z  INFO tailwindcss_oxide::scanner: Reading "C:\\Users\\user1\\Documents\\GitHub\\tcl-1.0\\src\\components\\job-posting\\JobPostingsContent.tsx"
2026-03-09T07:02:52.957752Z  INFO tailwindcss_oxide::scanner: Reading "C:\\Users\\user1\\Documents\\GitHub\\tcl-1.0\\src\\app\\(employer-dashboard)\\layout.tsx"
2026-03-09T07:02:52.958692Z  INFO tailwindcss_oxide::scanner: Reading "C:\\Users\\user1\\Documents\\GitHub\\tcl-1.0\\src\\components\\job-posting\\JobPostingsHeader.tsx"
2026-03-09T07:02:52.959193Z  INFO tailwindcss_oxide::scanner: Reading "C:\\Users\\user1\\Documents\\GitHub\\tcl-1.0\\src\\components\\job-posting\\JobPostsList.tsx"
2026-03-09T07:02:52.959393Z  INFO tailwindcss_oxide::scanner: Reading "C:\\Users\\user1\\Documents\\GitHub\\tcl-1.0\\Employer-dashboard-application.pen"
2026-03-09T07:02:52.957762Z  INFO tailwindcss_oxide::scanner: Reading "C:\\Users\\user1\\Documents\\GitHub\\tcl-1.0\\src\\components\\auth\\ForgotPasswordForm.tsx"
2026-03-09T07:02:52.957890Z  INFO tailwindcss_oxide::scanner: Reading "C:\\Users\\user1\\Documents\\GitHub\\tcl-1.0\\y.txt"
2026-03-09T07:02:52.957957Z  INFO tailwindcss_oxide::scanner: Reading "C:\\Users\\user1\\Documents\\GitHub\\tcl-1.0\\src\\components\\profile\\sections\\EducationSection.tsx"
2026-03-09T07:02:52.960280Z  INFO tailwindcss_oxide::scanner: Reading "C:\\Users\\user1\\Documents\\GitHub\\tcl-1.0\\src\\components\\profile\\SkillBadge.tsx"
2026-03-09T07:02:52.960404Z  INFO tailwindcss_oxide::scanner: Reading "C:\\Users\\user1\\Documents\\GitHub\\tcl-1.0\\src\\components\\profile\\sections\\PersonalDetailsSection.tsx"
2026-03-09T07:02:52.960440Z  INFO tailwindcss_oxide::scanner: Reading "C:\\Users\\user1\\Documents\\GitHub\\tcl-1.0\\src\\components\\job-posting\\StatusFilterStrip.tsx"
2026-03-09T07:02:52.960533Z  INFO tailwindcss_oxide::scanner: Reading "C:\\Users\\user1\\Documents\\GitHub\\tcl-1.0\\eslint.config.mjs"
2026-03-09T07:02:52.960676Z  INFO tailwindcss_oxide::scanner: Reading "C:\\Users\\user1\\Documents\\GitHub\\tcl-1.0\\src\\components\\auth\\LoginForm.tsx"
2026-03-09T07:02:52.960729Z  INFO tailwindcss_oxide::scanner: Reading "C:\\Users\\user1\\Documents\\GitHub\\tcl-1.0\\src\\components\\seeker\\profile\\sections\\BasicDetails.tsx"
2026-03-09T07:02:52.960744Z  INFO tailwindcss_oxide::scanner: Reading "C:\\Users\\user1\\Documents\\GitHub\\tcl-1.0\\fix-db-profile.ts"
2026-03-09T07:02:52.960916Z  INFO tailwindcss_oxide::scanner: Reading "C:\\Users\\user1\\Documents\\GitHub\\tcl-1.0\\fix-db.ts"
2026-03-09T07:02:52.960926Z  INFO tailwindcss_oxide::scanner: Reading "C:\\Users\\user1\\Documents\\GitHub\\tcl-1.0\\src\\components\\profile\\sections\\PreferencesSection.tsx"
2026-03-09T07:02:52.961114Z  INFO tailwindcss_oxide::scanner: Reading "C:\\Users\\user1\\Documents\\GitHub\\tcl-1.0\\src\\components\\profile\\smart\\SmartSuggest.tsx"
2026-03-09T07:02:52.961124Z  INFO tailwindcss_oxide::scanner: Reading "C:\\Users\\user1\\Documents\\GitHub\\tcl-1.0\\src\\components\\auth\\RegisterForm.tsx"
2026-03-09T07:02:52.961206Z  INFO tailwindcss_oxide::scanner: Reading "C:\\Users\\user1\\Documents\\GitHub\\tcl-1.0\\src\\components\\layout\\EmployerNavbar.tsx"
2026-03-09T07:02:52.961179Z  INFO tailwindcss_oxide::scanner: Reading "C:\\Users\\user1\\Documents\\GitHub\\tcl-1.0\\src\\components\\seeker\\profile\\sections\\CareerPreferences.tsx"
2026-03-09T07:02:52.961474Z  INFO tailwindcss_oxide::scanner: Reading "C:\\Users\\user1\\Documents\\GitHub\\tcl-1.0\\next.config.ts"
2026-03-09T07:02:52.961585Z  INFO tailwindcss_oxide::scanner: Reading "C:\\Users\\user1\\Documents\\GitHub\\tcl-1.0\\src\\components\\layout\\Footer.tsx"
2026-03-09T07:02:52.961474Z  INFO tailwindcss_oxide::scanner: Reading "C:\\Users\\user1\\Documents\\GitHub\\tcl-1.0\\src\\components\\profile\\sections\\ProfessionalStatusSection.tsx"
2026-03-09T07:02:52.961689Z  INFO tailwindcss_oxide::scanner: Reading "C:\\Users\\user1\\Documents\\GitHub\\tcl-1.0\\src\\app\\api\\auth\\forgot-password\\route.ts"
2026-03-09T07:02:52.961582Z  INFO tailwindcss_oxide::scanner: Reading "C:\\Users\\user1\\Documents\\GitHub\\tcl-1.0\\src\\components\\profile\\TagInput.tsx"
2026-03-09T07:02:52.961784Z  INFO tailwindcss_oxide::scanner: Reading "C:\\Users\\user1\\Documents\\GitHub\\tcl-1.0\\src\\components\\auth\\RegistrationJourneyIllustration.tsx"
2026-03-09T07:02:52.961812Z  INFO tailwindcss_oxide::scanner: Reading "C:\\Users\\user1\\Documents\\GitHub\\tcl-1.0\\src\\components\\seeker\\profile\\sections\\CompetitiveExams.tsx"
2026-03-09T07:02:52.962054Z  INFO tailwindcss_oxide::scanner: Reading "C:\\Users\\user1\\Documents\\GitHub\\tcl-1.0\\src\\components\\profile\\sections\\ProfileSummarySection.tsx"
2026-03-09T07:02:52.962158Z  INFO tailwindcss_oxide::scanner: Reading "C:\\Users\\user1\\Documents\\GitHub\\tcl-1.0\\src\\components\\layout\\LayoutWrapper.tsx"
2026-03-09T07:02:52.962240Z  INFO tailwindcss_oxide::scanner: Reading "C:\\Users\\user1\\Documents\\GitHub\\tcl-1.0\\src\\components\\profile\\Timeline.tsx"
2026-03-09T07:02:52.962273Z  INFO tailwindcss_oxide::scanner: Reading "C:\\Users\\user1\\Documents\\GitHub\\tcl-1.0\\src\\components\\seeker\\profile\\sections\\Education.tsx"
2026-03-09T07:02:52.962365Z  INFO tailwindcss_oxide::scanner: Reading "C:\\Users\\user1\\Documents\\GitHub\\tcl-1.0\\src\\app\\api\\auth\\reset-password\\route.ts"
2026-03-09T07:02:52.962455Z  INFO tailwindcss_oxide::scanner: Reading "C:\\Users\\user1\\Documents\\GitHub\\tcl-1.0\\src\\components\\auth\\ResetPasswordForm.tsx"
2026-03-09T07:02:52.962745Z  INFO tailwindcss_oxide::scanner: Reading "C:\\Users\\user1\\Documents\\GitHub\\tcl-1.0\\src\\components\\layout\\LoggedInNavbar.tsx"
2026-03-09T07:02:52.962846Z  INFO tailwindcss_oxide::scanner: Reading "C:\\Users\\user1\\Documents\\GitHub\\tcl-1.0\\src\\app\\api\\auth\\[...nextauth]\\route.ts"
2026-03-09T07:02:52.962880Z  INFO tailwindcss_oxide::scanner: Reading "C:\\Users\\user1\\Documents\\GitHub\\tcl-1.0\\src\\components\\profile\\wizard\\ProfileWizard.tsx"
2026-03-09T07:02:52.962951Z  INFO tailwindcss_oxide::scanner: Reading "C:\\Users\\user1\\Documents\\GitHub\\tcl-1.0\\src\\components\\profile\\sections\\ProjectsSection.tsx"
2026-03-09T07:02:52.963023Z  INFO tailwindcss_oxide::scanner: Reading "C:\\Users\\user1\\Documents\\GitHub\\tcl-1.0\\src\\app\\api\\profile\\achievements\\route.ts"
2026-03-09T07:02:52.963096Z  INFO tailwindcss_oxide::scanner: Reading "C:\\Users\\user1\\Documents\\GitHub\\tcl-1.0\\src\\components\\seeker\\profile\\sections\\Employment.tsx"
2026-03-09T07:02:52.963188Z  INFO tailwindcss_oxide::scanner: Reading "C:\\Users\\user1\\Documents\\GitHub\\tcl-1.0\\src\\app\\api\\profile\\education\\route.ts"
2026-03-09T07:02:52.963192Z  INFO tailwindcss_oxide::scanner: Reading "C:\\Users\\user1\\Documents\\GitHub\\tcl-1.0\\src\\components\\auth\\SeekerRegisterForm.tsx"
2026-03-09T07:02:52.963317Z  INFO tailwindcss_oxide::scanner: Reading "C:\\Users\\user1\\Documents\\GitHub\\tcl-1.0\\src\\components\\layout\\MobileBottomNav.tsx"
2026-03-09T07:02:52.963346Z  INFO tailwindcss_oxide::scanner: Reading "C:\\Users\\user1\\Documents\\GitHub\\tcl-1.0\\src\\app\\api\\profile\\experience\\route.ts"
2026-03-09T07:02:52.963498Z  INFO tailwindcss_oxide::scanner: Reading "C:\\Users\\user1\\Documents\\GitHub\\tcl-1.0\\src\\components\\seeker\\profile\\sections\\Internships.tsx"
2026-03-09T07:02:52.963671Z  INFO tailwindcss_oxide::scanner: Reading "C:\\Users\\user1\\Documents\\GitHub\\tcl-1.0\\src\\components\\profile\\wizard\\steps\\Step1Account.tsx"
2026-03-09T07:02:52.963701Z  INFO tailwindcss_oxide::scanner: Reading "C:\\Users\\user1\\Documents\\GitHub\\tcl-1.0\\src\\app\\api\\profile\\languages\\route.ts"
2026-03-09T07:02:52.963749Z  INFO tailwindcss_oxide::scanner: Reading "C:\\Users\\user1\\Documents\\GitHub\\tcl-1.0\\src\\components\\profile\\wizard\\StepProgress.tsx"
2026-03-09T07:02:52.964094Z  INFO tailwindcss_oxide::scanner: Reading "C:\\Users\\user1\\Documents\\GitHub\\tcl-1.0\\src\\app\\api\\profile\\projects\\route.ts"
2026-03-09T07:02:52.964136Z  INFO tailwindcss_oxide::scanner: Reading "C:\\Users\\user1\\Documents\\GitHub\\tcl-1.0\\src\\components\\profile\\wizard\\steps\\Step2Personal.tsx"
2026-03-09T07:02:52.964710Z  INFO tailwindcss_oxide::scanner: Reading "C:\\Users\\user1\\Documents\\GitHub\\tcl-1.0\\src\\components\\profile\\wizard\\steps\\Step3Professional.tsx"
2026-03-09T07:02:52.964842Z  INFO tailwindcss_oxide::scanner: Reading "C:\\Users\\user1\\Documents\\GitHub\\tcl-1.0\\src\\components\\profile\\sections\\ResumeLinksSection.tsx"
2026-03-09T07:02:52.964966Z  INFO tailwindcss_oxide::scanner: Reading "C:\\Users\\user1\\Documents\\GitHub\\tcl-1.0\\package.json"
2026-03-09T07:02:52.965143Z  INFO tailwindcss_oxide::scanner: Reading "C:\\Users\\user1\\Documents\\GitHub\\tcl-1.0\\src\\components\\seeker\\profile\\sections\\KeySkills.tsx"
2026-03-09T07:02:52.965360Z  INFO tailwindcss_oxide::scanner: Reading "C:\\Users\\user1\\Documents\\GitHub\\tcl-1.0\\src\\components\\profile\\wizard\\steps\\Step5Skills.tsx"
2026-03-09T07:02:52.965371Z  INFO tailwindcss_oxide::scanner: Reading "C:\\Users\\user1\\Documents\\GitHub\\tcl-1.0\\src\\components\\auth\\SessionProvider.tsx"
2026-03-09T07:02:52.963779Z  INFO tailwindcss_oxide::scanner: Reading "C:\\Users\\user1\\Documents\\GitHub\\tcl-1.0\\src\\components\\layout\\Navbar.tsx"
2026-03-09T07:02:52.965324Z  INFO tailwindcss_oxide::scanner: Reading "C:\\Users\\user1\\Documents\\GitHub\\tcl-1.0\\postcss.config.mjs"
2026-03-09T07:02:52.965509Z  INFO tailwindcss_oxide::scanner: Reading "C:\\Users\\user1\\Documents\\GitHub\\tcl-1.0\\src\\components\\profile\\sections\\SkillsSection.tsx"
2026-03-09T07:02:52.965940Z  INFO tailwindcss_oxide::scanner: Reading "C:\\Users\\user1\\Documents\\GitHub\\tcl-1.0\\src\\components\\layout\\NavbarClient.tsx"
2026-03-09T07:02:52.965939Z  INFO tailwindcss_oxide::scanner: Reading "C:\\Users\\user1\\Documents\\GitHub\\tcl-1.0\\src\\components\\profile\\wizard\\StepTransition.tsx"
2026-03-09T07:02:52.966049Z  INFO tailwindcss_oxide::scanner: Reading "C:\\Users\\user1\\Documents\\GitHub\\tcl-1.0\\src\\components\\company\\AboutSection.tsx"
2026-03-09T07:02:52.966085Z  INFO tailwindcss_oxide::scanner: Reading "C:\\Users\\user1\\Documents\\GitHub\\tcl-1.0\\src\\components\\profile\\sections\\VerificationSection.tsx"
2026-03-09T07:02:52.966048Z  INFO tailwindcss_oxide::scanner: Reading "C:\\Users\\user1\\Documents\\GitHub\\tcl-1.0\\src\\components\\seeker\\profile\\sections\\Languages.tsx"
2026-03-09T07:02:52.966259Z  INFO tailwindcss_oxide::scanner: Reading "C:\\Users\\user1\\Documents\\GitHub\\tcl-1.0\\src\\components\\layout\\NotificationPopup.tsx"
2026-03-09T07:02:52.966497Z  INFO tailwindcss_oxide::scanner: Reading "C:\\Users\\user1\\Documents\\GitHub\\tcl-1.0\\src\\components\\profile\\wizard\\steps\\index.ts"
2026-03-09T07:02:52.966542Z  INFO tailwindcss_oxide::scanner: Reading "C:\\Users\\user1\\Documents\\GitHub\\tcl-1.0\\src\\components\\seeker\\profile\\sections\\ProfileSummary.tsx"
2026-03-09T07:02:52.966615Z  INFO tailwindcss_oxide::scanner: Reading "C:\\Users\\user1\\Documents\\GitHub\\tcl-1.0\\src\\components\\company\\CompanyHero.tsx"
2026-03-09T07:02:52.966649Z  INFO tailwindcss_oxide::scanner: Reading "C:\\Users\\user1\\Documents\\GitHub\\tcl-1.0\\public\\favicon.svg"
2026-03-09T07:02:52.966988Z  INFO tailwindcss_oxide::scanner: Reading "C:\\Users\\user1\\Documents\\GitHub\\tcl-1.0\\src\\components\\onboarding\\OnboardingSidebar.tsx"
2026-03-09T07:02:52.967053Z  INFO tailwindcss_oxide::scanner: Reading "C:\\Users\\user1\\Documents\\GitHub\\tcl-1.0\\src\\components\\profile\\wizard\\WizardNavigation.tsx"
2026-03-09T07:02:52.967260Z  INFO tailwindcss_oxide::scanner: Reading "C:\\Users\\user1\\Documents\\GitHub\\tcl-1.0\\public\\file.svg"
2026-03-09T07:02:52.967285Z  INFO tailwindcss_oxide::scanner: Reading "C:\\Users\\user1\\Documents\\GitHub\\tcl-1.0\\src\\components\\seeker\\profile\\sections\\Projects.tsx"
2026-03-09T07:02:52.967069Z  INFO tailwindcss_oxide::scanner: Reading "C:\\Users\\user1\\Documents\\GitHub\\tcl-1.0\\src\\components\\profile\\sections\\WorkExperienceSection.tsx"
2026-03-09T07:02:52.967366Z  INFO tailwindcss_oxide::scanner: Reading "C:\\Users\\user1\\Documents\\GitHub\\tcl-1.0\\src\\components\\company\\CompanySidebar.tsx"
2026-03-09T07:02:52.967080Z  INFO tailwindcss_oxide::scanner: Reading "C:\\Users\\user1\\Documents\\GitHub\\tcl-1.0\\src\\components\\dashboard\\MobileComponents.tsx"
2026-03-09T07:02:52.967643Z  INFO tailwindcss_oxide::scanner: Reading "C:\\Users\\user1\\Documents\\GitHub\\tcl-1.0\\src\\components\\onboarding\\OnboardingStepper.tsx"
2026-03-09T07:02:52.967736Z  INFO tailwindcss_oxide::scanner: Reading "C:\\Users\\user1\\Documents\\GitHub\\tcl-1.0\\src\\components\\profile\\FormInput.tsx"
2026-03-09T07:02:52.967879Z  INFO tailwindcss_oxide::scanner: Reading "C:\\Users\\user1\\Documents\\GitHub\\tcl-1.0\\src\\components\\profile\\DatePicker.tsx"
2026-03-09T07:02:52.967924Z  INFO tailwindcss_oxide::scanner: Reading "C:\\Users\\user1\\Documents\\GitHub\\tcl-1.0\\src\\components\\profile\\SegmentedControl.tsx"
2026-03-09T07:02:52.968118Z  INFO tailwindcss_oxide::scanner: Reading "C:\\Users\\user1\\Documents\\GitHub\\tcl-1.0\\src\\components\\profile\\FormSelect.tsx"
2026-03-09T07:02:52.968160Z  INFO tailwindcss_oxide::scanner: Reading "C:\\Users\\user1\\Documents\\GitHub\\tcl-1.0\\src\\components\\company\\CultureGrid.tsx"
2026-03-09T07:02:52.968063Z  INFO tailwindcss_oxide::scanner: Reading "C:\\Users\\user1\\Documents\\GitHub\\tcl-1.0\\src\\components\\profile\\FileUpload.tsx"
2026-03-09T07:02:52.968212Z  INFO tailwindcss_oxide::scanner: Reading "C:\\Users\\user1\\Documents\\GitHub\\tcl-1.0\\public\\globe.svg"
2026-03-09T07:02:52.968514Z  INFO tailwindcss_oxide::scanner: Reading "C:\\Users\\user1\\Documents\\GitHub\\tcl-1.0\\src\\components\\dashboard\\ProfileSidebar.tsx"
2026-03-09T07:02:52.968619Z  INFO tailwindcss_oxide::scanner: Reading "C:\\Users\\user1\\Documents\\GitHub\\tcl-1.0\\src\\components\\profile\\ProgressBar.tsx"
2026-03-09T07:02:52.968703Z  INFO tailwindcss_oxide::scanner: Reading "C:\\Users\\user1\\Documents\\GitHub\\tcl-1.0\\src\\components\\company\\LocationSection.tsx"
2026-03-09T07:02:52.968823Z  INFO tailwindcss_oxide::scanner: Reading "C:\\Users\\user1\\Documents\\GitHub\\tcl-1.0\\src\\components\\profile\\RangeSlider.tsx"
2026-03-09T07:02:52.969008Z  INFO tailwindcss_oxide::scanner: Reading "C:\\Users\\user1\\Documents\\GitHub\\tcl-1.0\\public\\next.svg"
2026-03-09T07:02:52.969091Z  INFO tailwindcss_oxide::scanner: Reading "C:\\Users\\user1\\Documents\\GitHub\\tcl-1.0\\src\\components\\dashboard\\RightSidebar.tsx"
2026-03-09T07:02:52.969155Z  INFO tailwindcss_oxide::scanner: Reading "C:\\Users\\user1\\Documents\\GitHub\\tcl-1.0\\src\\components\\company\\OpenRolesList.tsx"
2026-03-09T07:02:52.969799Z  INFO tailwindcss_oxide::scanner: Reading "C:\\Users\\user1\\Documents\\GitHub\\tcl-1.0\\src\\components\\dashboard\\SidebarNav.tsx"
2026-03-09T07:02:52.969961Z  INFO tailwindcss_oxide::scanner: Reading "C:\\Users\\user1\\Documents\\GitHub\\tcl-1.0\\src\\app\\api\\profile\\route.ts"
2026-03-09T07:02:52.970468Z  INFO tailwindcss_oxide::scanner: Reading "C:\\Users\\user1\\Documents\\GitHub\\tcl-1.0\\src\\app\\api\\profile\\skills\\route.ts"
2026-03-09T07:02:52.970441Z  INFO tailwindcss_oxide::scanner: Reading "C:\\Users\\user1\\Documents\\GitHub\\tcl-1.0\\public\\vercel.svg"
2026-03-09T07:02:52.970594Z  INFO tailwindcss_oxide::scanner: Reading "C:\\Users\\user1\\Documents\\GitHub\\tcl-1.0\\src\\components\\search\\SearchJobCard.tsx"
2026-03-09T07:02:52.970906Z  INFO tailwindcss_oxide::scanner: Reading "C:\\Users\\user1\\Documents\\GitHub\\tcl-1.0\\src\\components\\dashboard\\DashboardBlogSection.tsx"
2026-03-09T07:02:52.968486Z  INFO tailwindcss_oxide::scanner: Reading "C:\\Users\\user1\\Documents\\GitHub\\tcl-1.0\\src\\components\\company\\PerksSection.tsx"
2026-03-09T07:02:52.971207Z  INFO tailwindcss_oxide::scanner: Reading "C:\\Users\\user1\\Documents\\GitHub\\tcl-1.0\\src\\components\\seeker\\profile\\EmptyState.tsx"
2026-03-09T07:02:52.971222Z  INFO tailwindcss_oxide::scanner: Reading "C:\\Users\\user1\\Documents\\GitHub\\tcl-1.0\\src\\app\\basic-profile\\page.tsx"
2026-03-09T07:02:52.971293Z  INFO tailwindcss_oxide::scanner: Reading "C:\\Users\\user1\\Documents\\GitHub\\tcl-1.0\\src\\components\\dashboard\\DashboardJobCard.tsx"
2026-03-09T07:02:52.971309Z  INFO tailwindcss_oxide::scanner: Reading "C:\\Users\\user1\\Documents\\GitHub\\tcl-1.0\\src\\components\\employer\\EmployerNavbar.tsx"
2026-03-09T07:02:52.971544Z  INFO tailwindcss_oxide::scanner: Reading "C:\\Users\\user1\\Documents\\GitHub\\tcl-1.0\\src\\components\\dashboard\\StatsWidget.tsx"
2026-03-09T07:02:52.971782Z  INFO tailwindcss_oxide::scanner: Reading "C:\\Users\\user1\\Documents\\GitHub\\tcl-1.0\\src\\components\\employer-dashboard\\QuickActionsPanel.tsx"
2026-03-09T07:02:52.971783Z  INFO tailwindcss_oxide::scanner: Reading "C:\\Users\\user1\\Documents\\GitHub\\tcl-1.0\\src\\components\\employer-application\\ActiveJobsStrip.tsx"
2026-03-09T07:02:52.971812Z  INFO tailwindcss_oxide::scanner: Reading "C:\\Users\\user1\\Documents\\GitHub\\tcl-1.0\\src\\app\\job\\[id]\\page.tsx"
2026-03-09T07:02:52.971951Z  INFO tailwindcss_oxide::scanner: Reading "C:\\Users\\user1\\Documents\\GitHub\\tcl-1.0\\src\\app\\company\\[id]\\page.tsx"
2026-03-09T07:02:52.972287Z  INFO tailwindcss_oxide::scanner: Reading "C:\\Users\\user1\\Documents\\GitHub\\tcl-1.0\\src\\components\\employer-application\\applicantsData.ts"
2026-03-09T07:02:52.972315Z  INFO tailwindcss_oxide::scanner: Reading "C:\\Users\\user1\\Documents\\GitHub\\tcl-1.0\\src\\components\\dashboard\\UpgradeBanner.tsx"
2026-03-09T07:02:52.972343Z  INFO tailwindcss_oxide::scanner: Reading "C:\\Users\\user1\\Documents\\GitHub\\tcl-1.0\\public\\window.svg"
2026-03-09T07:02:52.972518Z  INFO tailwindcss_oxide::scanner: Reading "C:\\Users\\user1\\Documents\\GitHub\\tcl-1.0\\src\\components\\employer-dashboard\\RecentApplicationsTable.tsx"
2026-03-09T07:02:52.972556Z  INFO tailwindcss_oxide::scanner: Reading "C:\\Users\\user1\\Documents\\GitHub\\tcl-1.0\\src\\components\\employer-application\\ApplicationsTopBar.tsx"
2026-03-09T07:02:52.972702Z  INFO tailwindcss_oxide::scanner: Reading "C:\\Users\\user1\\Documents\\GitHub\\tcl-1.0\\src\\app\\detailed-seeker-profile\\page.tsx"
2026-03-09T07:02:52.972802Z  INFO tailwindcss_oxide::scanner: Reading "C:\\Users\\user1\\Documents\\GitHub\\tcl-1.0\\src\\app\\layout.tsx"
2026-03-09T07:02:52.973278Z  INFO tailwindcss_oxide::scanner: Reading "C:\\Users\\user1\\Documents\\GitHub\\tcl-1.0\\src\\app\\login\\page.tsx"
2026-03-09T07:02:52.973324Z  INFO tailwindcss_oxide::scanner: Reading "C:\\Users\\user1\\Documents\\GitHub\\tcl-1.0\\src\\components\\employer-dashboard\\TabletNavStrip.tsx"
2026-03-09T07:02:52.973379Z  INFO tailwindcss_oxide::scanner: Reading "C:\\Users\\user1\\Documents\\GitHub\\tcl-1.0\\src\\components\\employer\\EmployerFooter.tsx"
2026-03-09T07:02:52.973452Z  INFO tailwindcss_oxide::scanner: Reading "C:\\Users\\user1\\Documents\\GitHub\\tcl-1.0\\src\\components\\employer-application\\ApplicantsTable.tsx"
2026-03-09T07:02:52.973484Z  INFO tailwindcss_oxide::scanner: Reading "C:\\Users\\user1\\Documents\\GitHub\\tcl-1.0\\src\\components\\employer-application\\FilterPanel.tsx"
2026-03-09T07:02:52.973589Z  INFO tailwindcss_oxide::scanner: Reading "C:\\Users\\user1\\Documents\\GitHub\\tcl-1.0\\src\\app\\onboarding\\education\\page.tsx"
2026-03-09T07:02:52.973293Z  INFO tailwindcss_oxide::scanner: Reading "C:\\Users\\user1\\Documents\\GitHub\\tcl-1.0\\README.md"
2026-03-09T07:02:52.973657Z  INFO tailwindcss_oxide::scanner: Reading "C:\\Users\\user1\\Documents\\GitHub\\tcl-1.0\\src\\app\\forgot-password\\page.tsx"
2026-03-09T07:02:52.973362Z  INFO tailwindcss_oxide::scanner: Reading "C:\\Users\\user1\\Documents\\GitHub\\tcl-1.0\\src\\components\\company\\StatsSection.tsx"
2026-03-09T07:02:52.973811Z  INFO tailwindcss_oxide::scanner: Reading "C:\\Users\\user1\\Documents\\GitHub\\tcl-1.0\\src\\components\\employer-dashboard\\UpcomingInterviewsCard.tsx"
2026-03-09T07:02:52.973858Z  INFO tailwindcss_oxide::scanner: Reading "C:\\Users\\user1\\Documents\\GitHub\\tcl-1.0\\src\\app\\icon.svg"
2026-03-09T07:02:52.973972Z  INFO tailwindcss_oxide::scanner: Reading "C:\\Users\\user1\\Documents\\GitHub\\tcl-1.0\\src\\components\\employer-application\\StatusFilterTabs.tsx"
2026-03-09T07:02:52.974068Z  INFO tailwindcss_oxide::scanner: Reading "C:\\Users\\user1\\Documents\\GitHub\\tcl-1.0\\src\\components\\employer-application\\ApplicationsContent.tsx"
2026-03-09T07:02:52.974099Z  INFO tailwindcss_oxide::scanner: Reading "C:\\Users\\user1\\Documents\\GitHub\\tcl-1.0\\src\\actions\\auth.actions.ts"
2026-03-09T07:02:52.974198Z  INFO tailwindcss_oxide::scanner: Reading "C:\\Users\\user1\\Documents\\GitHub\\tcl-1.0\\src\\components\\employer-dashboard\\DashboardSidebar.tsx"
2026-03-09T07:02:52.974281Z  INFO tailwindcss_oxide::scanner: Reading "C:\\Users\\user1\\Documents\\GitHub\\tcl-1.0\\src\\actions\\employer.actions.ts"
2026-03-09T07:02:52.974362Z  INFO tailwindcss_oxide::scanner: Reading "C:\\Users\\user1\\Documents\\GitHub\\tcl-1.0\\src\\app\\onboarding\\page.tsx"
2026-03-09T07:02:52.974465Z  INFO tailwindcss_oxide::scanner: Reading "C:\\Users\\user1\\Documents\\GitHub\\tcl-1.0\\src\\components\\employers\\BuiltForEveryEmployerSection.tsx"
2026-03-09T07:02:52.974603Z  INFO tailwindcss_oxide::scanner: Reading "C:\\Users\\user1\\Documents\\GitHub\\tcl-1.0\\src\\components\\employer-application\\ApplicationsMobileHeader.tsx"
2026-03-09T07:02:52.974599Z  INFO tailwindcss_oxide::scanner: Reading "C:\\Users\\user1\\Documents\\GitHub\\tcl-1.0\\src\\components\\employer-application\\ApplicationsPagination.tsx"
2026-03-09T07:02:52.974642Z  INFO tailwindcss_oxide::scanner: Reading "C:\\Users\\user1\\Documents\\GitHub\\tcl-1.0\\src\\components\\employer-dashboard\\DashboardTopBar.tsx"
2026-03-09T07:02:52.974850Z  INFO tailwindcss_oxide::scanner: Reading "C:\\Users\\user1\\Documents\\GitHub\\tcl-1.0\\src\\actions\\job.actions.ts"
2026-03-09T07:02:52.974876Z  INFO tailwindcss_oxide::scanner: Reading "C:\\Users\\user1\\Documents\\GitHub\\tcl-1.0\\src\\app\\employers\\client-registration\\page.tsx"
2026-03-09T07:02:52.975181Z  INFO tailwindcss_oxide::scanner: Reading "C:\\Users\\user1\\Documents\\GitHub\\tcl-1.0\\src\\components\\employer-dashboard\\MetricsRow.tsx"
2026-03-09T07:02:52.975627Z  INFO tailwindcss_oxide::scanner: Reading "C:\\Users\\user1\\Documents\\GitHub\\tcl-1.0\\src\\app\\onboarding\\preferences\\page.tsx"
2026-03-09T07:02:52.975287Z  INFO tailwindcss_oxide::scanner: Reading "C:\\Users\\user1\\Documents\\GitHub\\tcl-1.0\\src\\app\\employers\\page.tsx"
2026-03-09T07:02:52.975621Z  INFO tailwindcss_oxide::scanner: Reading "C:\\Users\\user1\\Documents\\GitHub\\tcl-1.0\\src\\components\\employers\\FAQSection.tsx"
2026-03-09T07:02:52.975885Z  INFO tailwindcss_oxide::scanner: Reading "C:\\Users\\user1\\Documents\\GitHub\\tcl-1.0\\src\\components\\employers\\CTASection.tsx"
2026-03-09T07:02:52.975686Z  INFO tailwindcss_oxide::scanner: Reading "C:\\Users\\user1\\Documents\\GitHub\\tcl-1.0\\src\\app\\onboarding\\employment\\page.tsx"
2026-03-09T07:02:52.976150Z  INFO tailwindcss_oxide::scanner: Reading "C:\\Users\\user1\\Documents\\GitHub\\tcl-1.0\\src\\app\\(employer-dashboard)\\employer-applications\\page.tsx"
2026-03-09T07:02:52.976212Z  INFO tailwindcss_oxide::scanner: Reading "C:\\Users\\user1\\Documents\\GitHub\\tcl-1.0\\src\\actions\\onboarding.actions.ts"
2026-03-09T07:02:52.976367Z  INFO tailwindcss_oxide::scanner: Reading "C:\\Users\\user1\\Documents\\GitHub\\tcl-1.0\\src\\components\\employer-dashboard\\MobileBottomNav.tsx"
2026-03-09T07:02:52.976596Z  INFO tailwindcss_oxide::scanner: Reading "C:\\Users\\user1\\Documents\\GitHub\\tcl-1.0\\src\\app\\onboarding\\layout.tsx"
2026-03-09T07:02:52.977290Z  INFO tailwindcss_oxide::scanner: Reading "C:\\Users\\user1\\Documents\\GitHub\\tcl-1.0\\src\\components\\employers\\HeroSection.tsx"
2026-03-09T07:02:52.977532Z  INFO extract_candidates:read_all_files: tailwindcss_oxide::scanner: exit
2026-03-09T07:02:52.977570Z  INFO extract_candidates:parse_all_blobs: tailwindcss_oxide::scanner: enter
2026-03-09T07:02:52.977581Z  INFO extract_candidates:parse_all_blobs:extract: tailwindcss_oxide::scanner: enter
2026-03-09T07:02:53.016353Z  INFO extract_candidates:parse_all_blobs:extract: tailwindcss_oxide::scanner: exit
2026-03-09T07:02:53.019472Z  INFO extract_candidates:parse_all_blobs: tailwindcss_oxide::scanner: exit
2026-03-09T07:02:53.019701Z  INFO extract_candidates:read_all_files: tailwindcss_oxide::scanner: enter
2026-03-09T07:02:53.019730Z  INFO extract_candidates:read_all_files: tailwindcss_oxide::scanner: Reading 1 file(s)
2026-03-09T07:02:53.020353Z  INFO extract_candidates:read_all_files: tailwindcss_oxide::scanner: Reading "C:\\Users\\user1\\Documents\\GitHub\\tcl-1.0\\src\\app\\globals.css"
2026-03-09T07:02:53.020419Z  INFO extract_candidates:read_all_files: tailwindcss_oxide::scanner: exit
2026-03-09T07:02:53.020453Z  INFO extract_candidates:extract_css_variables: tailwindcss_oxide::scanner: enter
2026-03-09T07:02:53.020467Z  INFO extract_candidates:extract_css_variables:extract: tailwindcss_oxide::scanner: enter
2026-03-09T07:02:53.021167Z  INFO extract_candidates:extract_css_variables:extract: tailwindcss_oxide::scanner: exit
2026-03-09T07:02:53.021231Z  INFO extract_candidates:extract_css_variables: tailwindcss_oxide::scanner: exit
2026-03-09T07:02:53.026734Z  INFO extract_candidates: tailwindcss_oxide::scanner: exit
2026-03-09T07:02:53.038190Z  INFO get_files: tailwindcss_oxide::scanner: enter
2026-03-09T07:02:53.038261Z  INFO get_files:scan_sources: tailwindcss_oxide::scanner: enter
2026-03-09T07:02:53.044614Z  INFO get_files:scan_sources: tailwindcss_oxide::scanner: Discovering "C:\\Users\\user1\\Documents\\GitHub\\tcl-1.0\\.github"
2026-03-09T07:02:53.045525Z  INFO get_files:scan_sources: tailwindcss_oxide::scanner: Discovering "C:\\Users\\user1\\Documents\\GitHub\\tcl-1.0\\.github\\workflows"
2026-03-09T07:02:53.047585Z  INFO get_files:scan_sources: tailwindcss_oxide::scanner: Discovering "C:\\Users\\user1\\Documents\\GitHub\\tcl-1.0\\drizzle"
2026-03-09T07:02:53.048552Z  INFO get_files:scan_sources: tailwindcss_oxide::scanner: Discovering "C:\\Users\\user1\\Documents\\GitHub\\tcl-1.0\\drizzle\\meta"
2026-03-09T07:02:53.051119Z  INFO get_files:scan_sources: tailwindcss_oxide::scanner: Discovering "C:\\Users\\user1\\Documents\\GitHub\\tcl-1.0\\public"
2026-03-09T07:02:53.052308Z  INFO get_files:scan_sources: tailwindcss_oxide::scanner: Discovering "C:\\Users\\user1\\Documents\\GitHub\\tcl-1.0\\public\\home_trusted_Logo"
2026-03-09T07:02:53.053096Z  INFO get_files:scan_sources: tailwindcss_oxide::scanner: Discovering "C:\\Users\\user1\\Documents\\GitHub\\tcl-1.0\\public\\images"
2026-03-09T07:02:53.053777Z  INFO get_files:scan_sources: tailwindcss_oxide::scanner: Discovering "C:\\Users\\user1\\Documents\\GitHub\\tcl-1.0\\public\\images\\employers"
2026-03-09T07:02:53.054566Z  INFO get_files:scan_sources: tailwindcss_oxide::scanner: Discovering "C:\\Users\\user1\\Documents\\GitHub\\tcl-1.0\\public\\images\\employers\\tools"
2026-03-09T07:02:53.056150Z  INFO get_files:scan_sources: tailwindcss_oxide::scanner: Discovering "C:\\Users\\user1\\Documents\\GitHub\\tcl-1.0\\src"
2026-03-09T07:02:53.056839Z  INFO get_files:scan_sources: tailwindcss_oxide::scanner: Discovering "C:\\Users\\user1\\Documents\\GitHub\\tcl-1.0\\src\\actions"
2026-03-09T07:02:53.058051Z  INFO get_files:scan_sources: tailwindcss_oxide::scanner: Discovering "C:\\Users\\user1\\Documents\\GitHub\\tcl-1.0\\src\\app"
2026-03-09T07:02:53.058819Z  INFO get_files:scan_sources: tailwindcss_oxide::scanner: Discovering "C:\\Users\\user1\\Documents\\GitHub\\tcl-1.0\\src\\app\\(employer-dashboard)"
2026-03-09T07:02:53.059601Z  INFO get_files:scan_sources: tailwindcss_oxide::scanner: Discovering "C:\\Users\\user1\\Documents\\GitHub\\tcl-1.0\\src\\app\\(employer-dashboard)\\employer-applications"
2026-03-09T07:02:53.060625Z  INFO get_files:scan_sources: tailwindcss_oxide::scanner: Discovering "C:\\Users\\user1\\Documents\\GitHub\\tcl-1.0\\src\\app\\(employer-dashboard)\\employer-dashboard"
2026-03-09T07:02:53.061687Z  INFO get_files:scan_sources: tailwindcss_oxide::scanner: Discovering "C:\\Users\\user1\\Documents\\GitHub\\tcl-1.0\\src\\app\\(employer-dashboard)\\employer-dashboard\\post-job"
2026-03-09T07:02:53.062715Z  INFO get_files:scan_sources: tailwindcss_oxide::scanner: Discovering "C:\\Users\\user1\\Documents\\GitHub\\tcl-1.0\\src\\app\\(employer-dashboard)\\job-postings"
2026-03-09T07:02:53.064161Z  INFO get_files:scan_sources: tailwindcss_oxide::scanner: Discovering "C:\\Users\\user1\\Documents\\GitHub\\tcl-1.0\\src\\app\\api"
2026-03-09T07:02:53.065034Z  INFO get_files:scan_sources: tailwindcss_oxide::scanner: Discovering "C:\\Users\\user1\\Documents\\GitHub\\tcl-1.0\\src\\app\\api\\auth"
2026-03-09T07:02:53.065774Z  INFO get_files:scan_sources: tailwindcss_oxide::scanner: Discovering "C:\\Users\\user1\\Documents\\GitHub\\tcl-1.0\\src\\app\\api\\auth\\forgot-password"
2026-03-09T07:02:53.066642Z  INFO get_files:scan_sources: tailwindcss_oxide::scanner: Discovering "C:\\Users\\user1\\Documents\\GitHub\\tcl-1.0\\src\\app\\api\\auth\\reset-password"
2026-03-09T07:02:53.067547Z  INFO get_files:scan_sources: tailwindcss_oxide::scanner: Discovering "C:\\Users\\user1\\Documents\\GitHub\\tcl-1.0\\src\\app\\api\\auth\\[...nextauth]"
2026-03-09T07:02:53.068683Z  INFO get_files:scan_sources: tailwindcss_oxide::scanner: Discovering "C:\\Users\\user1\\Documents\\GitHub\\tcl-1.0\\src\\app\\api\\profile"
2026-03-09T07:02:53.069350Z  INFO get_files:scan_sources: tailwindcss_oxide::scanner: Discovering "C:\\Users\\user1\\Documents\\GitHub\\tcl-1.0\\src\\app\\api\\profile\\achievements"
2026-03-09T07:02:53.070407Z  INFO get_files:scan_sources: tailwindcss_oxide::scanner: Discovering "C:\\Users\\user1\\Documents\\GitHub\\tcl-1.0\\src\\app\\api\\profile\\education"
2026-03-09T07:02:53.071350Z  INFO get_files:scan_sources: tailwindcss_oxide::scanner: Discovering "C:\\Users\\user1\\Documents\\GitHub\\tcl-1.0\\src\\app\\api\\profile\\experience"
2026-03-09T07:02:53.072370Z  INFO get_files:scan_sources: tailwindcss_oxide::scanner: Discovering "C:\\Users\\user1\\Documents\\GitHub\\tcl-1.0\\src\\app\\api\\profile\\languages"
2026-03-09T07:02:53.073028Z  INFO get_files:scan_sources: tailwindcss_oxide::scanner: Discovering "C:\\Users\\user1\\Documents\\GitHub\\tcl-1.0\\src\\app\\api\\profile\\projects"
2026-03-09T07:02:53.074285Z  INFO get_files:scan_sources: tailwindcss_oxide::scanner: Discovering "C:\\Users\\user1\\Documents\\GitHub\\tcl-1.0\\src\\app\\api\\profile\\skills"
2026-03-09T07:02:53.075996Z  INFO get_files:scan_sources: tailwindcss_oxide::scanner: Discovering "C:\\Users\\user1\\Documents\\GitHub\\tcl-1.0\\src\\app\\basic-profile"
2026-03-09T07:02:53.076997Z  INFO get_files:scan_sources: tailwindcss_oxide::scanner: Discovering "C:\\Users\\user1\\Documents\\GitHub\\tcl-1.0\\src\\app\\company"
2026-03-09T07:02:53.077561Z  INFO get_files:scan_sources: tailwindcss_oxide::scanner: Discovering "C:\\Users\\user1\\Documents\\GitHub\\tcl-1.0\\src\\app\\company\\[id]"
2026-03-09T07:02:53.078426Z  INFO get_files:scan_sources: tailwindcss_oxide::scanner: Discovering "C:\\Users\\user1\\Documents\\GitHub\\tcl-1.0\\src\\app\\detailed-seeker-profile"
2026-03-09T07:02:53.079167Z  INFO get_files:scan_sources: tailwindcss_oxide::scanner: Discovering "C:\\Users\\user1\\Documents\\GitHub\\tcl-1.0\\src\\app\\employers"
2026-03-09T07:02:53.080070Z  INFO get_files:scan_sources: tailwindcss_oxide::scanner: Discovering "C:\\Users\\user1\\Documents\\GitHub\\tcl-1.0\\src\\app\\employers\\client-registration"
2026-03-09T07:02:53.081266Z  INFO get_files:scan_sources: tailwindcss_oxide::scanner: Discovering "C:\\Users\\user1\\Documents\\GitHub\\tcl-1.0\\src\\app\\forgot-password"
2026-03-09T07:02:53.082510Z  INFO get_files:scan_sources: tailwindcss_oxide::scanner: Discovering "C:\\Users\\user1\\Documents\\GitHub\\tcl-1.0\\src\\app\\job"
2026-03-09T07:02:53.083112Z  INFO get_files:scan_sources: tailwindcss_oxide::scanner: Discovering "C:\\Users\\user1\\Documents\\GitHub\\tcl-1.0\\src\\app\\job\\[id]"
2026-03-09T07:02:53.084032Z  INFO get_files:scan_sources: tailwindcss_oxide::scanner: Discovering "C:\\Users\\user1\\Documents\\GitHub\\tcl-1.0\\src\\app\\login"
2026-03-09T07:02:53.085014Z  INFO get_files:scan_sources: tailwindcss_oxide::scanner: Discovering "C:\\Users\\user1\\Documents\\GitHub\\tcl-1.0\\src\\app\\onboarding"
2026-03-09T07:02:53.085894Z  INFO get_files:scan_sources: tailwindcss_oxide::scanner: Discovering "C:\\Users\\user1\\Documents\\GitHub\\tcl-1.0\\src\\app\\onboarding\\education"
2026-03-09T07:02:53.086733Z  INFO get_files:scan_sources: tailwindcss_oxide::scanner: Discovering "C:\\Users\\user1\\Documents\\GitHub\\tcl-1.0\\src\\app\\onboarding\\employment"
2026-03-09T07:02:53.090924Z  INFO get_files:scan_sources: tailwindcss_oxide::scanner: Discovering "C:\\Users\\user1\\Documents\\GitHub\\tcl-1.0\\src\\app\\onboarding\\preferences"
2026-03-09T07:02:53.091988Z  INFO get_files:scan_sources: tailwindcss_oxide::scanner: Discovering "C:\\Users\\user1\\Documents\\GitHub\\tcl-1.0\\src\\app\\register"
2026-03-09T07:02:53.092802Z  INFO get_files:scan_sources: tailwindcss_oxide::scanner: Discovering "C:\\Users\\user1\\Documents\\GitHub\\tcl-1.0\\src\\app\\reset-password"
2026-03-09T07:02:53.093480Z  INFO get_files:scan_sources: tailwindcss_oxide::scanner: Discovering "C:\\Users\\user1\\Documents\\GitHub\\tcl-1.0\\src\\app\\reset-password\\[token]"
2026-03-09T07:02:53.094393Z  INFO get_files:scan_sources: tailwindcss_oxide::scanner: Discovering "C:\\Users\\user1\\Documents\\GitHub\\tcl-1.0\\src\\app\\search"
2026-03-09T07:02:53.095309Z  INFO get_files:scan_sources: tailwindcss_oxide::scanner: Discovering "C:\\Users\\user1\\Documents\\GitHub\\tcl-1.0\\src\\app\\seeker"
2026-03-09T07:02:53.095969Z  INFO get_files:scan_sources: tailwindcss_oxide::scanner: Discovering "C:\\Users\\user1\\Documents\\GitHub\\tcl-1.0\\src\\app\\seeker\\dashboard"
2026-03-09T07:02:53.097030Z  INFO get_files:scan_sources: tailwindcss_oxide::scanner: Discovering "C:\\Users\\user1\\Documents\\GitHub\\tcl-1.0\\src\\app\\seeker\\profile"
2026-03-09T07:02:53.097969Z  INFO get_files:scan_sources: tailwindcss_oxide::scanner: Discovering "C:\\Users\\user1\\Documents\\GitHub\\tcl-1.0\\src\\app\\user-applications"
2026-03-09T07:02:53.099225Z  INFO get_files:scan_sources: tailwindcss_oxide::scanner: Discovering "C:\\Users\\user1\\Documents\\GitHub\\tcl-1.0\\src\\components"
2026-03-09T07:02:53.099933Z  INFO get_files:scan_sources: tailwindcss_oxide::scanner: Discovering "C:\\Users\\user1\\Documents\\GitHub\\tcl-1.0\\src\\components\\auth"
2026-03-09T07:02:53.101690Z  INFO get_files:scan_sources: tailwindcss_oxide::scanner: Discovering "C:\\Users\\user1\\Documents\\GitHub\\tcl-1.0\\src\\components\\company"
2026-03-09T07:02:53.103125Z  INFO get_files:scan_sources: tailwindcss_oxide::scanner: Discovering "C:\\Users\\user1\\Documents\\GitHub\\tcl-1.0\\src\\components\\dashboard"
2026-03-09T07:02:53.104625Z  INFO get_files:scan_sources: tailwindcss_oxide::scanner: Discovering "C:\\Users\\user1\\Documents\\GitHub\\tcl-1.0\\src\\components\\employer"
2026-03-09T07:02:53.105627Z  INFO get_files:scan_sources: tailwindcss_oxide::scanner: Discovering "C:\\Users\\user1\\Documents\\GitHub\\tcl-1.0\\src\\components\\employer-application"
2026-03-09T07:02:53.107411Z  INFO get_files:scan_sources: tailwindcss_oxide::scanner: Discovering "C:\\Users\\user1\\Documents\\GitHub\\tcl-1.0\\src\\components\\employer-dashboard"
2026-03-09T07:02:53.108987Z  INFO get_files:scan_sources: tailwindcss_oxide::scanner: Discovering "C:\\Users\\user1\\Documents\\GitHub\\tcl-1.0\\src\\components\\employers"
2026-03-09T07:02:53.110483Z  INFO get_files:scan_sources: tailwindcss_oxide::scanner: Discovering "C:\\Users\\user1\\Documents\\GitHub\\tcl-1.0\\src\\components\\home"
2026-03-09T07:02:53.111961Z  INFO get_files:scan_sources: tailwindcss_oxide::scanner: Discovering "C:\\Users\\user1\\Documents\\GitHub\\tcl-1.0\\src\\components\\job-posting"
2026-03-09T07:02:53.113799Z  INFO get_files:scan_sources: tailwindcss_oxide::scanner: Discovering "C:\\Users\\user1\\Documents\\GitHub\\tcl-1.0\\src\\components\\layout"
2026-03-09T07:02:53.115856Z  INFO get_files:scan_sources: tailwindcss_oxide::scanner: Discovering "C:\\Users\\user1\\Documents\\GitHub\\tcl-1.0\\src\\components\\onboarding"
2026-03-09T07:02:53.117856Z  INFO get_files:scan_sources: tailwindcss_oxide::scanner: Discovering "C:\\Users\\user1\\Documents\\GitHub\\tcl-1.0\\src\\components\\profile"
2026-03-09T07:02:53.119348Z  INFO get_files:scan_sources: tailwindcss_oxide::scanner: Discovering "C:\\Users\\user1\\Documents\\GitHub\\tcl-1.0\\src\\components\\profile\\sections"
2026-03-09T07:02:53.121872Z  INFO get_files:scan_sources: tailwindcss_oxide::scanner: Discovering "C:\\Users\\user1\\Documents\\GitHub\\tcl-1.0\\src\\components\\profile\\smart"
2026-03-09T07:02:53.123500Z  INFO get_files:scan_sources: tailwindcss_oxide::scanner: Discovering "C:\\Users\\user1\\Documents\\GitHub\\tcl-1.0\\src\\components\\profile\\wizard"
2026-03-09T07:02:53.124298Z  INFO get_files:scan_sources: tailwindcss_oxide::scanner: Discovering "C:\\Users\\user1\\Documents\\GitHub\\tcl-1.0\\src\\components\\profile\\wizard\\steps"
2026-03-09T07:02:53.126590Z  INFO get_files:scan_sources: tailwindcss_oxide::scanner: Discovering "C:\\Users\\user1\\Documents\\GitHub\\tcl-1.0\\src\\components\\search"
2026-03-09T07:02:53.127987Z  INFO get_files:scan_sources: tailwindcss_oxide::scanner: Discovering "C:\\Users\\user1\\Documents\\GitHub\\tcl-1.0\\src\\components\\seeker"
2026-03-09T07:02:53.129229Z  INFO get_files:scan_sources: tailwindcss_oxide::scanner: Discovering "C:\\Users\\user1\\Documents\\GitHub\\tcl-1.0\\src\\components\\seeker\\profile"
2026-03-09T07:02:53.130900Z  INFO get_files:scan_sources: tailwindcss_oxide::scanner: Discovering "C:\\Users\\user1\\Documents\\GitHub\\tcl-1.0\\src\\components\\seeker\\profile\\modals"
2026-03-09T07:02:53.133975Z  INFO get_files:scan_sources: tailwindcss_oxide::scanner: Discovering "C:\\Users\\user1\\Documents\\GitHub\\tcl-1.0\\src\\components\\seeker\\profile\\sections"
2026-03-09T07:02:53.138048Z  INFO get_files:scan_sources: tailwindcss_oxide::scanner: Discovering "C:\\Users\\user1\\Documents\\GitHub\\tcl-1.0\\src\\components\\ui"
2026-03-09T07:02:53.141310Z  INFO get_files:scan_sources: tailwindcss_oxide::scanner: Discovering "C:\\Users\\user1\\Documents\\GitHub\\tcl-1.0\\src\\components\\user-applications"
2026-03-09T07:02:53.149187Z  INFO get_files:scan_sources: tailwindcss_oxide::scanner: Discovering "C:\\Users\\user1\\Documents\\GitHub\\tcl-1.0\\src\\data"
2026-03-09T07:02:53.153106Z  INFO get_files:scan_sources: tailwindcss_oxide::scanner: Discovering "C:\\Users\\user1\\Documents\\GitHub\\tcl-1.0\\src\\hooks"
2026-03-09T07:02:53.158944Z  INFO get_files:scan_sources: tailwindcss_oxide::scanner: Discovering "C:\\Users\\user1\\Documents\\GitHub\\tcl-1.0\\src\\lib"
2026-03-09T07:02:53.161039Z  INFO get_files:scan_sources: tailwindcss_oxide::scanner: Discovering "C:\\Users\\user1\\Documents\\GitHub\\tcl-1.0\\src\\lib\\db"
2026-03-09T07:02:53.166035Z  INFO get_files:scan_sources: tailwindcss_oxide::scanner: Discovering "C:\\Users\\user1\\Documents\\GitHub\\tcl-1.0\\src\\lib\\email"
2026-03-09T07:02:53.168284Z  INFO get_files:scan_sources: tailwindcss_oxide::scanner: Discovering "C:\\Users\\user1\\Documents\\GitHub\\tcl-1.0\\src\\lib\\validation"
2026-03-09T07:02:53.172487Z  INFO get_files:scan_sources: tailwindcss_oxide::scanner: Discovering "C:\\Users\\user1\\Documents\\GitHub\\tcl-1.0\\src\\types"
2026-03-09T07:02:53.176885Z  INFO get_files:scan_sources: tailwindcss_oxide::scanner: exit
2026-03-09T07:02:53.178959Z  INFO get_files: tailwindcss_oxide::scanner: exit
2026-03-09T07:02:53.185122Z  INFO get_globs: tailwindcss_oxide::scanner: enter
2026-03-09T07:02:53.185200Z  INFO get_globs:scan_sources: tailwindcss_oxide::scanner: enter
2026-03-09T07:02:53.190471Z  INFO get_globs:scan_sources: tailwindcss_oxide::scanner: Discovering "C:\\Users\\user1\\Documents\\GitHub\\tcl-1.0\\.github"
2026-03-09T07:02:53.191363Z  INFO get_globs:scan_sources: tailwindcss_oxide::scanner: Discovering "C:\\Users\\user1\\Documents\\GitHub\\tcl-1.0\\.github\\workflows"
2026-03-09T07:02:53.200958Z  INFO get_globs:scan_sources: tailwindcss_oxide::scanner: Discovering "C:\\Users\\user1\\Documents\\GitHub\\tcl-1.0\\drizzle"
2026-03-09T07:02:53.201832Z  INFO get_globs:scan_sources: tailwindcss_oxide::scanner: Discovering "C:\\Users\\user1\\Documents\\GitHub\\tcl-1.0\\drizzle\\meta"
2026-03-09T07:02:53.206297Z  INFO get_globs:scan_sources: tailwindcss_oxide::scanner: Discovering "C:\\Users\\user1\\Documents\\GitHub\\tcl-1.0\\public"
2026-03-09T07:02:53.207460Z  INFO get_globs:scan_sources: tailwindcss_oxide::scanner: Discovering "C:\\Users\\user1\\Documents\\GitHub\\tcl-1.0\\public\\home_trusted_Logo"
2026-03-09T07:02:53.208498Z  INFO get_globs:scan_sources: tailwindcss_oxide::scanner: Discovering "C:\\Users\\user1\\Documents\\GitHub\\tcl-1.0\\public\\images"
2026-03-09T07:02:53.209228Z  INFO get_globs:scan_sources: tailwindcss_oxide::scanner: Discovering "C:\\Users\\user1\\Documents\\GitHub\\tcl-1.0\\public\\images\\employers"
2026-03-09T07:02:53.209936Z  INFO get_globs:scan_sources: tailwindcss_oxide::scanner: Discovering "C:\\Users\\user1\\Documents\\GitHub\\tcl-1.0\\public\\images\\employers\\tools"
2026-03-09T07:02:53.211946Z  INFO get_globs:scan_sources: tailwindcss_oxide::scanner: Discovering "C:\\Users\\user1\\Documents\\GitHub\\tcl-1.0\\src"
2026-03-09T07:02:53.212842Z  INFO get_globs:scan_sources: tailwindcss_oxide::scanner: Discovering "C:\\Users\\user1\\Documents\\GitHub\\tcl-1.0\\src\\actions"
2026-03-09T07:02:53.214856Z  INFO get_globs:scan_sources: tailwindcss_oxide::scanner: Discovering "C:\\Users\\user1\\Documents\\GitHub\\tcl-1.0\\src\\app"
2026-03-09T07:02:53.215591Z  INFO get_globs:scan_sources: tailwindcss_oxide::scanner: Discovering "C:\\Users\\user1\\Documents\\GitHub\\tcl-1.0\\src\\app\\(employer-dashboard)"
2026-03-09T07:02:53.216259Z  INFO get_globs:scan_sources: tailwindcss_oxide::scanner: Discovering "C:\\Users\\user1\\Documents\\GitHub\\tcl-1.0\\src\\app\\(employer-dashboard)\\employer-applications"
2026-03-09T07:02:53.222390Z  INFO get_globs:scan_sources: tailwindcss_oxide::scanner: Discovering "C:\\Users\\user1\\Documents\\GitHub\\tcl-1.0\\src\\app\\(employer-dashboard)\\employer-dashboard"
2026-03-09T07:02:53.223367Z  INFO get_globs:scan_sources: tailwindcss_oxide::scanner: Discovering "C:\\Users\\user1\\Documents\\GitHub\\tcl-1.0\\src\\app\\(employer-dashboard)\\employer-dashboard\\post-job"
2026-03-09T07:02:53.224296Z  INFO get_globs:scan_sources: tailwindcss_oxide::scanner: Discovering "C:\\Users\\user1\\Documents\\GitHub\\tcl-1.0\\src\\app\\(employer-dashboard)\\job-postings"
2026-03-09T07:02:53.231460Z  INFO get_globs:scan_sources: tailwindcss_oxide::scanner: Discovering "C:\\Users\\user1\\Documents\\GitHub\\tcl-1.0\\src\\app\\api"
2026-03-09T07:02:53.232122Z  INFO get_globs:scan_sources: tailwindcss_oxide::scanner: Discovering "C:\\Users\\user1\\Documents\\GitHub\\tcl-1.0\\src\\app\\api\\auth"
2026-03-09T07:02:53.234252Z  INFO get_globs:scan_sources: tailwindcss_oxide::scanner: Discovering "C:\\Users\\user1\\Documents\\GitHub\\tcl-1.0\\src\\app\\api\\auth\\forgot-password"
2026-03-09T07:02:53.235355Z  INFO get_globs:scan_sources: tailwindcss_oxide::scanner: Discovering "C:\\Users\\user1\\Documents\\GitHub\\tcl-1.0\\src\\app\\api\\auth\\reset-password"
2026-03-09T07:02:53.236357Z  INFO get_globs:scan_sources: tailwindcss_oxide::scanner: Discovering "C:\\Users\\user1\\Documents\\GitHub\\tcl-1.0\\src\\app\\api\\auth\\[...nextauth]"
2026-03-09T07:02:53.238621Z  INFO get_globs:scan_sources: tailwindcss_oxide::scanner: Discovering "C:\\Users\\user1\\Documents\\GitHub\\tcl-1.0\\src\\app\\api\\profile"
2026-03-09T07:02:53.239390Z  INFO get_globs:scan_sources: tailwindcss_oxide::scanner: Discovering "C:\\Users\\user1\\Documents\\GitHub\\tcl-1.0\\src\\app\\api\\profile\\achievements"
2026-03-09T07:02:53.241307Z  INFO get_globs:scan_sources: tailwindcss_oxide::scanner: Discovering "C:\\Users\\user1\\Documents\\GitHub\\tcl-1.0\\src\\app\\api\\profile\\education"
2026-03-09T07:02:53.242386Z  INFO get_globs:scan_sources: tailwindcss_oxide::scanner: Discovering "C:\\Users\\user1\\Documents\\GitHub\\tcl-1.0\\src\\app\\api\\profile\\experience"
2026-03-09T07:02:53.243397Z  INFO get_globs:scan_sources: tailwindcss_oxide::scanner: Discovering "C:\\Users\\user1\\Documents\\GitHub\\tcl-1.0\\src\\app\\api\\profile\\languages"
2026-03-09T07:02:53.244306Z  INFO get_globs:scan_sources: tailwindcss_oxide::scanner: Discovering "C:\\Users\\user1\\Documents\\GitHub\\tcl-1.0\\src\\app\\api\\profile\\projects"
2026-03-09T07:02:53.245534Z  INFO get_globs:scan_sources: tailwindcss_oxide::scanner: Discovering "C:\\Users\\user1\\Documents\\GitHub\\tcl-1.0\\src\\app\\api\\profile\\skills"
2026-03-09T07:02:53.247835Z  INFO get_globs:scan_sources: tailwindcss_oxide::scanner: Discovering "C:\\Users\\user1\\Documents\\GitHub\\tcl-1.0\\src\\app\\basic-profile"
2026-03-09T07:02:53.248871Z  INFO get_globs:scan_sources: tailwindcss_oxide::scanner: Discovering "C:\\Users\\user1\\Documents\\GitHub\\tcl-1.0\\src\\app\\company"
2026-03-09T07:02:53.249695Z  INFO get_globs:scan_sources: tailwindcss_oxide::scanner: Discovering "C:\\Users\\user1\\Documents\\GitHub\\tcl-1.0\\src\\app\\company\\[id]"
2026-03-09T07:02:53.250826Z  INFO get_globs:scan_sources: tailwindcss_oxide::scanner: Discovering "C:\\Users\\user1\\Documents\\GitHub\\tcl-1.0\\src\\app\\detailed-seeker-profile"
2026-03-09T07:02:53.252062Z  INFO get_globs:scan_sources: tailwindcss_oxide::scanner: Discovering "C:\\Users\\user1\\Documents\\GitHub\\tcl-1.0\\src\\app\\employers"
2026-03-09T07:02:53.252935Z  INFO get_globs:scan_sources: tailwindcss_oxide::scanner: Discovering "C:\\Users\\user1\\Documents\\GitHub\\tcl-1.0\\src\\app\\employers\\client-registration"
2026-03-09T07:02:53.254155Z  INFO get_globs:scan_sources: tailwindcss_oxide::scanner: Discovering "C:\\Users\\user1\\Documents\\GitHub\\tcl-1.0\\src\\app\\forgot-password"
2026-03-09T07:02:53.255057Z  INFO get_globs:scan_sources: tailwindcss_oxide::scanner: Discovering "C:\\Users\\user1\\Documents\\GitHub\\tcl-1.0\\src\\app\\job"
2026-03-09T07:02:53.255722Z  INFO get_globs:scan_sources: tailwindcss_oxide::scanner: Discovering "C:\\Users\\user1\\Documents\\GitHub\\tcl-1.0\\src\\app\\job\\[id]"
2026-03-09T07:02:53.256533Z  INFO get_globs:scan_sources: tailwindcss_oxide::scanner: Discovering "C:\\Users\\user1\\Documents\\GitHub\\tcl-1.0\\src\\app\\login"
2026-03-09T07:02:53.257318Z  INFO get_globs:scan_sources: tailwindcss_oxide::scanner: Discovering "C:\\Users\\user1\\Documents\\GitHub\\tcl-1.0\\src\\app\\onboarding"
2026-03-09T07:02:53.258008Z  INFO get_globs:scan_sources: tailwindcss_oxide::scanner: Discovering "C:\\Users\\user1\\Documents\\GitHub\\tcl-1.0\\src\\app\\onboarding\\education"
2026-03-09T07:02:53.259684Z  INFO get_globs:scan_sources: tailwindcss_oxide::scanner: Discovering "C:\\Users\\user1\\Documents\\GitHub\\tcl-1.0\\src\\app\\onboarding\\employment"
2026-03-09T07:02:53.260735Z  INFO get_globs:scan_sources: tailwindcss_oxide::scanner: Discovering "C:\\Users\\user1\\Documents\\GitHub\\tcl-1.0\\src\\app\\onboarding\\preferences"
2026-03-09T07:02:53.261787Z  INFO get_globs:scan_sources: tailwindcss_oxide::scanner: Discovering "C:\\Users\\user1\\Documents\\GitHub\\tcl-1.0\\src\\app\\register"
2026-03-09T07:02:53.263318Z  INFO get_globs:scan_sources: tailwindcss_oxide::scanner: Discovering "C:\\Users\\user1\\Documents\\GitHub\\tcl-1.0\\src\\app\\reset-password"
2026-03-09T07:02:53.264124Z  INFO get_globs:scan_sources: tailwindcss_oxide::scanner: Discovering "C:\\Users\\user1\\Documents\\GitHub\\tcl-1.0\\src\\app\\reset-password\\[token]"
2026-03-09T07:02:53.265034Z  INFO get_globs:scan_sources: tailwindcss_oxide::scanner: Discovering "C:\\Users\\user1\\Documents\\GitHub\\tcl-1.0\\src\\app\\search"
2026-03-09T07:02:53.265816Z  INFO get_globs:scan_sources: tailwindcss_oxide::scanner: Discovering "C:\\Users\\user1\\Documents\\GitHub\\tcl-1.0\\src\\app\\seeker"
2026-03-09T07:02:53.266502Z  INFO get_globs:scan_sources: tailwindcss_oxide::scanner: Discovering "C:\\Users\\user1\\Documents\\GitHub\\tcl-1.0\\src\\app\\seeker\\dashboard"
2026-03-09T07:02:53.267553Z  INFO get_globs:scan_sources: tailwindcss_oxide::scanner: Discovering "C:\\Users\\user1\\Documents\\GitHub\\tcl-1.0\\src\\app\\seeker\\profile"
2026-03-09T07:02:53.268687Z  INFO get_globs:scan_sources: tailwindcss_oxide::scanner: Discovering "C:\\Users\\user1\\Documents\\GitHub\\tcl-1.0\\src\\app\\user-applications"
2026-03-09T07:02:53.269506Z  INFO get_globs:scan_sources: tailwindcss_oxide::scanner: Discovering "C:\\Users\\user1\\Documents\\GitHub\\tcl-1.0\\src\\components"
2026-03-09T07:02:53.270065Z  INFO get_globs:scan_sources: tailwindcss_oxide::scanner: Discovering "C:\\Users\\user1\\Documents\\GitHub\\tcl-1.0\\src\\components\\auth"
2026-03-09T07:02:53.271403Z  INFO get_globs:scan_sources: tailwindcss_oxide::scanner: Discovering "C:\\Users\\user1\\Documents\\GitHub\\tcl-1.0\\src\\components\\company"
2026-03-09T07:02:53.272737Z  INFO get_globs:scan_sources: tailwindcss_oxide::scanner: Discovering "C:\\Users\\user1\\Documents\\GitHub\\tcl-1.0\\src\\components\\dashboard"
2026-03-09T07:02:53.274289Z  INFO get_globs:scan_sources: tailwindcss_oxide::scanner: Discovering "C:\\Users\\user1\\Documents\\GitHub\\tcl-1.0\\src\\components\\employer"
2026-03-09T07:02:53.276110Z  INFO get_globs:scan_sources: tailwindcss_oxide::scanner: Discovering "C:\\Users\\user1\\Documents\\GitHub\\tcl-1.0\\src\\components\\employer-application"
2026-03-09T07:02:53.278836Z  INFO get_globs:scan_sources: tailwindcss_oxide::scanner: Discovering "C:\\Users\\user1\\Documents\\GitHub\\tcl-1.0\\src\\components\\employer-dashboard"
2026-03-09T07:02:53.281318Z  INFO get_globs:scan_sources: tailwindcss_oxide::scanner: Discovering "C:\\Users\\user1\\Documents\\GitHub\\tcl-1.0\\src\\components\\employers"
2026-03-09T07:02:53.282826Z  INFO get_globs:scan_sources: tailwindcss_oxide::scanner: Discovering "C:\\Users\\user1\\Documents\\GitHub\\tcl-1.0\\src\\components\\home"
2026-03-09T07:02:53.284865Z  INFO get_globs:scan_sources: tailwindcss_oxide::scanner: Discovering "C:\\Users\\user1\\Documents\\GitHub\\tcl-1.0\\src\\components\\job-posting"
2026-03-09T07:02:53.286298Z  INFO get_globs:scan_sources: tailwindcss_oxide::scanner: Discovering "C:\\Users\\user1\\Documents\\GitHub\\tcl-1.0\\src\\components\\layout"
2026-03-09T07:02:53.288033Z  INFO get_globs:scan_sources: tailwindcss_oxide::scanner: Discovering "C:\\Users\\user1\\Documents\\GitHub\\tcl-1.0\\src\\components\\onboarding"
2026-03-09T07:02:53.289203Z  INFO get_globs:scan_sources: tailwindcss_oxide::scanner: Discovering "C:\\Users\\user1\\Documents\\GitHub\\tcl-1.0\\src\\components\\profile"
2026-03-09T07:02:53.290764Z  INFO get_globs:scan_sources: tailwindcss_oxide::scanner: Discovering "C:\\Users\\user1\\Documents\\GitHub\\tcl-1.0\\src\\components\\profile\\sections"
2026-03-09T07:02:53.293292Z  INFO get_globs:scan_sources: tailwindcss_oxide::scanner: Discovering "C:\\Users\\user1\\Documents\\GitHub\\tcl-1.0\\src\\components\\profile\\smart"
2026-03-09T07:02:53.294538Z  INFO get_globs:scan_sources: tailwindcss_oxide::scanner: Discovering "C:\\Users\\user1\\Documents\\GitHub\\tcl-1.0\\src\\components\\profile\\wizard"
2026-03-09T07:02:53.295860Z  INFO get_globs:scan_sources: tailwindcss_oxide::scanner: Discovering "C:\\Users\\user1\\Documents\\GitHub\\tcl-1.0\\src\\components\\profile\\wizard\\steps"
2026-03-09T07:02:53.298604Z  INFO get_globs:scan_sources: tailwindcss_oxide::scanner: Discovering "C:\\Users\\user1\\Documents\\GitHub\\tcl-1.0\\src\\components\\search"
2026-03-09T07:02:53.299294Z  INFO get_globs:scan_sources: tailwindcss_oxide::scanner: Discovering "C:\\Users\\user1\\Documents\\GitHub\\tcl-1.0\\src\\components\\seeker"
2026-03-09T07:02:53.299921Z  INFO get_globs:scan_sources: tailwindcss_oxide::scanner: Discovering "C:\\Users\\user1\\Documents\\GitHub\\tcl-1.0\\src\\components\\seeker\\profile"
2026-03-09T07:02:53.300620Z  INFO get_globs:scan_sources: tailwindcss_oxide::scanner: Discovering "C:\\Users\\user1\\Documents\\GitHub\\tcl-1.0\\src\\components\\seeker\\profile\\modals"
2026-03-09T07:02:53.302802Z  INFO get_globs:scan_sources: tailwindcss_oxide::scanner: Discovering "C:\\Users\\user1\\Documents\\GitHub\\tcl-1.0\\src\\components\\seeker\\profile\\sections"
2026-03-09T07:02:53.304858Z  INFO get_globs:scan_sources: tailwindcss_oxide::scanner: Discovering "C:\\Users\\user1\\Documents\\GitHub\\tcl-1.0\\src\\components\\ui"
2026-03-09T07:02:53.305650Z  INFO get_globs:scan_sources: tailwindcss_oxide::scanner: Discovering "C:\\Users\\user1\\Documents\\GitHub\\tcl-1.0\\src\\components\\user-applications"
2026-03-09T07:02:53.306778Z  INFO get_globs:scan_sources: tailwindcss_oxide::scanner: Discovering "C:\\Users\\user1\\Documents\\GitHub\\tcl-1.0\\src\\data"
2026-03-09T07:02:53.307971Z  INFO get_globs:scan_sources: tailwindcss_oxide::scanner: Discovering "C:\\Users\\user1\\Documents\\GitHub\\tcl-1.0\\src\\hooks"
2026-03-09T07:02:53.308773Z  INFO get_globs:scan_sources: tailwindcss_oxide::scanner: Discovering "C:\\Users\\user1\\Documents\\GitHub\\tcl-1.0\\src\\lib"
2026-03-09T07:02:53.309975Z  INFO get_globs:scan_sources: tailwindcss_oxide::scanner: Discovering "C:\\Users\\user1\\Documents\\GitHub\\tcl-1.0\\src\\lib\\db"
2026-03-09T07:02:53.311539Z  INFO get_globs:scan_sources: tailwindcss_oxide::scanner: Discovering "C:\\Users\\user1\\Documents\\GitHub\\tcl-1.0\\src\\lib\\email"
2026-03-09T07:02:53.313146Z  INFO get_globs:scan_sources: tailwindcss_oxide::scanner: Discovering "C:\\Users\\user1\\Documents\\GitHub\\tcl-1.0\\src\\lib\\validation"
2026-03-09T07:02:53.314386Z  INFO get_globs:scan_sources: tailwindcss_oxide::scanner: Discovering "C:\\Users\\user1\\Documents\\GitHub\\tcl-1.0\\src\\types"
2026-03-09T07:02:53.316099Z  INFO get_globs:scan_sources: tailwindcss_oxide::scanner: exit
2026-03-09T07:02:53.367216Z  INFO get_globs: tailwindcss_oxide::scanner: exit
